,wl [10^-6m],omega [10^9Hz],Energy [eV]
0,0.46100433,4.08597369857427,2.68977950814475
1,0.4616293,4.080441963516729,2.6861379899412796
2,0.46225427,4.074925186324083,2.682506318438118
3,0.46287921,4.069423570155275,2.6788846273739537
4,0.46350415,4.063936789581827,2.6752727025205707
5,0.46412912,4.058464522348551,2.6716703317387194
6,0.46475405999999997,4.053007234210828,2.6680778216332315
7,0.46537903,4.047564341927597,2.664494788258938
8,0.46600397,4.042136309072331,2.6609215367843326
9,0.46662891,4.036722815371326,2.6573578563745652
10,0.46725388,4.031323543656509,2.6538035382392113
11,0.46787881,4.025939040301597,2.6502589420538194
12,0.46850375000000005,4.020568815743424,2.6467237455409904
13,0.46912869,4.015212898850534,2.6431979677047677
14,0.46975363,4.00987123252002,2.639681570954545
15,0.47037857000000005,4.004543759952442,2.6361745178994864
16,0.47100351,3.9992304246498143,2.632676771347203
17,0.47162845,3.9939311704136022,2.6291882943024323
18,0.47225339000000005,3.988645941342746,2.6257090499657396
19,0.47287833,3.9833746818316946,2.6222390017322215
20,0.47350327,3.9781173365684537,2.6187781131902215
21,0.4741282,3.972873934325892,2.6153264032808003
22,0.47475313999999996,3.9676442525664037,2.611883725508377
23,0.47537808000000004,3.962428320861687,2.6084500993398767
24,0.47600299,3.957226334458221,2.605025653305245
25,0.47662793,3.952037740022607,2.6016100231474057
26,0.47725287,3.9468627340236906,2.5982033382009835
27,0.47787778,3.9417015106014204,2.594805726267499
28,0.47850272000000005,3.9365535211771694,2.5914168262199215
29,0.47912762,3.931419289309294,2.588036982714543
30,0.47975256000000005,3.926298105233358,2.5846657285163834
31,0.48037747000000003,3.921190490696521,2.581303407089429
32,0.48100238,3.9160961476091933,2.5779498222025428
33,0.48162732,3.9110147806998423,2.574604779479702
34,0.48225223,3.905946826433241,2.5712685662438513
35,0.48287714,3.900891989438252,2.5679409880534
36,0.48350204,3.895850299429663,2.5646220644694693
37,0.48412695000000006,3.890821544449969,2.561311655961313
38,0.48475186000000003,3.8858057549461558,2.5580097825720562
39,0.48537677,3.880802880840081,2.554716411335466
40,0.48600168000000005,3.875812872311168,2.551431509454864
41,0.48662659,3.870835679794754,2.5481550443020384
42,0.4872515,3.865871253980446,2.544886983416162
43,0.4878764,3.8609196249477393,2.5416273465984416
44,0.48850128000000004,3.855980822217811,2.5383761532825457
45,0.48912619,3.851054402359549,2.535133111559616
46,0.4897511,3.846140554475229,2.5318983459148945
47,0.49037598000000004,3.8412394654992137,2.528671979406495
48,0.49100089,3.836350617019967,2.5254536707662587
49,0.49162576,3.8314745087988333,2.5222437489850003
50,0.49225067,3.826610469232786,2.519041771949239
51,0.49287555,3.821758996381243,2.51584806752942
52,0.49350043,3.816919809591358,2.5126624509729405
53,0.49412531000000004,3.8120928622515877,2.5094848915956156
54,0.49475018,3.807278184939424,2.5063154095264806
55,0.49537506000000003,3.802475577411695,2.5031538729462883
56,0.49599994,3.7976850709071726,2.5000003024193918
57,0.49662482,3.792906619747384,2.496854667875842
58,0.49724969,3.788140254665324,2.493716989547042
59,0.49787457,3.783385777885489,2.4905871372382005
60,0.49849945,3.778643220787612,2.487465131606464
61,0.4991243,3.7739127654350897,2.4843510925034105
62,0.49974918,3.7691939130522494,2.481244691587088
63,0.50037405,3.764486921951394,2.47814609890341
64,0.5009989,3.759791822514686,2.47505533445283
65,0.50162375,3.7551084200236797,2.4719722700530027
66,0.50224863,3.7504364468029574,2.4688967294943147
67,0.50287347,3.7457763824940953,2.465829028522821
68,0.5034983199999999,3.741127810136195,2.4627688926548954
69,0.5041231700000001,3.736490761392405,2.4597163427342563
70,0.50474802,3.731865193465947,2.4566713505879627
71,0.50537286,3.72725113752419,2.4536339367333655
72,0.50599771,3.72264840350533,2.4506039760535674
73,0.50662256,3.718057023178859,2.447581489462293
74,0.5072474100000001,3.7134769545868216,2.4445664493387946
75,0.50787225,3.70890822900612,2.441558876272527
76,0.50849707,3.704350877201423,2.438558790515745
77,0.50912192,3.699804493408678,2.435565924955657
78,0.50974673,3.695269545542456,2.4325805876184825
79,0.51037158,3.6907454120169723,2.4296023693168807
80,0.5109964,3.686232559189954,2.426631577052206
81,0.51162122,3.681730729051569,2.423668040977659
82,0.51224603,3.677239953053132,2.4207117817975083
83,0.51287085,3.67276004730792,2.417762678459889
84,0.5134956700000001,3.668291043834611,2.414820752042563
85,0.5141204800000001,3.663832974148108,2.4118860232916606
86,0.5147453000000001,3.6593856559911337,2.4089583722279735
87,0.51537012,3.654949121436945,2.406037819965193
88,0.51599493,3.650523402059112,2.403124387288069
89,0.5166197499999999,3.646108317207876,2.4002179552756164
90,0.51724451,3.641704321441426,2.3973188231616027
91,0.5178693200000001,3.637310600498313,2.3944264549210983
92,0.51849414,3.6329273987722464,2.3915410114374676
93,0.5191189,3.628555167821578,2.3886627899696964
94,0.51974371,3.6241930995352565,2.385791258541638
95,0.5203685299999999,3.619841436815661,2.3829265770549193
96,0.52099329,3.615500628249652,2.3800690408124066
97,0.52161804,3.6111702871872553,2.3772183952840282
98,0.52224286,3.606849823296489,2.3743742518566937
99,0.52286761,3.602540167498333,2.3715372233518153
100,0.52349243,3.5982403170736457,2.368706649683549
101,0.52411719,3.5939511301067095,2.3658830957252137
102,0.52474194,3.5896722249966397,2.3630663102705305
103,0.5253667000000001,3.5854034283270195,2.360256179160194
104,0.52599146,3.581144772405341,2.3574527236620915
105,0.52661621,3.5768962890619207,2.354655964729988
106,0.52724103,3.5726573998022366,2.351865521543344
107,0.52786578,3.5684290186585943,2.349081995805828
108,0.5284904800000001,3.5642109718019004,2.3463052730864704
109,0.52911523,3.56000254861092,2.3435348855862643
110,0.52973999,3.5558039847224916,2.3407709884239623
111,0.5303647499999999,3.5516153124973964,2.338013602902531
112,0.5309895,3.5474365638281986,2.3352627500167142
113,0.53161426,3.5432675701905607,2.33251831882764
114,0.5322389500000001,3.539108829424929,2.329780637061605
115,0.53286371,3.534959375088338,2.327049068513223
116,0.5334884,3.5308201027592223,2.324324202738054
117,0.53411316,3.5266900506792482,2.3216054066145833
118,0.53473785,3.5225701103986813,2.3188932670466476
119,0.5353626100000001,3.5184593248095024,2.3161871539740138
120,0.5359873,3.514358581460518,2.313487651666373
121,0.5366120600000001,3.5102669278600507,2.3107941331024127
122,0.53723676,3.5061851823185988,2.3081071369725334
123,0.53786145,3.5021129833879217,2.3054264253368597
124,0.53848615,3.498050167694848,2.3027518906475124
125,0.5391108400000001,3.4939968324674253,2.3000835969093103
126,0.5397355300000001,3.489952879901853,2.297421479738419
127,0.54036023,3.485918212946302,2.2947654752460225
128,0.54098492,3.481892928381171,2.292115647142253
129,0.54160962,3.4778768650912317,2.289471889365628
130,0.5422343100000001,3.4738701195592965,2.2868342654303815
131,0.54285901,3.4698725315599956,2.284202669860817
132,0.5434837,3.4658841972792436,2.281577165975723
133,0.54410834,3.461905339125759,2.2789579001858344
134,0.54473303,3.457935288610741,2.276344432427753
135,0.54535767,3.453974649900593,2.27373716042171
136,0.54598236,3.4500227577111713,2.271135646213918
137,0.54660699,3.4460802766332232,2.2685403273017055
138,0.5472316899999999,3.442146355429185,2.2659506433189205
139,0.54785632,3.4382218449334556,2.2633671543663128
140,0.54848102,3.434305834883499,2.260789261221838
141,0.54910565,3.4303991723794014,2.258217521527961
142,0.54973029,3.4265013254206047,2.2556515850709267
143,0.55035492,3.4226123885816326,2.25309151410875
144,0.55097955,3.4187322692990203,2.250537247707288
145,0.55160419,3.414860875710268,2.247988725393837
146,0.5522288200000001,3.4109983019518126,2.2454460091380235
147,0.55285345,3.4071444562909994,2.242909038552622
148,0.5534780899999999,3.4032992476881123,2.2403777537065652
149,0.5541027199999999,3.399462769843204,2.2378522162822088
150,0.5547272900000001,3.395635299119416,2.23533260820826
151,0.55535193,3.3918160099107837,2.232818385991744
152,0.55597656,3.3880053635873666,2.230309853350652
153,0.55660114,3.3842035740509857,2.227807151095666
154,0.5572257700000001,3.3804100038461127,2.225309859592459
155,0.55785034,3.3766252922044524,2.2228183996446074
156,0.55847491,3.372849045821688,2.2203325123415123
157,0.55909955,3.369080814514791,2.2178519013295577
158,0.5597241199999999,3.3653214146084203,2.215377103991874
159,0.5603486900000001,3.3615703952281084,2.212907823519673
160,0.56097327,3.3578276685248363,2.2104440020823097
161,0.56159784,3.354093326478701,2.207985700229901
162,0.56222241,3.3503672813555285,2.2055328602074047
163,0.56284698,3.3466495055349736,2.203085463832461
164,0.56347156,3.342939912191581,2.200643453948235
165,0.56409613,3.339238592735698,2.198206890729777
166,0.56472064,3.335545814845466,2.1957759503884966
167,0.5653452099999999,3.3318608418188482,2.1933501479565027
168,0.56596979,3.3281839430137303,2.190929660750974
169,0.5665943,3.3245155613264257,2.1885147803287115
170,0.56721887,3.320854906164975,2.186104986246314
171,0.56784338,3.317202654205202,2.1837007239566657
172,0.5684679,3.3135583685707726,2.1813017058658897
173,0.5690924700000001,3.3099217905815075,2.1789077616858994
174,0.56971698,3.3062935342191366,2.176519295598316
175,0.57034149,3.302673223560946,2.17413606013478
176,0.570966,3.29906083253443,2.171758038131868
177,0.57159052,3.2954562775268794,2.1693851745476813
178,0.57221503,3.291859648127127,2.167017528358177
179,0.57283954,3.288270860822305,2.1646550445871804
180,0.57346405,3.2846898899919763,2.162297706368865
181,0.5740885,3.2811170530481855,2.1599457226542595
182,0.5747130100000001,3.27755163800599,2.1575986247466363
183,0.57533752,3.2739939632458754,2.155256622234545
184,0.5759619800000001,3.2704442875011526,2.152919885441049
185,0.5765864900000001,3.2669020172651857,2.150588023663197
186,0.5772109400000001,3.2633677513264963,2.1482614310809836
187,0.57783539,3.259841124145846,2.1459398670614482
188,0.57845984,3.256322110985014,2.143623315319522
189,0.57908435,3.252810350182755,2.1413115377751097
190,0.5797088,3.249306491998833,2.139004962491513
191,0.58033325,3.2458101742556593,2.1367033510487294
192,0.5809577,3.242321372638409,2.1344066874404106
193,0.58158215,3.2388400629366862,2.1321149557289543
194,0.58220654,3.235366554468545,2.1298283595371497
195,0.58283099,3.231900155667517,2.1275464436096643
196,0.5834554399999999,3.2284411767741052,2.1252694121765323
197,0.5840798300000001,3.2249899252793117,2.1229974676578025
198,0.5847042800000001,3.22154571420078,2.120730157815845
199,0.58532867,3.2181091818189143,2.118467902827996
200,0.58595313,3.214679589319462,2.1162102163359036
201,0.58657751,3.2112577369508304,2.1139576251397703
202,0.5872019,3.2078431069600644,2.111709788404976
203,0.58782629,3.204435731019879,2.1094667269815375
204,0.58845068,3.2010355860390085,2.1072284256685707
205,0.58907507,3.1976426490240932,2.1049948693296425
206,0.5896994600000001,3.1942568970791543,2.102766042892425
207,0.59032385,3.190878307405085,2.100541931348361
208,0.59094824,3.187506857299132,2.098322519752322
209,0.59157263,3.1841425241543937,2.0961077932222794
210,0.59219696,3.180785607728978,2.0938979490877494
211,0.59282135,3.177435440388328,2.091692547847678
212,0.5934456800000001,3.174092643675244,2.089491998661107
213,0.59407007,3.1707565528572297,2.0872958639373973
214,0.5946944,3.1674277869589043,2.0851045511778823
215,0.59531873,3.1641060030294246,2.0829178346194483
216,0.59594305,3.1607912321636324,2.0807357347316997
217,0.59656738,3.1574833463218406,2.0785581672266424
218,0.5971917099999999,3.154182376893432,2.0763851527677772
219,0.5978160400000001,3.1508883022089087,2.074216677090163
220,0.59844037,3.1476011006892017,2.0720527259883887
221,0.5990647,3.1443207508451976,2.0698932853162604
222,0.5996889599999999,3.141047597922852,2.067738582347756
223,0.6003132900000001,3.1377808865581716,2.065588119829897
224,0.60093756,3.134521275902364,2.063442331679185
225,0.6015618899999999,3.1312681182460764,2.0613007915112442
226,0.60218616,3.1280220178239455,2.059163897091225
227,0.6028104200000001,3.1247826925567295,2.0570314627275352
228,0.60343469,3.121550017797043,2.054903406365318
229,0.60405902,3.118323714972178,2.0527795446213184
230,0.6046832900000001,3.115104383501077,2.0506602720905347
231,0.6053075,3.111892000857173,2.048545573943822
232,0.60593176,3.108685980264268,2.0464350639088464
233,0.60655603,3.105486507666659,2.044328864391967
234,0.6071803,3.1022936141189907,2.0422269958363275
235,0.6078045,3.0991076362693155,2.0401296798559407
236,0.60842877,3.095927839357191,2.038036432761061
237,0.6090529800000001,3.0927548656093156,2.0359476773268557
238,0.60967719,3.0895883890766083,2.033863198982399
239,0.61030145,3.086428136962239,2.0317828181466715
240,0.61092566,3.083274595650235,2.0297068550042567
241,0.61154987,3.0801274919882706,2.027635129740114
242,0.61217407,3.0769868565469514,2.0255676624787458
243,0.61279828,3.073852569084974,2.023504374065802
244,0.61342249,3.07072466043567,2.021445284798736
245,0.61404663,3.067603460846049,2.019390612077783
246,0.61467084,3.0644882508317024,2.017339882269346
247,0.61529498,3.061379709791965,2.015293542619184
248,0.61591919,3.0582771212386697,2.013251121466113
249,0.61654333,3.055181161896364,2.011213064295092
250,0.61716748,3.052091414973539,2.0091790967340017
251,0.61779169,3.0490076150244967,2.0071490440410424
252,0.61841583,3.045930385237476,2.005123316458442
253,0.61903998,3.042859311459743,2.003101641351177
254,0.61966412,3.039794473349293,2.001084071157775
255,0.6202882100000001,3.036736047762141,1.9990707223018147
256,0.62091235,3.0336835260385033,1.997061259934675
257,0.6215365,3.0306370861708896,1.9950558012280855
258,0.62216058,3.0275970993032915,1.9930545905045929
259,0.62278473,3.0245628650992344,1.991057166735607
260,0.62340881,3.0215350458535437,1.9890639659070586
261,0.6240329,3.018513234332442,1.9870747199386443
262,0.6246570400000001,3.0154972195764462,1.9850892899566133
263,0.62528113,3.0124874667317294,1.9831079821647586
264,0.62590521,3.0094837640173235,1.981130657148548
265,0.62652924,3.0064862851554275,1.9791574292685845
266,0.62715332,3.003494531941333,1.977187970558778
267,0.6277773999999999,3.000508726992806,1.9752224275674788
268,0.62840149,2.9975288048869095,1.9732607572270395
269,0.6290255100000001,2.994555129105738,1.971303198816213
270,0.6296496,2.991587014918858,1.9693493015797991
271,0.6302736200000001,2.988625110644569,1.9673994923030411
272,0.63089764,2.9856690656012805,1.9654535401337052
273,0.63152167,2.9827188151894344,1.9635114025461706
274,0.63214569,2.979774436663253,1.9615731303965704
275,0.63276971,2.976835865466527,1.959638681187821
276,0.63339374,2.973903037483214,1.9577080127125979
277,0.63401776,2.970976029612882,1.955781175593567
278,0.63464172,2.9680550583860974,1.9538583123719002
279,0.6352657500000001,2.9651394984049637,1.9519390113507613
280,0.63588971,2.962229986877525,1.9500236920015577
281,0.63651373,2.9593259006508044,1.9481119441052748
282,0.6371377,2.9564277350231403,1.9462040937147496
283,0.63776166,2.953535286691353,1.944300006996344
284,0.63838562,2.9506484925347367,1.9423996423979601
285,0.6390095800000001,2.9477673359902568,1.9405029890162209
286,0.6396335400000001,2.9448918005595095,1.9386100359902951
287,0.6402575100000001,2.942021823857799,1.9367207422525974
288,0.64088141,2.9391577566727256,1.9348353387251473
289,0.64150537,2.936298985788464,1.932953421730515
290,0.6421292700000001,2.9334460447642465,1.931075342508526
291,0.6427532300000001,2.930598368690972,1.9292007291818665
292,0.64337714,2.927756443613855,1.9273299017120813
293,0.64400104,2.9249200704844407,1.9254627290664001
294,0.64462494,2.9220891877203092,1.9235991707053717
295,0.6452488399999999,2.9192637793953313,1.921739216144891
296,0.6458727400000001,2.916443829644913,1.9198828549413618
297,0.64649664,2.9136293226657037,1.9180300766915046
298,0.6471204800000001,2.910820512602001,1.916181048697454
299,0.64774438,2.908016843478986,1.9143354049632975
300,0.6483682300000001,2.9052187941239085,1.9124934606990225
301,0.64899213,2.902425900463313,1.910654910407003
302,0.6496159699999999,2.899638639285382,1.9088200679549183
303,0.6502398100000001,2.8968567263035663,1.9069887461981139
304,0.65086365,2.8940801461394456,1.9051609350130398
305,0.65148749,2.8913088834735006,1.90333662431492
306,0.65211133,2.8885429230448323,1.901515804057568
307,0.65273511,2.8857825149145926,1.8996986388552013
308,0.6533589500000001,2.883027112904557,1.897884769160964
309,0.65398273,2.880277231952063,1.8960745339559655
310,0.65460657,2.877532328019337,1.8942675751024007
311,0.6552303500000001,2.874792914139055,1.8924642303275478
312,0.65585413,2.872058711147939,1.8906643158593817
313,0.65647791,2.8693297041919554,1.8888678219195525
314,0.65710168,2.8666059220984694,1.8870747674849955
315,0.65772546,2.8638872627932837,1.8852850853606915
316,0.6583492400000001,2.8611737552987124,1.8834987946519084
317,0.6589729599999999,2.858465645250229,1.8817160570594582
318,0.65959674,2.8557623970501327,1.8799365200015996
319,0.66022046,2.8530645162206167,1.8781605162614923
320,0.6608441800000001,2.8503717280355754,1.876387864988082
321,0.6614679,2.8476840180889402,1.8746185566979139
322,0.66209167,2.845001157179418,1.8728524405087288
323,0.66271533,2.8423238184468334,1.871089959545677
324,0.66333905,2.8396512572399484,1.869330623607942
325,0.66396277,2.836983717187717,1.867574593075452
326,0.66458649,2.8343211841529508,1.8658218586417548
327,0.66521014,2.831663942027181,1.8640726071914657
328,0.6658338,2.8290116351991337,1.8623266046271607
329,0.66645752,2.8263640378892463,1.8605837023190914
330,0.66708118,2.8237216455557226,1.8588442264253353
331,0.66770483,2.8210842316489653,1.8571080278092342
332,0.66832849,2.818451697770438,1.855375041695439
333,0.66895215,2.8158240724823944,1.853645286886364
334,0.66957574,2.8132016361716645,1.8519189479594946
335,0.6701994,2.810583786420658,1.8501956283458325
336,0.670823,2.807971055418275,1.8484756783831207
337,0.67144666,2.805362926831527,1.846758758171498
338,0.67207025,2.802759930690063,1.8450452166272797
339,0.67269385,2.8001617188991,1.8433348246011168
340,0.67331744,2.797568361379223,1.8416276281214399
341,0.6739410400000001,2.7949797615958403,1.8399235636399287
342,0.67456464,2.7923959478647635,1.8382226497967635
343,0.67518823,2.789816948243978,1.8365249050624002
344,0.67581177,2.7872429142642083,1.8348304291888848
345,0.6764353,2.784673666955071,1.8331391043607572
346,0.6770589,2.7821088642492597,1.8314507053965319
347,0.67768243,2.7795490688888793,1.8297656027469977
348,0.67830597,2.776993938751347,1.8280835711942796
349,0.6789295,2.774443542825659,1.8264046561535476
350,0.67955304,2.7718977863874366,1.8247287952681366
351,0.68017657,2.769356738219979,1.823056033817807
352,0.6808000500000001,2.7668205478375816,1.8213864702271978
353,0.68142358,2.764288795683961,1.8197198283041511
354,0.68204706,2.7617618750660005,1.8180563669609542
355,0.68267053,2.759239610517321,1.8163959706888182
356,0.68329401,2.7567219084927337,1.8147385779073344
357,0.68391748,2.7542088371668076,1.8130842334955382
358,0.6845409499999999,2.7517003435789396,1.8114329025896845
359,0.68516443,2.749196375107875,1.8097845505494206
360,0.6857878399999999,2.7466972399348077,1.8081393802491454
361,0.68641132,2.7442023644202913,1.806497014064395
362,0.6870347299999999,2.741712296420377,1.8048578126465311
363,0.6876582,2.739226504255825,1.8032214259933206
364,0.68828162,2.7367454143390506,1.801588134810283
365,0.68890503,2.734268854603737,1.7999578258268776
366,0.68952844,2.7317967730364443,1.798330464802873
367,0.69015179,2.7293293947826363,1.7967061999505933
368,0.6907752100000001,2.7268661932857334,1.795084684640029
369,0.6913986200000001,2.724407473229919,1.7934661194435126
370,0.69202197,2.721953419063926,1.791850625782878
371,0.69264532,2.719503781977265,1.790238039867215
372,0.6932686800000001,2.7170585108631378,1.7886283280531292
373,0.69389203,2.7146176723039366,1.7870215341715339
374,0.69451538,2.7121812152077225,1.7854176245888176
375,0.69513873,2.7097491277875614,1.7838165915456903
376,0.69576208,2.7073213982987596,1.7822184273106694
377,0.69638538,2.7048982092485243,1.7806232520274907
378,0.6970086700000001,2.702479392844357,1.77903095523905
379,0.69763202,2.7000646663392156,1.777441350814144
380,0.6982553100000001,2.6976544830126006,1.7758547371447844
381,0.6988786,2.6952485986963306,1.7742709534960721
382,0.6995018900000001,2.6928470018985267,1.7726899923029513
383,0.70012512,2.6904499117369953,1.7711119978097627
384,0.7007484100000001,2.6880568552540174,1.7695366586704062
385,0.7013717,2.6856680520597753,1.767964119453351
386,0.70199493,2.6832837201671147,1.7663945236755485
387,0.70261816,2.6809036181314374,1.7648277123950227
388,0.7032413900000001,2.6785277347069303,1.7632636782087014
389,0.7038646199999999,2.6761560586876114,1.7617024137397332
390,0.70448785,2.67378857890715,1.7601439116373687
391,0.70511108,2.671425284238695,1.7585881645768493
392,0.70573425,2.669066390512935,1.7570353146386193
393,0.70635748,2.666711432444735,1.755485055527408
394,0.70698065,2.6643608524630102,1.7539376784923322
395,0.7076038200000001,2.662014412682019,1.7523930269341959
396,0.70822699,2.659672102172854,1.7508510936585457
397,0.70885016,2.657333910045041,1.749311871496227
398,0.70947333,2.654999825446368,1.7477753533032736
399,0.71009644,2.652670061701553,1.7462416795104618
400,0.7107196,2.6503441966548458,1.7447105722144147
401,0.71134271,2.648022592807415,1.7431822700481459
402,0.71196582,2.6457050526791486,1.7416566430113176
403,0.71258899,2.6433913430361216,1.7401335375670062
404,0.71321204,2.6410821209760464,1.7386133862799062
405,0.71383514,2.638776745158347,1.7370957669581801
406,0.7144582500000001,2.6364753536107295,1.735580770464894
407,0.71508136,2.6341779728517234,1.7340684142570855
408,0.7157044100000001,2.6318848130457275,1.7325588366851057
409,0.71632745,2.629595679055512,1.7310519092909256
410,0.7169505,2.627310486998549,1.7295475768550268
411,0.71757355,2.6250292632843744,1.728045856762697
412,0.71819659,2.622752034103717,1.7265467662551837
413,0.7188196400000001,2.6204787160640923,1.7250502504355611
414,0.7194426899999999,2.6182093354911333,1.723556326633884
415,0.72006567,2.6159441364686264,1.722065155529495
416,0.7206886600000001,2.613682817360902,1.720576538556885
417,0.72131165,2.611425404412716,1.7190904929928694
418,0.72193463,2.6091719236530504,1.717607035972218
419,0.72255762,2.606922292659308,1.716126113236478
420,0.7231806000000001,2.604676573609487,1.7146477657171664
421,0.72380359,2.6024346843994692,1.7131719393654843
422,0.72442651,2.6001969023867626,1.711698816764726
423,0.7250495,2.5979627146958286,1.710228060291056
424,0.72567242,2.5957326134963945,1.7087599939377605
425,0.72629535,2.593506301959462,1.7072944223035436
426,0.72691827,2.5912838417293504,1.7058313859686043
427,0.72754114,2.589065365168014,1.7043709720662668
428,0.72816406,2.586850506338988,1.7029129397020775
429,0.7287869899999999,2.5846393982813187,1.7014573764550875
430,0.72940985,2.58243231471148,1.700004462511714
431,0.7300327099999999,2.5802289972854138,1.6985540278051379
432,0.73065558,2.5780294010877918,1.697106042767784
433,0.7312784400000001,2.5758335871475344,1.6956605475747375
434,0.73190131,2.573641475390792,1.6942174895137159
435,0.73252411,2.5714533372954143,1.6927770472974604
436,0.7331469700000001,2.56926870653077,1.6913389139424526
437,0.73376978,2.5670879595352822,1.6899033372565437
438,0.73439258,2.5649109462800586,1.688470218476336
439,0.7350153800000001,2.562737622318669,1.6870395283429305
440,0.73563818,2.5605679782809165,1.6856112606879647
441,0.73626099,2.558401970079731,1.6841853864891034
442,0.73688379,2.5562396579640505,1.6827619454079725
443,0.73750653,2.5540812056387527,1.6813410452108133
444,0.7381292700000001,2.551926395370899,1.6799225425649356
445,0.73875208,2.5497749763477526,1.6785062723613582
446,0.73937482,2.547627423001575,1.677092546916867
447,0.7399975,2.5454836905649723,1.6756813367612728
448,0.7406202399999999,2.5433433567908614,1.674272363931075
449,0.74124298,2.541206619331293,1.6728657585397975
450,0.7418656600000001,2.5390736744828613,1.6714616498086727
451,0.74248834,2.5369443071777438,1.6700598961594468
452,0.7431110200000001,2.5348185084226755,1.6686604916718903
453,0.7437337,2.53269626925451,1.6672634304456015
454,0.7443563799999999,2.5305775807400934,1.665868706599922
455,0.74497906,2.5284624339761352,1.6644763142738535
456,0.74560168,2.526351023389396,1.6630863814577241
457,0.7462243700000001,2.524242899369332,1.6616986121747803
458,0.74684698,2.5221385608452924,1.6603133348681411
459,0.7474696000000001,2.520037694253858,1.6589303431203086
460,0.74809222,2.517940324668599,1.6575496534371124
461,0.74871484,2.5158464433653447,1.6561712600754648
462,0.7493374,2.513756242927222,1.6547952898120393
463,0.74996002,2.5116693117972515,1.653421471720586
464,0.75058258,2.5095860435621264,1.6520500648975893
465,0.75120514,2.5075062283371135,1.650680931176802
466,0.7518277000000001,2.5054298575442924,1.649314064911415
467,0.7524502599999999,2.503356922634133,1.6479494604733078
468,0.75307281,2.5012874482997907,1.6465871341178815
469,0.75369531,2.4992215585219086,1.6452271674610792
470,0.75431787,2.497158879861687,1.6438693146696897
471,0.75494037,2.4950998014702184,1.6425138319202615
472,0.75556287,2.493044115983165,1.6411605827057119
473,0.7561853599999999,2.490991847962851,1.6398095831953161
474,0.7568078,2.4889431204446537,1.6384609143827533
475,0.7574303,2.4868975631273966,1.6371143325002975
476,0.7580528000000001,2.484855365363538,1.6357699621978836
477,0.75867523,2.4828167479632266,1.6344279488339166
478,0.75929767,2.480781440181231,1.633088114177935
479,0.7599201000000001,2.47874949920242,1.6317504958745002
480,0.7605425400000001,2.47672085155007,1.6304150455541906
481,0.76116492,2.474695716808459,1.6290819077684242
482,0.76178735,2.47267372884159,1.6277508414913953
483,0.76240973,2.470655204398891,1.626422055237936
484,0.7630321,2.468640005196182,1.6250954579761454
485,0.76365448,2.46662805842356,1.6237710017755673
486,0.7642768600000001,2.464619388461994,1.6224487026860919
487,0.76489923,2.4626140195079724,1.6211285766361667
488,0.7655215500000001,2.460612072003529,1.6198107029122824
489,0.76614392,2.4586132163116994,1.6184948645157948
490,0.76676624,2.456617765681563,1.6171812676572719
491,0.7673885500000001,2.4546255834920303,1.6158698223996173
492,0.76801086,2.4526366297852262,1.6145605024387286
493,0.76863318,2.4506508648362706,1.613253281623882
494,0.7692554300000001,2.448668535636925,1.6119483225487272
495,0.76987775,2.446689188392382,1.610645326482029
496,0.7705,2.4447132606214836,1.609344581440623
497,0.77112225,2.4427405217640303,1.6080459356476875
498,0.77174451,2.4407709324797833,1.6067493632057066
499,0.77236676,2.43880454838431,1.6054549007261782
500,0.77298895,2.4368415192854354,1.6041626468269694
501,0.77361121,2.434881427466457,1.6028723265269127
502,0.7742334,2.4329247063080115,1.6015842251186787
503,0.77485559,2.43097112754759,1.600298192338007
504,0.7754777800000001,2.4290206836214607,1.5990142232057245
505,0.77609998,2.4270733357174588,1.5977322921719441
506,0.77672211,2.4251293262513838,1.5964525588179792
507,0.7773443,2.4231882414380004,1.5951747507507292
508,0.77796643,2.4212504481830317,1.5938991095027069
509,0.7785885600000001,2.4193157517095463,1.5926255068530673
510,0.77921069,2.4173841446000353,1.591353937918896
511,0.77983282,2.41545561946066,1.5900843978328587
512,0.7804549,2.4135303235444523,1.588816983531015
513,0.7810770300000001,2.411607940011823,1.58755148643918
514,0.7816991000000001,2.4096888013672433,1.5862881254436647
515,0.7823211700000001,2.407772714764772,1.5850267735947883
516,0.7829432399999999,2.4058596729296156,1.5837674261035832
517,0.78356531,2.4039496686100783,1.5825100781962897
518,0.78418732,2.4020428783633645,1.5812548460997813
519,0.78480939,2.4001389271207025,1.5800014829078433
520,0.7854314000000001,2.3982381749811035,1.578750225672159
521,0.78605341,2.3963404310005516,1.5775009486950766
522,0.78667542,2.3944456880435556,1.5762536472793316
523,0.78729742,2.3925539693866305,1.5750083367477565
524,0.78791937,2.3906653891613976,1.5737650922327242
525,0.7885413800000001,2.388779606352241,1.5725236892450716
526,0.7891633299999999,2.386896977725579,1.5712843626426485
527,0.7897852799999999,2.3850173142108364,1.5700469879610823
528,0.79040723,2.3831406088085165,1.5688115605926327
529,0.79102911,2.38126706526496,1.5675782146626691
530,0.7916510600000001,2.3793962548459837,1.56634666793726
531,0.7922729500000001,2.3775285617271837,1.5651171733176046
532,0.7928949000000001,2.37566361860677,1.5638894890104602
533,0.79351678,2.3738018083358656,1.5626638670451303
534,0.79413861,2.371943063326002,1.5614402629284074
535,0.7947605,2.3700870479960354,1.5602184557486187
536,0.79538239,2.3682339350118795,1.5589985591710172
537,0.79600421,2.3663839256690027,1.557780705707574
538,0.79662604,2.3645367747567643,1.5565647339371431
539,0.7972478599999999,2.3626925349274104,1.5553506785204794
540,0.79786969,2.3608511401264702,1.5541384959741986
541,0.7984914599999999,2.3590127905799436,1.5529283181062452
542,0.79911328,2.3571771542938857,1.5517199263663843
543,0.79973505,2.3553445197992176,1.5505135106933228
544,0.80035681,2.3535147621332206,1.5493089888246219
545,0.80097858,2.3516878158075754,1.548106317649593
546,0.80160034,2.3498637329780236,1.5469055315021447
547,0.80222205,2.3480426239952554,1.5457067030256773
548,0.8028438099999999,2.346224189371098,1.5445096350683705
549,0.8034655199999999,2.3444087150234565,1.5433145158487946
550,0.80408722,2.342596077212685,1.542121263909654
551,0.80470892,2.3407862402082644,1.5409298557296964
552,0.80533057,2.338979342742265,1.5397403826356673
553,0.80595227,2.3371750876870823,1.5385526490297
554,0.80657391,2.335373787764661,1.5373668607753503
555,0.80719556,2.3335752333782076,1.53618287989592
556,0.8078172,2.3317794759864645,1.535000740266486
557,0.80843884,2.329986480249827,1.533820418623133
558,0.80906042,2.3281964124618195,1.5326420244361971
559,0.8096820699999999,2.3264088919603387,1.5314653071173974
560,0.8103036499999999,2.3246243149822337,1.5302905275078054
561,0.81092523,2.322842473786212,1.5291175488521918
562,0.8115468100000001,2.3210633620861043,1.527946367012397
563,0.8121684,2.3192869450582574,1.5267769590641547
564,0.81278992,2.3175134446904226,1.525609471141079
565,0.81341144,2.3157426545523543,1.5244437673509976
566,0.81403296,2.3139745684362136,1.5232798436073154
567,0.8146544800000001,2.3122091801531037,1.5221176958359082
568,0.815276,2.3104464835330036,1.5209573199750759
569,0.81589752,2.3086864724246903,1.519798711975494
570,0.8165189800000001,2.3069293102149975,1.5186419793940367
571,0.8171404400000001,2.3051748207552336,1.5174870062727526
572,0.8177618999999999,2.303422997951914,1.516333788600325
573,0.81838336,2.301673835730058,1.5151823223776202
574,0.81900482,2.299927328033128,1.5140326036176441
575,0.81962622,2.2981836370594064,1.5128847390948523
576,0.82024762,2.2964425880429298,1.5117386137615372
577,0.82086902,2.2947041749837913,1.5105942236679855
578,0.8214904199999999,2.292968391900241,1.5094515648764353
579,0.8221118199999999,2.2912352328286114,1.5083106334610297
580,0.8227332199999999,2.289504691823254,1.5071714255077728
581,0.82335455,2.2877769574587923,1.5060340651545558
582,0.82397589,2.2860518009924453,1.5048984018209561
583,0.82459723,2.284329244361945,1.503764449948492
584,0.82521857,2.2826092816947314,1.5026322056712806
585,0.82583984,2.2808921004693277,1.5015017924056557
586,0.82646118,2.2791773078910413,1.5003729515765036
587,0.82708246,2.277465256981575,1.4992459155765436
588,0.82770374,2.275755776225988,1.4981205714982029
589,0.82832501,2.2740488872946782,1.4969969336070148
590,0.82894623,2.272344693948187,1.4958750702081123
591,0.8295675,2.270642916108518,1.4947547969273145
592,0.83018872,2.2689438219647857,1.4936362903124003
593,0.83080994,2.2672472687421785,1.4925194563753053
594,0.83143115,2.2655532779940386,1.4914043093045046
595,0.83205231,2.2638619527525297,1.4902909169256437
596,0.8326735200000001,2.262173015071805,1.4891790962681266
597,0.83329468,2.2604867311871635,1.488069022593544
598,0.83391583,2.2588029865182597,1.486960620474131
599,0.8345369899999999,2.257121721241923,1.4858538505285428
600,0.83515814,2.2554429838986585,1.484748744710792
601,0.8357792399999999,2.253766876656153,1.4836453702774433
602,0.83640039,2.2520931240943747,1.4825435459206326
603,0.83702148,2.250422017017835,1.4814434630757625
604,0.83764258,2.24875336125923,1.480344993923303
605,0.8382636099999999,2.2470873658810664,1.4792482760882344
606,0.8388846999999999,2.245423676589707,1.478153076340527
607,0.83950574,2.243762582622548,1.4770595850839567
608,0.84012677,2.2421039711766992,1.4759677280608496
609,0.8407478,2.2404478100434555,1.4748774840683496
610,0.84136884,2.2387940671880044,1.4737888320180719
611,0.84198987,2.2371427904576255,1.4727018034076822
612,0.8426108400000001,2.2354941069935124,1.4716164819337
613,0.84323181,2.2338478517655225,1.4705327589574686
614,0.8438527800000001,2.2322040194130226,1.4694506309501048
615,0.84447375,2.230562604591147,1.4683700943931057
616,0.8450946699999999,2.2289237338449355,1.4672912325905452
617,0.84571564,2.227287137918903,1.4662138682926569
618,0.84633655,2.225653101368307,1.4651381888209838
619,0.8469574599999999,2.22402146066327,1.4640640865244874
620,0.8475783100000001,2.2223923678613877,1.4629916615020504
621,0.84819922,2.2207655028365307,1.461920703015973
622,0.84882007,2.219141174770824,1.4608514145995628
623,0.84944098,2.2175190644897462,1.4597835861415587
624,0.85006177,2.2158996366921113,1.458717523551259
625,0.8506826200000001,2.2142824162892305,1.4576529140797538
626,0.85130347,2.2126675547426737,1.456589857433566
627,0.85192426,2.2110552026172527,1.4555284527288845
628,0.85254504,2.2094452245113683,1.4544686108313996
629,0.85316583,2.207837563429906,1.4534102942214646
630,0.8537866199999999,2.2062322402157735,1.4523535166198787
631,0.85440735,2.20462940459121,1.4512983765881695
632,0.85502814,2.20302874161411,1.4502446668012587
633,0.8556488600000001,2.2014305813588684,1.4491926045457477
634,0.85626959,2.199834712463458,1.448142050682893
635,0.85689032,2.1982411556578834,1.4470930188591697
636,0.85751099,2.1966500596206395,1.4460456069490142
637,0.85813165,2.1950612907807945,1.444999727023237
638,0.85875238,2.193474639696315,1.4439552412070171
639,0.85937299,2.1918905867740306,1.4429124657501744
640,0.85999365,2.1903086927547117,1.4418711114901837
641,0.86061432,2.188729054971864,1.4408312425012866
642,0.86123492,2.1871518717667104,1.4397929893506873
643,0.86185553,2.1855769345807334,1.438756214745179
644,0.8624761400000001,2.184004263942714,1.4377209321987736
645,0.8630967399999999,2.182433880249453,1.4366871551386002
646,0.8637172900000001,2.1808658795157996,1.435654946770835
647,0.8643378300000001,2.1793001554830167,1.4346242371457927
648,0.86495837,2.1777366780193748,1.4335950064278817
649,0.86557892,2.176175417151856,1.4325672348859881
650,0.86619946,2.1746164183811114,1.4315409524730018
651,0.86681995,2.1730597770723357,1.4305162219674339
652,0.86744043,2.1715053877634607,1.4294929739440436
653,0.8680609100000001,2.1699532205739493,1.428471188732597
654,0.8686814,2.1684032457801594,1.4274508467661446
655,0.86930188,2.166855508593693,1.4264319778072951
656,0.8699222999999999,2.1653101286274112,1.4254146605966993
657,0.8705427200000001,2.1637669513896496,1.4243987934331355
658,0.87116315,2.162225947354239,1.4233843568796498
659,0.8717835700000001,2.16068716150369,1.4223713805480411
660,0.8724039299999999,2.159150712799807,1.4213599427503727
661,0.87302435,2.1576162993722376,1.4203498447666436
662,0.8736447100000001,2.1560842133512748,1.4193412789050137
663,0.87426508,2.1545542769578,1.4183341281342268
664,0.87488538,2.1530266825453785,1.4173285190798364
665,0.8755057399999999,2.1515011053026942,1.4163242379199024
666,0.87612604,2.1499778357333756,1.4153214758917563
667,0.8767463400000001,2.1484567215973245,1.414320132776374
668,0.87736664,2.146937758322853,1.4133202055642327
669,0.87798694,2.145420941351193,1.4123216912543142
670,0.87860718,2.1439064125436045,1.4113246832332964
671,0.8792274200000001,2.1423940205468717,1.4103290818659862
672,0.87984766,2.1408837608420224,1.409334884177563
673,0.8804679,2.1393756289228185,1.408342087201589
674,0.88108807,2.137869790143513,1.4073507997900823
675,0.88170831,2.1363659000887187,1.4063607952158237
676,0.88232849,2.1348642695520956,1.4053722780729885
677,0.88294867,2.133364748495349,1.4043851495919917
678,0.8835687900000001,2.1318674772440223,1.4033995021485535
679,0.88418896,2.1303721857247044,1.4024151579544717
680,0.88480908,2.128879110631248,1.401432272824325
681,0.8854292,2.1273881269206543,1.4004507644428261
682,0.88604932,2.125899230201828,1.3994706299193367
683,0.88666937,2.1244125838122203,1.3984919767782211
684,0.88728949,2.122927847718396,1.3975145811768828
685,0.8879095499999999,2.1214453288725785,1.3965386451806945
686,0.8885296,2.1199649030362666,1.395564087003967
687,0.8891496,2.1184866610847637,1.3945909664695344
688,0.88976965,2.117010360275666,1.393619123781082
689,0.89038965,2.1155362343990105,1.3926487128416194
690,0.89100964,2.114064183759957,1.3916796680224468
691,0.89162964,2.1125941565927007,1.390711955246351
692,0.89224963,2.1111261960499252,1.3897456029205637
693,0.89286957,2.1096603922887116,1.388780670395117
694,0.8934895,2.108196646193216,1.3878170924224627
695,0.8941094399999999,2.1067349063095153,1.3868548351306973
696,0.8947293700000001,2.105275215575915,1.3858939267859285
697,0.89534924,2.103817687172944,1.3849344418944276
698,0.89596918,2.1023620112790633,1.383976176501964
699,0.8965890500000001,2.100908512443748,1.3830193442581078
700,0.89720886,2.099457162414617,1.3820639265644346
701,0.89782874,2.098007652671993,1.3811097203237224
702,0.89844855,2.096560306440311,1.3801569383132735
703,0.89906836,2.095114955784734,1.3792054699822824
704,0.89968817,2.0936715965809056,1.3782553126157033
705,0.90030798,2.092230224715828,1.377306463505966
706,0.9009278000000001,2.090790812880736,1.376358904675824
707,0.90154755,2.089353542482427,1.3754127555446187
708,0.9021673,2.087918246769588,1.3744679063406533
709,0.90278705,2.0864849216754418,1.3735243543867848
710,0.90340674,2.0850537016237594,1.3725821881736238
711,0.90402643,2.0836244437110683,1.3716413136284078
712,0.90464618,2.082197005804914,1.3707016371859329
713,0.9052658100000001,2.0807717981847267,1.3697634289314427
714,0.9058855,2.079348402539673,1.3688264134926544
715,0.90650519,2.077926952970731,1.3678906791476837
716,0.90712482,2.076507582836123,1.3669563136856953
717,0.90774445,2.0750901504370014,1.366023223826926
718,0.90836401,2.073674811608678,1.365091512157114
719,0.9089836400000001,2.0722612425773175,1.3641609655372895
720,0.90960321,2.070849736017151,1.363231776633682
721,0.91022278,2.069440151024185,1.3623038526897777
722,0.91084235,2.068032483677173,1.3613771911242378
723,0.91146191,2.0666267527392925,1.3604518042887825
724,0.91208142,2.065223044790073,1.3595277491783573
725,0.91270093,2.063821242418207,1.3586049485015865
726,0.91332043,2.0624213643275815,1.3576834145711598
727,0.91393994,2.061023361457267,1.356763115090473
728,0.91455939,2.0596273876854005,1.3558441513568626
729,0.91517883,2.05823332616736,1.354926446452001
730,0.91579828,2.056841128058084,1.3540099682213862
731,0.9164177200000001,2.055450834482831,1.3530947437376046
732,0.91703717,2.054062396738895,1.3521807409398683
733,0.9176565600000001,2.0526759676941153,1.3512680604604406
734,0.91827594,2.0512914313194934,1.350356625917913
735,0.91889532,2.049908761434168,1.349446420077534
736,0.91951465,2.048528065658174,1.3485375137851257
737,0.92013403,2.047149117296372,1.3476297578082184
738,0.9207533600000001,2.0457721352315814,1.3467232962364644
739,0.9213726799999999,2.0443970265200977,1.3458180678854077
740,0.9219919400000001,2.0430238981360866,1.3449141431756984
741,0.92261127,2.041652458146163,1.344011329928801
742,0.9232305300000001,2.0402830128557956,1.3431098297843334
743,0.92384979,2.0389154034541193,1.3422095381977626
744,0.9244689899999999,2.0375497584930926,1.3413105397943095
745,0.92508826,2.0361857876229594,1.3404126434379353
746,0.92570746,2.034823795531315,1.3395160497032184
747,0.92632666,2.0334636242779123,1.3386206546187498
748,0.92694586,2.032105270213789,1.3377264557824338
749,0.9275650000000001,2.0307488610597133,1.3368335372723203
750,0.9281841399999999,2.029394261475803,1.335941809994728
751,0.92880328,2.02804146784328,1.3350512715674303
752,0.92942242,2.0266904765530116,1.3341619196145496
753,0.93004156,2.025341284005473,1.3332737517665338
754,0.9306606399999999,2.023994017098277,1.3323868515595545
755,0.93127972,2.0226485414165927,1.3315011305088873
756,0.9318988,2.0213048533905753,1.3306165862645172
757,0.93251788,2.019962949459857,1.3297332164826694
758,0.9331368999999999,2.0186229558694477,1.3288511042699094
759,0.93375592,2.01728473893783,1.3279701616242499
760,0.9343749400000001,2.0159482951339136,1.3270903862211885
761,0.9349939,2.014613750216823,1.3262118608474343
762,0.9356129200000001,2.0132808419414014,1.3253344128680906
763,0.93623187,2.011949846685793,1.324458224221741
764,0.93685083,2.010620588668159,1.3235831791919317
765,0.93746973,2.009293214522087,1.3227093743069442
766,0.93808868,2.0079674848105546,1.321836651946381
767,0.93870758,2.0066436102591747,1.320965150830038
768,0.93932648,2.0053214802470523,1.3200947981366393
769,0.93994537,2.00400111264855,1.319225605632804
770,0.94056421,2.0026825891119686,1.3183576270672686
771,0.94118304,2.0013658207322282,1.3174908039141886
772,0.94180188,2.0000507615347436,1.3166251059086864
773,0.94242072,1.9987374294029245,1.3157605448233354
774,0.94303949,1.9974259692018337,1.314897216022205
775,0.9436582600000001,1.9961162288865602,1.3140350194147614
776,0.9442770400000001,1.9948081839508172,1.3131739388686183
777,0.94489581,1.9935018733005634,1.312313999995407
778,0.94551459,1.992197251349504,1.3114551727858583
779,0.9461333,1.990894483165166,1.31059756590324
780,0.9467520100000001,1.9895934177196548,1.3097410799265161
781,0.9473706700000001,1.9882941566143832,1.3088857817394746
782,0.94798938,1.986996486510063,1.3080315309017492
783,0.94860803,1.9857006347593884,1.3071784770786727
784,0.94922668,1.9844064721282946,1.3063265351959976
785,0.94984534,1.983113974438042,1.305475689336961
786,0.9504639300000001,1.9818233052871908,1.3046260471978142
787,0.95108258,1.9805341901108666,1.3037774280336414
788,0.9517011700000001,1.979246875685624,1.3029299942964239
789,0.9523197,1.9779613582590523,1.3020837435159642
790,0.9529382900000001,1.976677385173444,1.301238509368744
791,0.9535568200000001,1.9753952022584798,1.3003944536834207
792,0.95417535,1.9741146816555817,1.299551492291223
793,0.95479388,1.9728358201341354,1.2987096230654516
794,0.95541235,1.9715587382859907,1.2978689253912197
795,0.95603082,1.9702833087628424,1.2970293154356678
796,0.95664929,1.9690095283600257,1.2961907910891775
797,0.95726776,1.9677373938811573,1.2953533502475838
798,0.95788617,1.9664670253135121,1.2945170718980106
799,0.95850464,1.965198172967481,1.2936817916708259
