,pe-1-0-4_0Grad,pe-1-0-4_90grad,1-4-0_mit triton_90grad,1-4-0_mit triton_0Grad,Time,AF
0,12,13,12,14,0.0,3
1,11,17,14,11,0.024437927663734114,8
2,11,19,6,15,0.04887585532746823,5
3,15,19,17,18,0.07331378299120234,9
4,20,16,10,18,0.09775171065493646,5
5,19,19,12,13,0.12218963831867058,8
6,15,15,20,23,0.14662756598240467,5
7,18,12,15,12,0.1710654936461388,6
8,7,10,20,17,0.19550342130987292,10
9,19,12,15,19,0.21994134897360704,5
10,19,15,17,12,0.24437927663734116,11
11,21,19,19,14,0.26881720430107525,9
12,18,14,24,18,0.29325513196480935,7
13,21,18,14,16,0.3176930596285435,8
14,15,14,10,17,0.3421309872922776,3
15,19,13,24,19,0.36656891495601174,8
16,27,13,18,13,0.39100684261974583,8
17,12,13,11,18,0.4154447702834799,10
18,11,14,12,21,0.4398826979472141,12
19,26,17,17,19,0.46432062561094817,11
20,17,11,16,17,0.4887585532746823,6
21,17,16,17,21,0.5131964809384164,5
22,20,13,15,7,0.5376344086021505,10
23,15,13,20,18,0.5620723362658846,9
24,19,20,11,15,0.5865102639296187,9
25,28,22,5,18,0.6109481915933529,9
26,21,11,19,9,0.635386119257087,10
27,28,15,11,14,0.6598240469208211,8
28,19,18,16,24,0.6842619745845552,8
29,15,24,10,11,0.7086999022482893,8
30,21,20,18,20,0.7331378299120235,5
31,26,23,12,18,0.7575757575757576,13
32,18,24,17,22,0.7820136852394917,6
33,14,20,15,20,0.8064516129032258,12
34,17,22,19,13,0.8308895405669598,12
35,13,14,22,19,0.855327468230694,9
36,25,21,20,23,0.8797653958944281,6
37,17,13,8,11,0.9042033235581622,14
38,17,15,14,12,0.9286412512218963,4
39,22,15,11,18,0.9530791788856304,7
40,29,26,18,16,0.9775171065493646,6
41,20,16,14,12,1.0019550342130987,15
42,16,28,14,15,1.0263929618768328,4
43,22,22,15,18,1.050830889540567,7
44,15,25,9,12,1.075268817204301,8
45,15,16,15,19,1.099706744868035,12
46,19,17,14,13,1.1241446725317692,8
47,14,18,15,15,1.1485826001955033,11
48,20,19,20,13,1.1730205278592374,13
49,24,18,8,22,1.1974584555229717,5
50,25,19,14,21,1.2218963831867058,8
51,20,20,18,16,1.2463343108504399,13
52,23,20,17,14,1.270772238514174,9
53,16,18,19,14,1.295210166177908,10
54,19,15,11,22,1.3196480938416422,11
55,19,15,17,18,1.3440860215053763,10
56,20,24,16,17,1.3685239491691104,5
57,19,22,19,13,1.3929618768328444,13
58,19,21,9,26,1.4173998044965785,9
59,13,14,14,18,1.4418377321603129,6
60,20,19,16,21,1.466275659824047,8
61,21,17,14,12,1.490713587487781,12
62,19,18,20,23,1.5151515151515151,12
63,14,23,17,23,1.5395894428152492,13
64,26,8,17,19,1.5640273704789833,5
65,12,11,8,16,1.5884652981427174,7
66,18,19,10,13,1.6129032258064515,7
67,17,12,13,13,1.6373411534701856,8
68,14,12,16,17,1.6617790811339197,8
69,15,15,9,13,1.6862170087976538,11
70,23,14,10,12,1.710654936461388,4
71,14,10,13,7,1.7350928641251222,18
72,12,13,15,19,1.7595307917888563,9
73,15,21,9,10,1.7839687194525904,12
74,11,16,14,14,1.8084066471163245,14
75,17,17,12,13,1.8328445747800586,20
76,14,9,10,17,1.8572825024437927,11
77,17,20,14,9,1.8817204301075268,13
78,16,18,12,13,1.9061583577712609,23
79,19,18,7,14,1.930596285434995,18
80,11,21,13,15,1.9550342130987293,22
81,15,18,6,19,1.9794721407624634,24
82,19,8,15,23,2.0039100684261975,26
83,15,12,7,20,2.0283479960899315,35
84,20,9,16,17,2.0527859237536656,36
85,11,15,18,17,2.0772238514173997,44
86,12,20,7,29,2.101661779081134,50
87,11,14,13,26,2.126099706744868,62
88,14,10,16,18,2.150537634408602,87
89,20,15,18,33,2.174975562072336,104
90,15,12,9,33,2.19941348973607,119
91,12,14,12,39,2.2238514173998043,155
92,19,18,11,44,2.2482893450635384,228
93,14,11,16,76,2.2727272727272725,309
94,26,18,14,90,2.2971652003910066,513
95,25,21,18,134,2.3216031280547407,813
96,26,15,21,236,2.3460410557184748,1204
97,28,20,20,362,2.3704789833822093,1925
98,42,34,23,513,2.3949169110459434,2965
99,49,17,45,746,2.4193548387096775,4141
100,74,32,48,888,2.4437927663734116,5450
101,98,52,59,1110,2.4682306940371457,6599
102,138,64,86,1222,2.4926686217008798,7492
103,169,78,83,1391,2.517106549364614,8111
104,172,91,83,1317,2.541544477028348,7857
105,214,104,93,1121,2.565982404692082,7149
106,259,136,107,1090,2.590420332355816,6014
107,219,148,142,874,2.6148582600195502,5043
108,292,151,119,725,2.6392961876832843,3909
109,320,155,127,613,2.6637341153470184,2936
110,247,147,133,485,2.6881720430107525,2264
111,285,201,106,393,2.7126099706744866,1651
112,263,176,128,324,2.7370478983382207,1324
113,296,156,129,310,2.761485826001955,895
114,258,176,121,282,2.785923753665689,714
115,239,192,109,256,2.810361681329423,556
116,268,173,123,270,2.834799608993157,449
117,266,176,123,240,2.859237536656891,327
118,261,218,106,214,2.8836754643206257,308
119,261,175,133,230,2.90811339198436,240
120,262,190,88,236,2.932551319648094,238
121,237,191,120,198,2.956989247311828,190
122,263,191,114,242,2.981427174975562,150
123,238,203,136,248,3.005865102639296,129
124,269,202,112,230,3.0303030303030303,122
125,247,218,107,206,3.0547409579667644,108
126,250,199,107,178,3.0791788856304985,118
127,221,194,105,215,3.1036168132942326,82
128,201,207,106,236,3.1280547409579667,92
129,208,194,134,207,3.1524926686217007,73
130,211,187,119,187,3.176930596285435,77
131,199,183,107,192,3.201368523949169,90
132,214,219,110,227,3.225806451612903,71
133,220,191,120,194,3.250244379276637,71
134,245,215,99,212,3.274682306940371,64
135,200,171,107,206,3.2991202346041053,62
136,211,187,118,219,3.3235581622678394,68
137,194,191,116,215,3.3479960899315735,84
138,192,185,115,196,3.3724340175953076,91
139,183,182,95,191,3.396871945259042,87
140,202,160,119,200,3.421309872922776,81
141,227,199,100,205,3.4457478005865103,105
142,194,193,112,195,3.4701857282502444,109
143,192,201,116,202,3.4946236559139785,90
144,172,217,103,191,3.5190615835777126,124
145,196,181,124,196,3.5434995112414467,109
146,192,192,104,191,3.567937438905181,127
147,184,184,116,212,3.592375366568915,130
148,191,210,102,220,3.616813294232649,126
149,201,196,94,193,3.641251221896383,112
150,203,192,105,189,3.665689149560117,104
151,178,182,118,202,3.6901270772238512,108
152,205,213,120,172,3.7145650048875853,100
153,222,183,121,143,3.7390029325513194,91
154,186,192,102,179,3.7634408602150535,74
155,207,174,123,190,3.7878787878787876,56
156,195,192,104,182,3.8123167155425217,48
157,199,171,106,185,3.836754643206256,49
158,164,185,116,164,3.86119257086999,55
159,184,197,120,203,3.885630498533724,40
160,170,181,99,197,3.9100684261974585,52
161,198,172,109,165,3.9345063538611926,37
162,193,171,104,197,3.9589442815249267,51
163,190,184,100,163,3.983382209188661,40
164,188,168,88,211,4.007820136852395,41
165,179,184,100,153,4.032258064516129,27
166,190,188,98,152,4.056695992179863,36
167,188,184,114,153,4.081133919843597,30
168,168,181,97,170,4.105571847507331,29
169,165,194,104,168,4.130009775171065,22
170,161,168,103,161,4.1544477028347995,24
171,190,179,88,164,4.178885630498534,29
172,180,174,96,169,4.203323558162268,19
173,181,172,111,157,4.227761485826002,24
174,182,170,94,167,4.252199413489736,24
175,183,186,112,158,4.27663734115347,16
176,162,187,100,161,4.301075268817204,24
177,164,190,114,157,4.325513196480938,30
178,164,185,102,145,4.349951124144672,19
179,157,162,111,162,4.374389051808406,23
180,191,200,109,164,4.39882697947214,14
181,162,165,96,159,4.4232649071358745,22
182,160,152,103,145,4.447702834799609,21
183,168,175,105,165,4.472140762463343,20
184,166,171,119,155,4.496578690127077,18
185,164,183,108,132,4.521016617790811,21
186,155,182,89,148,4.545454545454545,19
187,156,170,99,155,4.569892473118279,26
188,176,157,96,139,4.594330400782013,22
189,157,161,104,162,4.618768328445747,8
190,152,161,108,151,4.643206256109481,15
191,167,164,100,131,4.667644183773215,16
192,148,175,92,141,4.6920821114369495,20
193,160,150,101,146,4.7165200391006845,17
194,151,148,100,177,4.740957966764419,17
195,156,180,101,142,4.765395894428153,23
196,172,152,101,155,4.789833822091887,19
197,154,158,88,139,4.814271749755621,14
198,158,174,98,132,4.838709677419355,19
199,162,131,73,141,4.863147605083089,13
200,157,146,95,140,4.887585532746823,15
201,136,146,96,145,4.912023460410557,15
202,163,163,90,132,4.936461388074291,16
203,146,153,109,160,4.9608993157380255,13
204,131,134,108,117,4.9853372434017595,19
205,162,174,103,133,5.009775171065494,10
206,155,157,94,116,5.034213098729228,7
207,163,144,104,143,5.058651026392962,19
208,161,140,99,137,5.083088954056696,10
209,136,123,102,130,5.10752688172043,11
210,120,152,76,152,5.131964809384164,17
211,153,173,86,135,5.156402737047898,15
212,129,144,110,105,5.180840664711632,15
213,145,153,75,124,5.205278592375366,11
214,147,155,101,127,5.2297165200391005,11
215,148,158,106,134,5.254154447702835,11
216,131,132,97,120,5.278592375366569,15
217,146,153,92,142,5.303030303030303,16
218,137,150,101,129,5.327468230694037,17
219,144,142,81,113,5.351906158357771,17
220,133,134,77,113,5.376344086021505,13
221,136,122,100,102,5.400782013685239,13
222,159,150,80,109,5.425219941348973,17
223,140,149,74,121,5.449657869012707,18
224,122,145,95,117,5.474095796676441,15
225,155,147,94,105,5.4985337243401755,12
226,132,161,92,119,5.52297165200391,10
227,135,145,92,106,5.547409579667644,14
228,130,142,95,112,5.571847507331378,13
229,142,132,80,110,5.596285434995112,13
230,136,144,102,128,5.620723362658846,23
231,123,161,84,94,5.64516129032258,7
232,130,118,89,103,5.669599217986314,9
233,135,117,73,131,5.694037145650048,19
234,135,117,93,125,5.718475073313782,11
235,141,124,83,130,5.742913000977517,5
236,141,137,86,103,5.767350928641251,12
237,144,129,79,109,5.7917888563049855,10
238,154,122,72,116,5.81622678396872,17
239,135,139,94,99,5.840664711632454,9
240,138,101,86,113,5.865102639296188,14
241,135,138,89,109,5.889540566959922,14
242,131,111,80,113,5.913978494623656,8
243,120,147,73,103,5.93841642228739,8
244,119,130,76,110,5.962854349951124,9
245,147,129,67,110,5.987292277614858,9
246,116,128,85,120,6.011730205278592,11
247,115,101,86,107,6.0361681329423265,11
248,129,133,95,95,6.0606060606060606,13
249,139,124,72,104,6.085043988269795,5
250,123,121,87,101,6.109481915933529,16
251,99,145,75,114,6.133919843597263,15
252,98,119,81,93,6.158357771260997,16
253,119,130,78,102,6.182795698924731,4
254,120,126,86,101,6.207233626588465,10
255,130,109,80,104,6.231671554252199,3
256,147,116,88,119,6.256109481915933,11
257,124,109,74,101,6.280547409579667,19
258,126,114,89,104,6.3049853372434015,11
259,136,117,87,88,6.329423264907136,9
260,115,117,80,113,6.35386119257087,10
261,120,107,76,101,6.378299120234604,8
262,126,133,84,111,6.402737047898338,17
263,121,114,67,113,6.427174975562072,8
264,113,115,67,99,6.451612903225806,7
265,116,110,98,123,6.47605083088954,10
266,117,132,70,95,6.500488758553274,8
267,102,129,72,100,6.524926686217008,10
268,93,116,63,91,6.549364613880742,10
269,135,123,86,96,6.5738025415444765,14
270,95,106,77,84,6.598240469208211,12
271,110,129,75,101,6.622678396871945,15
272,116,106,85,91,6.647116324535679,9
273,110,126,77,91,6.671554252199413,15
274,122,112,78,92,6.695992179863147,8
275,111,112,62,78,6.720430107526881,11
276,102,131,76,117,6.744868035190615,8
277,115,119,76,99,6.769305962854349,15
278,118,89,58,106,6.793743890518084,8
279,110,117,78,78,6.818181818181818,9
280,114,112,81,70,6.842619745845552,11
281,106,124,82,98,6.8670576735092865,12
282,117,91,66,82,6.891495601173021,12
283,117,114,76,96,6.915933528836755,7
284,99,101,75,93,6.940371456500489,13
285,106,88,77,100,6.964809384164223,9
286,97,118,81,86,6.989247311827957,7
287,101,114,58,76,7.013685239491691,14
288,126,108,94,89,7.038123167155425,5
289,121,92,71,100,7.062561094819159,11
290,95,118,59,86,7.086999022482893,16
291,105,99,68,86,7.1114369501466275,9
292,118,102,57,82,7.135874877810362,10
293,139,113,96,80,7.160312805474096,11
294,107,123,66,71,7.18475073313783,14
295,108,128,79,82,7.209188660801564,4
296,80,103,74,99,7.233626588465298,5
297,103,90,73,97,7.258064516129032,14
298,94,108,83,97,7.282502443792766,13
299,98,101,60,94,7.3069403714565,7
300,88,83,62,66,7.331378299120234,9
301,109,92,75,83,7.355816226783968,6
302,95,89,73,83,7.3802541544477025,10
303,107,97,67,92,7.404692082111437,9
304,112,111,63,94,7.429130009775171,9
305,84,102,62,93,7.453567937438905,5
306,108,92,64,79,7.478005865102639,4
307,120,106,64,68,7.502443792766373,9
308,98,98,66,87,7.526881720430107,8
309,96,88,66,89,7.551319648093841,13
310,101,93,71,82,7.575757575757575,12
311,107,99,66,74,7.600195503421309,12
312,91,97,62,95,7.624633431085043,11
313,95,98,76,81,7.6490713587487775,8
314,88,98,68,72,7.673509286412512,13
315,91,104,64,69,7.697947214076246,7
316,75,96,61,87,7.72238514173998,11
317,88,93,69,73,7.746823069403714,11
318,89,90,79,78,7.771260997067448,7
319,77,88,66,72,7.795698924731182,8
320,97,87,59,72,7.820136852394917,4
321,96,92,78,67,7.844574780058651,8
322,89,103,63,81,7.869012707722385,10
323,96,81,68,80,7.893450635386119,4
324,91,87,72,68,7.9178885630498534,7
325,83,96,62,74,7.9423264907135875,10
326,94,102,53,68,7.966764418377322,11
327,95,87,64,64,7.991202346041056,11
328,88,91,50,89,8.01564027370479,16
329,87,101,61,68,8.040078201368523,7
330,94,103,61,66,8.064516129032258,8
331,106,102,50,66,8.088954056695991,7
332,73,83,78,68,8.113391984359726,16
333,78,97,48,70,8.13782991202346,6
334,86,87,57,73,8.162267839687194,10
335,102,105,71,62,8.186705767350928,9
336,89,94,67,78,8.211143695014663,9
337,92,73,57,76,8.235581622678396,7
338,92,89,62,89,8.26001955034213,9
339,84,76,43,70,8.284457478005864,12
340,80,67,58,68,8.308895405669599,5
341,80,89,49,80,8.333333333333332,12
342,96,80,52,71,8.357771260997067,1
343,80,97,60,60,8.382209188660802,4
344,84,72,67,62,8.406647116324535,10
345,89,105,52,62,8.43108504398827,8
346,81,77,55,68,8.455522971652004,7
347,76,72,54,66,8.479960899315738,5
348,74,76,79,71,8.504398826979472,8
349,87,78,60,65,8.528836754643207,8
350,85,78,56,68,8.55327468230694,6
351,73,92,69,63,8.577712609970675,9
352,82,89,53,77,8.602150537634408,10
353,80,80,52,62,8.626588465298143,13
354,97,81,68,67,8.651026392961876,4
355,84,76,46,69,8.675464320625611,6
356,96,78,52,48,8.699902248289344,9
357,68,74,56,55,8.72434017595308,4
358,72,76,53,48,8.748778103616813,11
359,92,76,47,50,8.773216031280548,9
360,75,75,56,68,8.79765395894428,10
361,92,66,60,76,8.822091886608016,7
362,72,78,57,60,8.846529814271749,12
363,81,80,60,50,8.870967741935484,5
364,72,92,73,67,8.895405669599217,8
365,79,80,61,51,8.919843597262952,8
366,70,81,67,62,8.944281524926685,8
367,95,68,59,69,8.96871945259042,4
368,96,75,55,64,8.993157380254154,15
369,96,81,50,62,9.017595307917889,12
370,67,70,58,52,9.042033235581622,9
371,75,76,53,62,9.066471163245357,8
372,75,82,55,53,9.09090909090909,8
373,72,76,40,70,9.115347018572825,8
374,92,66,49,66,9.139784946236558,14
375,63,71,50,61,9.164222873900293,7
376,86,65,55,62,9.188660801564026,8
377,79,74,61,71,9.213098729227761,10
378,88,67,66,71,9.237536656891495,5
379,74,71,41,51,9.26197458455523,12
380,72,98,52,61,9.286412512218963,7
381,74,57,41,63,9.310850439882698,16
382,51,71,47,54,9.33528836754643,9
383,81,80,64,57,9.359726295210166,12
384,79,73,52,47,9.384164222873899,4
385,77,70,55,64,9.408602150537634,7
386,68,79,56,56,9.433040078201369,13
387,67,88,50,65,9.457478005865102,9
388,84,60,55,39,9.481915933528837,10
389,78,70,36,52,9.50635386119257,6
390,69,70,65,53,9.530791788856305,9
391,78,57,37,54,9.555229716520039,9
392,58,80,47,55,9.579667644183774,10
393,65,74,49,57,9.604105571847507,13
394,84,71,36,53,9.628543499511242,14
395,63,68,64,42,9.652981427174975,7
396,86,63,50,44,9.67741935483871,8
397,64,80,63,59,9.701857282502443,6
398,71,71,53,59,9.726295210166178,11
399,75,67,55,55,9.750733137829911,5
400,71,67,56,47,9.775171065493646,8
401,59,74,35,53,9.79960899315738,12
402,69,56,54,54,9.824046920821115,11
403,79,71,54,52,9.848484848484848,7
404,57,80,37,39,9.872922776148583,12
405,65,61,52,57,9.897360703812316,8
406,69,74,53,59,9.921798631476051,9
407,68,63,49,61,9.946236559139784,6
408,68,65,50,55,9.970674486803519,6
409,71,78,47,52,9.995112414467252,6
410,62,58,49,58,10.019550342130987,6
411,70,62,45,58,10.04398826979472,6
412,72,52,50,65,10.068426197458455,7
413,63,53,50,66,10.092864125122189,7
414,77,64,62,59,10.117302052785924,8
415,57,71,38,53,10.141739980449657,2
416,75,63,48,55,10.166177908113392,4
417,70,55,45,44,10.190615835777125,8
418,52,67,45,47,10.21505376344086,10
419,84,81,49,56,10.239491691104593,9
420,51,80,54,42,10.263929618768328,7
421,69,56,53,60,10.288367546432061,8
422,47,65,53,35,10.312805474095796,5
423,58,77,40,54,10.33724340175953,9
424,68,72,44,49,10.361681329423265,9
425,56,69,52,50,10.386119257086998,8
426,58,58,37,39,10.410557184750733,13
427,67,59,47,56,10.434995112414468,6
428,54,58,42,45,10.459433040078201,4
429,70,52,46,55,10.483870967741936,10
430,71,54,37,53,10.50830889540567,9
431,56,50,33,48,10.532746823069404,15
432,69,56,58,42,10.557184750733137,9
433,65,63,40,53,10.581622678396872,11
434,62,58,49,52,10.606060606060606,8
435,62,59,41,45,10.63049853372434,10
436,61,62,55,43,10.654936461388074,9
437,68,53,32,52,10.679374389051809,10
438,66,58,54,55,10.703812316715542,8
439,67,49,43,45,10.728250244379277,8
440,62,63,43,35,10.75268817204301,12
441,56,74,58,45,10.777126099706745,8
442,46,55,37,39,10.801564027370478,12
443,56,67,26,39,10.826001955034213,4
444,53,57,39,37,10.850439882697946,5
445,58,45,47,43,10.874877810361681,8
446,58,65,47,46,10.899315738025415,7
447,57,57,41,42,10.92375366568915,7
448,50,58,42,48,10.948191593352883,11
449,53,72,40,42,10.972629521016618,8
450,54,54,42,49,10.997067448680351,10
451,44,50,42,47,11.021505376344086,6
452,50,54,41,60,11.04594330400782,11
453,57,55,41,46,11.070381231671554,10
454,54,68,36,37,11.094819159335287,5
455,46,53,45,48,11.119257086999022,11
456,46,54,37,54,11.143695014662756,9
457,62,57,40,47,11.16813294232649,12
458,43,59,44,47,11.192570869990224,10
459,50,57,60,37,11.217008797653959,7
460,42,57,45,42,11.241446725317692,12
461,54,66,42,47,11.265884652981427,8
462,44,45,38,49,11.29032258064516,9
463,59,59,36,44,11.314760508308895,7
464,59,53,46,42,11.339198435972628,8
465,49,56,45,49,11.363636363636363,9
466,51,64,30,38,11.388074291300097,8
467,62,60,45,36,11.412512218963832,7
468,53,49,38,48,11.436950146627565,6
469,57,53,42,33,11.4613880742913,6
470,46,36,41,34,11.485826001955035,8
471,64,52,41,36,11.510263929618768,7
472,47,57,35,48,11.534701857282503,11
473,59,52,25,47,11.559139784946236,14
474,44,56,30,45,11.583577712609971,9
475,51,43,34,47,11.608015640273704,8
476,50,63,41,52,11.63245356793744,9
477,58,53,28,56,11.656891495601172,6
478,58,56,41,52,11.681329423264907,9
479,56,54,30,25,11.70576735092864,10
480,55,44,41,46,11.730205278592376,7
481,47,52,31,43,11.754643206256109,10
482,43,43,33,54,11.779081133919844,7
483,52,46,41,38,11.803519061583577,9
484,54,46,35,43,11.827956989247312,14
485,57,54,48,36,11.852394916911045,7
486,42,63,42,41,11.87683284457478,9
487,62,62,44,46,11.901270772238513,2
488,64,49,38,28,11.925708699902248,12
489,46,52,34,50,11.950146627565982,7
490,50,60,35,35,11.974584555229717,9
491,64,47,30,36,11.99902248289345,6
492,45,59,36,40,12.023460410557185,19
493,38,58,40,31,12.047898338220918,4
494,44,44,37,50,12.072336265884653,12
495,71,46,32,35,12.096774193548386,7
496,52,63,38,47,12.121212121212121,8
497,46,56,36,49,12.145650048875854,7
498,56,52,37,44,12.17008797653959,6
499,43,51,45,36,12.194525904203322,6
500,50,43,35,39,12.218963831867057,6
501,45,47,34,35,12.24340175953079,6
502,65,44,38,31,12.267839687194526,7
503,48,49,37,39,12.292277614858259,6
504,49,40,36,44,12.316715542521994,10
505,54,53,41,41,12.341153470185727,8
506,42,50,34,46,12.365591397849462,6
507,43,32,40,40,12.390029325513195,12
508,58,50,37,27,12.41446725317693,8
509,47,63,36,29,12.438905180840663,7
510,49,44,35,37,12.463343108504398,4
511,47,43,33,39,12.487781036168132,7
512,49,40,37,28,12.512218963831867,6
513,54,36,42,56,12.536656891495602,9
514,39,50,36,27,12.561094819159335,10
515,52,40,33,34,12.58553274682307,9
516,37,60,38,45,12.609970674486803,7
517,39,45,30,31,12.634408602150538,8
518,52,52,31,38,12.658846529814271,9
519,43,56,30,34,12.683284457478006,4
520,58,48,31,21,12.70772238514174,4
521,45,46,47,27,12.732160312805474,13
522,43,49,23,34,12.756598240469208,5
523,44,39,37,35,12.781036168132943,3
524,54,46,33,36,12.805474095796676,7
525,50,33,37,35,12.82991202346041,10
526,47,37,33,40,12.854349951124144,10
527,46,46,33,23,12.878787878787879,8
528,52,38,39,40,12.903225806451612,3
529,46,52,35,53,12.927663734115347,7
530,52,35,35,40,12.95210166177908,7
531,50,43,33,39,12.976539589442815,10
532,46,47,21,26,13.000977517106548,9
533,58,35,39,31,13.025415444770283,4
534,39,43,32,23,13.049853372434017,6
535,50,39,25,37,13.074291300097752,4
536,33,44,39,41,13.098729227761485,9
537,44,33,32,36,13.12316715542522,10
538,35,36,39,31,13.147605083088953,12
539,43,35,34,29,13.172043010752688,9
540,39,40,29,46,13.196480938416421,10
541,47,42,32,42,13.220918866080156,5
542,57,35,39,30,13.24535679374389,8
543,39,45,33,38,13.269794721407624,10
544,50,46,32,27,13.294232649071358,2
545,44,39,30,38,13.318670576735093,7
546,40,35,25,41,13.343108504398826,6
547,41,47,34,34,13.36754643206256,5
548,41,29,27,35,13.391984359726294,6
549,33,34,20,26,13.416422287390029,9
550,41,47,26,26,13.440860215053762,5
551,42,35,33,39,13.465298142717497,11
552,41,41,28,35,13.48973607038123,10
553,31,44,37,30,13.514173998044965,5
554,50,39,29,37,13.538611925708699,10
555,30,35,41,31,13.563049853372434,10
556,39,50,26,33,13.587487781036168,14
557,44,39,20,30,13.611925708699902,12
558,44,32,30,33,13.636363636363637,11
559,37,36,22,37,13.66080156402737,5
560,43,44,32,34,13.685239491691105,5
561,40,44,42,35,13.709677419354838,9
562,36,44,29,32,13.734115347018573,10
563,34,28,18,32,13.758553274682306,11
564,29,50,23,32,13.782991202346041,11
565,37,38,24,36,13.807429130009774,13
566,36,41,26,26,13.83186705767351,11
567,53,36,19,29,13.856304985337243,7
568,36,48,32,28,13.880742913000978,10
569,35,45,24,35,13.90518084066471,13
570,48,43,25,29,13.929618768328446,7
571,37,32,26,37,13.954056695992179,7
572,36,28,25,28,13.978494623655914,7
573,38,42,30,37,14.002932551319647,9
574,50,33,33,31,14.027370478983382,4
575,32,29,38,38,14.051808406647115,8
576,33,45,29,23,14.07624633431085,6
577,34,29,29,31,14.100684261974584,10
578,34,50,26,34,14.125122189638319,7
579,43,32,20,34,14.149560117302052,9
580,37,36,35,21,14.173998044965787,5
581,31,39,28,34,14.19843597262952,10
582,29,34,29,27,14.222873900293255,11
583,34,32,27,44,14.247311827956988,7
584,33,36,22,27,14.271749755620723,5
585,38,33,28,22,14.296187683284456,9
586,39,36,34,32,14.320625610948191,7
587,36,33,15,24,14.345063538611925,8
588,30,34,21,25,14.36950146627566,6
589,40,41,31,24,14.393939393939393,8
590,40,35,30,31,14.418377321603128,6
591,32,39,34,27,14.442815249266861,9
592,34,25,28,25,14.467253176930596,5
593,36,30,39,19,14.491691104594329,4
594,37,48,27,29,14.516129032258064,3
595,35,42,26,26,14.540566959921797,7
596,40,38,26,28,14.565004887585532,7
597,39,28,20,25,14.589442815249265,6
598,34,48,36,26,14.613880742913,11
599,30,30,19,22,14.638318670576735,8
600,30,34,33,39,14.662756598240469,6
601,39,29,23,31,14.687194525904204,15
602,33,39,20,23,14.711632453567937,8
603,38,27,17,27,14.736070381231672,11
604,29,29,19,29,14.760508308895405,4
605,30,33,26,29,14.78494623655914,6
606,43,29,25,20,14.809384164222873,7
607,43,36,25,35,14.833822091886608,10
608,30,28,28,30,14.858260019550341,14
609,39,44,29,23,14.882697947214076,15
610,30,27,29,26,14.90713587487781,9
611,41,39,24,24,14.931573802541545,6
612,35,36,30,24,14.956011730205278,10
613,33,36,32,27,14.980449657869013,6
614,35,23,24,24,15.004887585532746,8
615,40,32,40,28,15.029325513196481,4
616,30,32,30,34,15.053763440860214,10
617,35,29,29,16,15.078201368523949,12
618,30,28,24,26,15.102639296187682,7
619,19,33,22,26,15.127077223851417,3
620,29,35,32,28,15.15151515151515,4
621,38,33,28,30,15.175953079178885,8
622,30,29,26,17,15.200391006842619,9
623,29,29,22,35,15.224828934506354,8
624,31,39,24,23,15.249266862170087,9
625,20,27,23,31,15.273704789833822,10
626,42,48,25,31,15.298142717497555,7
627,24,36,27,22,15.32258064516129,14
628,38,32,27,24,15.347018572825023,6
629,36,29,24,22,15.371456500488758,7
630,22,28,29,24,15.395894428152491,12
631,32,31,25,32,15.420332355816226,6
632,25,42,19,28,15.44477028347996,7
633,50,19,27,20,15.469208211143695,4
634,29,33,32,28,15.493646138807428,4
635,24,32,25,23,15.518084066471163,4
636,28,31,30,27,15.542521994134896,5
637,40,35,27,23,15.566959921798631,11
638,35,29,14,17,15.591397849462364,7
639,27,31,20,30,15.6158357771261,16
640,27,29,27,19,15.640273704789834,5
641,24,31,34,30,15.664711632453567,6
642,30,36,25,26,15.689149560117302,7
643,20,27,30,24,15.713587487781036,7
644,30,21,21,16,15.73802541544477,14
645,39,36,17,31,15.762463343108504,11
646,29,29,12,22,15.786901270772239,9
647,26,24,20,20,15.811339198435972,12
648,26,42,24,31,15.835777126099707,10
649,28,21,22,26,15.86021505376344,9
650,23,31,24,23,15.884652981427175,11
651,30,23,16,28,15.909090909090908,12
652,30,31,25,24,15.933528836754643,7
653,33,29,19,24,15.957966764418376,10
654,21,27,27,26,15.982404692082111,10
655,32,27,20,27,16.006842619745846,10
656,24,48,23,18,16.03128054740958,6
657,31,26,23,37,16.055718475073313,13
658,33,18,24,25,16.080156402737046,10
659,26,28,21,27,16.104594330400783,9
660,28,25,12,18,16.129032258064516,13
661,26,29,23,21,16.15347018572825,9
662,26,23,15,21,16.177908113391982,14
663,30,32,19,27,16.20234604105572,6
664,33,13,19,19,16.226783968719452,6
665,23,31,24,27,16.251221896383186,14
666,35,36,23,30,16.27565982404692,9
667,31,25,21,26,16.300097751710656,7
668,31,33,18,21,16.32453567937439,4
669,25,28,18,20,16.348973607038122,8
670,23,19,25,23,16.373411534701855,4
671,27,30,19,24,16.397849462365592,7
672,27,15,28,19,16.422287390029325,7
673,30,20,20,24,16.44672531769306,7
674,26,23,21,29,16.47116324535679,5
675,19,27,25,25,16.49560117302053,6
676,27,37,17,21,16.52003910068426,8
677,33,34,28,18,16.544477028347995,10
678,26,36,13,17,16.568914956011728,12
679,30,32,18,27,16.593352883675465,8
680,27,23,26,25,16.617790811339198,10
681,17,24,23,20,16.64222873900293,9
682,34,26,18,23,16.666666666666664,10
683,28,21,25,25,16.6911045943304,14
684,17,27,22,25,16.715542521994134,4
685,24,29,17,17,16.739980449657867,5
686,25,26,18,16,16.764418377321604,13
687,35,22,20,17,16.788856304985337,11
688,26,26,18,30,16.81329423264907,11
689,26,23,20,23,16.837732160312804,5
690,29,27,16,19,16.86217008797654,5
691,32,15,20,20,16.886608015640274,7
692,29,30,33,21,16.911045943304007,14
693,22,19,21,16,16.93548387096774,14
694,36,24,19,16,16.959921798631477,8
695,22,29,16,24,16.98435972629521,13
696,29,23,19,20,17.008797653958943,8
697,29,22,19,21,17.033235581622677,0
698,24,28,18,11,17.057673509286413,7
699,23,21,27,16,17.082111436950147,7
700,26,28,25,21,17.10654936461388,8
701,16,23,22,11,17.130987292277613,11
702,24,31,24,21,17.15542521994135,7
703,22,29,15,20,17.179863147605083,8
704,20,22,22,23,17.204301075268816,5
705,17,20,21,26,17.22873900293255,4
706,25,24,31,21,17.253176930596286,6
707,25,21,15,18,17.27761485826002,6
708,23,23,24,30,17.302052785923753,6
709,24,21,15,24,17.326490713587486,7
710,26,23,27,15,17.350928641251222,5
711,24,37,14,14,17.375366568914956,7
712,29,16,19,19,17.39980449657869,10
713,20,28,23,19,17.424242424242422,14
714,22,21,24,22,17.44868035190616,11
715,38,23,19,15,17.473118279569892,7
716,31,19,15,21,17.497556207233625,3
717,28,24,22,20,17.52199413489736,7
718,36,17,22,19,17.546432062561095,11
719,20,23,20,19,17.57086999022483,9
720,23,23,15,15,17.59530791788856,9
721,22,18,25,25,17.619745845552295,8
722,17,34,18,18,17.64418377321603,6
723,31,21,13,18,17.668621700879765,3
724,18,22,22,18,17.693059628543498,3
725,15,21,16,18,17.71749755620723,3
726,26,27,17,11,17.741935483870968,15
727,32,23,18,18,17.7663734115347,4
728,23,21,24,22,17.790811339198434,8
729,19,23,23,18,17.81524926686217,7
730,18,26,20,19,17.839687194525904,7
731,25,26,30,20,17.864125122189638,7
732,23,19,13,19,17.88856304985337,8
733,19,19,18,17,17.913000977517108,2
734,27,14,19,15,17.93743890518084,4
735,23,18,23,36,17.961876832844574,13
736,21,16,20,23,17.986314760508307,5
737,20,29,14,25,18.010752688172044,6
738,16,19,20,19,18.035190615835777,11
739,18,21,20,20,18.05962854349951,8
740,21,24,19,21,18.084066471163244,5
741,20,27,18,20,18.10850439882698,11
742,26,17,11,18,18.132942326490713,12
743,21,27,16,24,18.157380254154447,5
744,21,18,14,16,18.18181818181818,8
745,19,22,24,25,18.206256109481917,9
746,24,24,19,28,18.23069403714565,10
747,21,19,16,21,18.255131964809383,11
748,24,22,22,16,18.279569892473116,8
749,30,23,16,22,18.304007820136853,11
750,25,27,16,15,18.328445747800586,4
751,24,24,17,17,18.35288367546432,11
752,22,18,17,19,18.377321603128053,4
753,18,27,15,18,18.40175953079179,5
754,19,24,13,29,18.426197458455523,8
755,17,25,22,19,18.450635386119256,9
756,19,18,20,18,18.47507331378299,10
757,22,14,16,24,18.499511241446726,10
758,23,23,22,15,18.52394916911046,10
759,10,16,19,25,18.548387096774192,11
760,20,20,15,17,18.572825024437925,9
761,21,20,18,21,18.597262952101662,5
762,32,22,18,19,18.621700879765395,7
763,21,14,18,15,18.64613880742913,10
764,16,25,19,19,18.67057673509286,5
765,28,18,17,28,18.6950146627566,9
766,31,25,15,26,18.71945259042033,8
767,24,35,24,16,18.743890518084065,5
768,17,19,20,19,18.768328445747798,6
769,17,26,22,18,18.792766373411535,14
770,17,24,14,21,18.817204301075268,7
771,23,27,26,20,18.841642228739,7
772,21,19,13,27,18.866080156402738,5
773,23,19,24,18,18.89051808406647,8
774,21,28,13,21,18.914956011730204,11
775,25,13,19,15,18.939393939393938,6
776,24,21,22,20,18.963831867057674,7
777,17,28,24,17,18.988269794721408,4
778,17,20,17,24,19.01270772238514,5
779,28,21,11,19,19.037145650048874,10
780,21,19,20,26,19.06158357771261,7
781,25,27,19,19,19.086021505376344,8
782,19,17,17,17,19.110459433040077,4
783,19,16,29,15,19.13489736070381,4
784,18,14,16,12,19.159335288367547,7
785,25,26,13,15,19.18377321603128,7
786,26,16,22,19,19.208211143695014,14
787,21,14,18,19,19.232649071358747,8
788,25,23,18,23,19.257086999022484,9
789,21,19,13,19,19.281524926686217,8
790,15,15,18,13,19.30596285434995,12
791,25,21,18,16,19.330400782013683,8
792,23,14,18,26,19.35483870967742,6
793,19,15,14,21,19.379276637341153,6
794,24,26,19,20,19.403714565004886,11
795,16,23,12,12,19.42815249266862,4
796,16,15,17,19,19.452590420332356,8
797,17,22,6,21,19.47702834799609,8
798,22,12,17,21,19.501466275659823,10
799,24,18,26,19,19.525904203323556,3
800,26,20,22,15,19.550342130987293,6
801,20,16,16,15,19.574780058651026,13
802,23,23,15,19,19.59921798631476,7
803,17,20,14,18,19.623655913978492,8
804,24,27,17,16,19.64809384164223,9
805,24,21,13,15,19.672531769305962,7
806,13,18,18,11,19.696969696969695,9
807,24,20,14,13,19.72140762463343,8
808,22,25,18,18,19.745845552297165,10
809,20,25,12,17,19.7702834799609,7
810,20,17,25,12,19.794721407624632,5
811,19,16,17,13,19.81915933528837,8
812,14,15,19,18,19.843597262952102,5
813,23,19,12,18,19.868035190615835,7
814,15,18,15,10,19.892473118279568,8
815,17,25,27,14,19.916911045943305,7
816,13,18,12,11,19.941348973607038,7
817,24,23,20,24,19.96578690127077,7
818,19,15,16,20,19.990224828934505,8
819,18,18,15,18,20.01466275659824,7
820,15,19,16,14,20.039100684261975,10
821,16,23,7,14,20.063538611925708,5
822,15,17,16,22,20.08797653958944,7
823,20,17,7,17,20.112414467253178,6
824,18,13,16,17,20.13685239491691,14
825,21,21,21,21,20.161290322580644,10
826,19,16,14,13,20.185728250244377,10
827,13,18,14,12,20.210166177908114,10
828,12,14,24,25,20.234604105571847,11
829,17,18,19,18,20.25904203323558,10
830,15,18,9,18,20.283479960899314,3
831,13,12,16,16,20.30791788856305,8
832,21,11,16,17,20.332355816226784,4
833,24,19,11,14,20.356793743890517,7
834,22,22,14,18,20.38123167155425,5
835,15,23,19,21,20.405669599217987,12
836,18,22,11,11,20.43010752688172,6
837,17,19,12,20,20.454545454545453,12
838,15,22,22,11,20.478983382209186,7
839,12,27,14,17,20.503421309872923,6
840,12,18,21,19,20.527859237536656,9
841,17,14,17,17,20.55229716520039,8
842,13,14,12,16,20.576735092864123,8
843,19,19,19,13,20.60117302052786,6
844,14,14,18,14,20.625610948191593,8
845,14,18,10,19,20.650048875855326,8
846,13,17,20,16,20.67448680351906,6
847,23,27,8,10,20.698924731182796,7
848,23,14,23,12,20.72336265884653,8
849,17,20,14,14,20.747800586510262,7
850,15,23,11,7,20.772238514173996,7
851,13,16,22,15,20.796676441837732,8
852,21,14,14,13,20.821114369501466,7
853,18,17,16,11,20.8455522971652,7
854,19,14,18,10,20.869990224828936,8
855,18,17,15,22,20.89442815249267,12
856,15,27,7,18,20.918866080156402,5
857,26,20,22,14,20.943304007820135,10
858,17,20,9,12,20.967741935483872,7
859,8,17,12,8,20.992179863147605,6
860,11,14,17,12,21.01661779081134,8
861,14,19,7,11,21.04105571847507,7
862,12,20,15,19,21.06549364613881,14
863,14,18,15,13,21.08993157380254,7
864,13,23,14,15,21.114369501466275,5
865,15,9,14,11,21.138807429130008,8
866,15,13,20,17,21.163245356793745,8
867,17,19,14,25,21.187683284457478,5
868,14,18,17,10,21.21212121212121,9
869,14,14,22,9,21.236559139784944,5
870,10,21,20,7,21.26099706744868,9
871,18,9,9,16,21.285434995112414,3
872,18,15,10,14,21.309872922776147,7
873,12,14,15,15,21.33431085043988,8
874,18,6,10,13,21.358748778103617,9
875,19,22,10,14,21.38318670576735,8
876,14,25,14,16,21.407624633431084,12
877,17,16,17,16,21.432062561094817,9
878,17,16,11,19,21.456500488758554,11
879,17,19,17,12,21.480938416422287,9
880,18,15,15,9,21.50537634408602,11
881,18,12,18,12,21.529814271749753,14
882,17,18,7,9,21.55425219941349,14
883,9,11,11,15,21.578690127077223,16
884,20,16,7,16,21.603128054740957,15
885,12,11,14,19,21.62756598240469,22
886,13,16,16,15,21.652003910068427,28
887,14,26,19,14,21.67644183773216,39
888,19,12,18,18,21.700879765395893,33
889,18,15,12,29,21.725317693059626,36
890,14,10,21,16,21.749755620723363,70
891,18,13,13,22,21.774193548387096,63
892,17,13,12,25,21.79863147605083,93
893,18,21,19,29,21.823069403714562,102
894,17,17,11,28,21.8475073313783,139
895,18,12,15,46,21.871945259042032,161
896,14,17,14,65,21.896383186705766,263
897,17,19,17,64,21.920821114369502,350
898,20,14,19,117,21.945259042033236,576
899,30,21,15,149,21.96969696969697,865
900,31,19,16,268,21.994134897360702,1458
901,34,21,25,381,22.01857282502444,2134
902,55,27,32,494,22.043010752688172,3161
903,68,27,37,728,22.067448680351905,4389
904,103,38,49,916,22.09188660801564,5747
905,136,49,72,1135,22.116324535679375,6810
906,152,55,82,1194,22.14076246334311,7612
907,160,81,92,1286,22.16520039100684,7924
908,209,108,96,1297,22.189638318670575,7557
909,240,103,123,1143,22.21407624633431,6947
910,262,154,119,1004,22.238514173998045,5969
911,234,170,109,888,22.262952101661778,4772
912,267,180,151,689,22.28739002932551,3708
913,262,161,139,560,22.311827956989248,2749
914,257,182,112,478,22.33626588465298,2047
915,266,184,125,383,22.360703812316714,1553
916,290,184,125,332,22.385141739980448,1107
917,231,183,86,300,22.409579667644184,900
918,253,223,124,302,22.434017595307918,603
919,238,222,141,252,22.45845552297165,476
920,251,174,124,261,22.482893450635384,395
921,245,168,98,238,22.50733137829912,356
922,238,179,94,289,22.531769305962854,257
923,274,167,122,260,22.556207233626587,259
924,249,217,125,227,22.58064516129032,176
925,253,211,124,248,22.605083088954057,186
926,237,208,124,250,22.62952101661779,147
927,252,211,98,205,22.653958944281523,121
928,228,191,111,219,22.678396871945257,115
929,218,206,135,244,22.702834799608993,96
930,247,191,115,203,22.727272727272727,78
931,225,193,155,238,22.75171065493646,87
932,220,177,114,224,22.776148582600193,86
933,188,198,129,214,22.80058651026393,88
934,205,230,114,216,22.825024437927663,79
935,218,205,125,227,22.849462365591396,73
936,212,221,130,194,22.87390029325513,75
937,217,234,128,205,22.898338220918866,71
938,214,189,126,229,22.9227761485826,71
939,227,180,120,200,22.947214076246333,80
940,195,215,137,191,22.97165200391007,83
941,216,217,113,196,22.996089931573803,84
942,203,194,118,210,23.020527859237536,83
943,213,231,124,176,23.04496578690127,101
944,218,200,117,193,23.069403714565006,103
945,211,206,122,221,23.09384164222874,122
946,194,214,108,205,23.118279569892472,104
947,204,212,121,226,23.142717497556205,119
948,196,189,98,233,23.167155425219942,130
949,204,216,120,209,23.191593352883675,141
950,214,176,107,200,23.21603128054741,117
951,178,185,132,198,23.24046920821114,112
952,206,200,119,206,23.26490713587488,114
953,195,188,116,195,23.28934506353861,114
954,200,201,124,185,23.313782991202345,106
955,202,182,121,170,23.338220918866078,103
956,187,195,121,183,23.362658846529815,74
957,180,207,122,203,23.387096774193548,68
958,197,184,107,161,23.41153470185728,49
959,203,187,107,185,23.435972629521014,53
960,246,219,133,217,23.46041055718475,47
961,314,302,199,285,23.484848484848484,55
962,311,305,176,289,23.509286412512218,47
963,282,297,169,267,23.53372434017595,60
964,286,280,144,269,23.558162267839688,54
965,285,282,157,246,23.58260019550342,51
966,312,268,166,223,23.607038123167154,45
967,281,293,183,222,23.631476050830887,49
968,303,280,186,265,23.655913978494624,54
969,290,282,182,214,23.680351906158357,47
970,282,260,146,223,23.70478983382209,34
971,272,263,171,240,23.729227761485824,40
972,258,285,175,233,23.75366568914956,38
973,271,218,175,244,23.778103616813294,39
974,268,245,133,213,23.802541544477027,25
975,229,241,150,237,23.82697947214076,27
976,244,251,168,251,23.851417399804497,31
977,248,257,135,243,23.87585532746823,36
978,229,247,157,228,23.900293255131963,28
979,239,235,156,226,23.924731182795696,20
980,243,257,148,185,23.949169110459433,23
981,229,228,161,200,23.973607038123166,36
982,248,246,141,199,23.9980449657869,29
983,215,206,144,237,24.022482893450636,20
984,226,228,156,207,24.04692082111437,27
985,212,214,147,217,24.071358748778103,32
986,220,236,142,205,24.095796676441836,25
987,237,214,137,204,24.120234604105573,27
988,235,217,124,185,24.144672531769306,25
989,239,208,128,204,24.16911045943304,23
990,235,235,128,184,24.193548387096772,17
991,223,231,126,208,24.21798631476051,21
992,219,189,138,178,24.242424242424242,31
993,221,218,139,195,24.266862170087975,21
994,189,193,132,200,24.29130009775171,21
995,173,219,114,174,24.315738025415445,18
996,223,198,143,167,24.34017595307918,23
997,215,212,122,201,24.364613880742912,18
998,195,201,141,184,24.389051808406645,26
999,179,191,137,152,24.41348973607038,15
1000,198,208,134,176,24.437927663734115,18
1001,163,203,120,179,24.462365591397848,6
1002,192,169,123,171,24.48680351906158,17
1003,174,188,126,185,24.511241446725318,20
1004,181,185,122,162,24.53567937438905,15
1005,164,172,108,165,24.560117302052785,21
1006,187,173,136,180,24.584555229716518,18
1007,172,173,97,153,24.608993157380255,12
1008,186,165,98,144,24.633431085043988,18
1009,175,162,103,127,24.65786901270772,15
1010,188,210,117,114,24.682306940371454,12
1011,171,157,96,123,24.70674486803519,21
1012,161,168,109,180,24.731182795698924,13
1013,192,167,114,149,24.755620723362657,21
1014,164,166,96,138,24.78005865102639,9
1015,179,142,94,155,24.804496578690127,17
1016,165,168,96,140,24.82893450635386,12
1017,159,160,107,139,24.853372434017594,10
1018,181,152,113,150,24.877810361681327,13
1019,167,158,95,133,24.902248289345064,20
1020,174,138,100,124,24.926686217008797,17
1021,152,145,100,128,24.95112414467253,10
1022,154,139,83,139,24.975562072336263,15
1023,141,134,89,126,25.0,8
