10,45,20,5,50,35,15,25,30,40,Time
82,5,25,3600,2,13,26,21,21,10,0.0
95,4,23,3652,2,18,20,31,14,4,0.024437927663734114
103,7,29,3614,3,13,24,27,20,7,0.04887585532746823
108,7,25,3542,3,7,31,24,13,7,0.07331378299120234
104,8,30,3511,4,11,28,29,15,6,0.09775171065493646
116,3,24,3405,2,19,36,24,20,5,0.12218963831867058
123,11,22,3374,5,18,29,16,13,3,0.14662756598240467
134,6,27,3193,6,20,28,19,20,5,0.1710654936461388
127,6,25,3309,6,11,36,29,8,12,0.19550342130987292
125,8,33,3127,3,14,32,21,29,4,0.21994134897360704
118,5,33,3056,7,10,30,34,25,1,0.24437927663734116
114,8,25,2968,6,13,30,24,23,8,0.26881720430107525
93,7,28,2863,2,21,34,22,12,1,0.29325513196480935
100,6,32,2855,4,10,31,14,15,6,0.3176930596285435
118,9,24,2730,7,15,33,21,21,8,0.3421309872922776
97,6,32,2762,5,15,37,25,20,7,0.36656891495601174
75,11,36,2680,7,19,39,19,11,4,0.39100684261974583
70,6,27,2551,2,17,40,15,21,3,0.4154447702834799
76,7,38,2596,3,10,37,34,23,6,0.4398826979472141
67,5,32,2463,1,14,42,22,19,6,0.46432062561094817
90,9,29,2414,5,9,40,33,20,7,0.4887585532746823
72,16,32,2395,3,10,31,27,18,7,0.5131964809384164
90,3,35,2408,4,10,42,30,35,5,0.5376344086021505
68,7,33,2291,9,14,43,11,17,10,0.5620723362658846
56,4,29,2302,4,10,33,32,24,7,0.5865102639296187
70,7,22,2215,6,18,40,26,16,11,0.6109481915933529
61,7,29,2193,1,16,29,22,21,7,0.635386119257087
81,8,41,2203,4,15,40,33,11,6,0.6598240469208211
71,10,26,2043,9,31,36,19,25,7,0.6842619745845552
79,7,31,2090,7,9,36,23,20,12,0.7086999022482893
79,4,44,2002,2,18,43,32,20,7,0.7331378299120235
73,13,24,1976,4,23,40,31,25,5,0.7575757575757576
73,10,43,1958,5,15,35,25,27,7,0.7820136852394917
65,10,44,1915,6,17,37,25,27,7,0.8064516129032258
79,5,21,1885,0,20,43,26,20,13,0.8308895405669598
63,11,26,1826,4,14,45,35,20,5,0.855327468230694
71,9,35,1781,5,20,50,27,22,7,0.8797653958944281
64,9,52,1734,6,16,45,26,37,11,0.9042033235581622
72,11,31,1714,4,16,41,26,23,9,0.9286412512218963
66,6,37,1626,3,23,33,31,20,9,0.9530791788856304
66,7,35,1634,14,18,40,28,19,13,0.9775171065493646
71,8,27,1543,7,16,42,21,24,7,1.0019550342130987
65,7,27,1526,4,26,42,27,20,6,1.0263929618768328
60,9,28,1491,7,21,51,34,26,11,1.050830889540567
82,13,33,1625,5,15,41,28,23,14,1.075268817204301
51,11,39,1472,5,14,50,31,22,10,1.099706744868035
66,6,42,1485,8,19,38,27,19,7,1.1241446725317692
58,7,40,1333,6,19,42,31,14,9,1.1485826001955033
56,12,29,1343,9,17,43,29,34,12,1.1730205278592374
69,8,36,1348,5,20,42,33,23,9,1.1974584555229717
49,8,41,1402,6,19,54,40,28,13,1.2218963831867058
69,10,40,1325,5,22,52,33,23,4,1.2463343108504399
52,9,40,1317,3,22,47,28,25,7,1.270772238514174
54,9,46,1325,3,18,48,37,19,14,1.295210166177908
48,5,48,1257,7,10,48,33,25,10,1.3196480938416422
52,12,41,1191,3,20,43,36,26,9,1.3440860215053763
55,10,33,1254,6,17,47,33,24,13,1.3685239491691104
59,7,51,1233,7,9,36,31,24,13,1.3929618768328444
68,5,39,1232,8,17,53,27,28,10,1.4173998044965785
61,15,39,1248,1,19,36,38,26,10,1.4418377321603129
53,7,41,1214,10,21,54,27,33,9,1.466275659824047
55,5,45,1176,7,16,38,41,27,11,1.490713587487781
54,17,39,1190,7,19,49,42,28,17,1.5151515151515151
51,10,45,1189,6,19,49,30,33,4,1.5395894428152492
53,7,43,1054,6,15,45,27,19,7,1.5640273704789833
40,4,36,830,5,11,40,22,24,6,1.5884652981427174
49,3,34,847,5,16,35,18,18,4,1.6129032258064515
40,9,22,850,2,15,33,35,24,8,1.6373411534701856
48,4,40,824,3,11,41,29,17,2,1.6617790811339197
37,8,40,849,5,16,40,28,29,4,1.6862170087976538
39,12,36,817,3,20,38,20,21,10,1.710654936461388
54,7,24,818,3,16,39,32,25,2,1.7350928641251222
44,15,31,844,7,18,43,14,18,2,1.7595307917888563
65,3,28,793,8,17,38,28,31,8,1.7839687194525904
48,8,21,852,6,18,41,18,14,8,1.8084066471163245
51,4,41,765,5,17,46,21,22,7,1.8328445747800586
81,7,39,848,6,16,40,32,24,8,1.8572825024437927
72,8,43,814,6,21,44,21,31,9,1.8817204301075268
74,9,45,852,7,20,53,38,25,11,1.9061583577712609
92,11,55,865,9,25,65,39,25,10,1.930596285434995
96,9,64,916,5,27,80,56,26,15,1.9550342130987293
118,14,53,965,10,43,87,54,39,16,1.9794721407624634
157,11,76,950,8,47,86,74,52,12,2.0039100684261975
161,25,103,1009,9,31,113,77,57,23,2.0283479960899315
231,18,105,1038,14,43,171,74,61,15,2.0527859237536656
234,18,152,1101,21,57,188,104,97,21,2.0772238514173997
330,22,179,1169,11,62,247,116,85,27,2.101661779081134
391,28,214,1301,13,74,290,144,106,33,2.126099706744868
496,44,261,1437,19,82,341,183,126,32,2.150537634408602
599,34,356,1557,22,99,422,250,170,46,2.174975562072336
754,53,410,1740,24,139,536,346,202,39,2.19941348973607
893,47,497,1980,23,181,725,386,254,59,2.2238514173998043
1212,72,699,2308,29,198,859,436,295,75,2.2482893450635384
1474,92,844,2671,45,238,1053,578,390,80,2.2727272727272725
1838,103,940,3204,45,324,1382,678,503,105,2.2971652003910066
2580,122,1335,3660,65,398,1927,939,586,142,2.3216031280547407
3256,160,1777,4755,83,516,2477,1236,843,162,2.3460410557184748
4647,238,2617,6043,91,747,3463,1740,1181,237,2.3704789833822093
6432,371,3765,7831,172,1103,4950,2583,1705,384,2.3949169110459434
8993,587,5564,10185,308,1794,7458,4162,2961,607,2.4193548387096775
12407,955,8333,13900,482,2888,10345,6316,4453,984,2.4437927663734116
16772,1626,11746,18066,756,4453,14568,9186,6577,1594,2.4682306940371457
21946,2475,15820,22894,1275,6613,19199,12721,9500,2443,2.4926686217008798
26542,3659,20572,27677,1826,9013,24130,16581,12617,3694,2.517106549364614
31334,4920,24141,31899,2708,11600,28329,20038,15918,5102,2.541544477028348
34710,6242,27593,34754,3414,13648,31186,22803,18045,6181,2.565982404692082
35822,7283,28764,36163,4076,15134,32971,24144,19783,7141,2.590420332355816
35095,7772,28172,35315,4597,15398,32070,24213,19749,7693,2.6148582600195502
33110,7658,26515,33091,4497,14761,29865,22785,18667,7679,2.6392961876832843
29153,6840,23117,29457,4362,12954,26287,19876,16380,6960,2.6637341153470184
24688,6000,19806,25295,3785,11036,22335,16735,13649,5818,2.6881720430107525
20193,4869,15846,21031,3087,8780,18181,13422,11166,4769,2.7126099706744866
16614,3786,12383,17394,2448,6884,14316,10440,8686,3860,2.7370478983382207
12935,2810,9378,14155,1856,5266,11221,7944,6531,2840,2.761485826001955
9931,2146,7376,11599,1325,3869,8654,6107,4894,2094,2.785923753665689
8039,1471,5681,9339,1037,2924,6785,4374,3711,1612,2.810361681329423
6134,1138,4367,7642,755,2225,5228,3411,2827,1141,2.834799608993157
5117,870,3401,6634,527,1690,4066,2712,2044,874,2.859237536656891
4052,696,2568,5523,427,1241,3214,2032,1669,640,2.8836754643206257
3419,491,2069,4794,333,1055,2576,1745,1341,519,2.90811339198436
2719,434,1713,4150,259,827,2098,1325,1061,424,2.932551319648094
2170,318,1466,3698,183,635,1752,1106,869,339,2.956989247311828
1937,268,1193,3258,167,503,1607,928,746,253,2.981427174975562
1616,232,1019,3008,147,455,1267,778,579,241,3.005865102639296
1382,157,887,2806,119,398,1113,668,551,164,3.0303030303030303
1193,179,780,2508,104,323,987,563,432,171,3.0547409579667644
1089,141,696,2304,79,284,822,517,390,145,3.0791788856304985
1039,109,594,2235,67,274,767,464,357,128,3.1036168132942326
918,97,564,2053,80,221,731,432,345,102,3.1280547409579667
832,108,535,2009,56,236,631,404,291,108,3.1524926686217007
784,105,435,1930,55,210,593,348,274,122,3.176930596285435
711,83,469,1901,52,202,535,349,233,81,3.201368523949169
656,91,402,1863,57,221,476,332,244,74,3.225806451612903
611,87,369,1782,48,174,504,292,215,78,3.250244379276637
599,73,384,1779,61,162,487,288,219,81,3.274682306940371
539,72,370,1733,35,159,449,266,213,73,3.2991202346041053
566,66,356,1694,32,135,471,286,243,77,3.3235581622678394
550,78,336,1694,35,143,415,272,195,61,3.3479960899315735
502,67,322,1740,37,156,403,240,188,85,3.3724340175953076
496,62,327,1690,48,142,446,253,229,66,3.396871945259042
500,80,296,1617,40,147,435,280,201,83,3.421309872922776
550,66,358,1754,47,162,423,279,223,71,3.4457478005865103
568,71,392,1693,44,157,470,284,246,68,3.4701857282502444
583,71,415,1724,40,171,471,333,242,66,3.4946236559139785
614,68,403,1829,42,196,465,318,241,74,3.5190615835777126
637,81,413,1905,42,202,521,351,274,85,3.5434995112414467
668,96,485,1989,52,206,536,327,293,106,3.567937438905181
702,94,456,1867,54,230,618,410,299,105,3.592375366568915
775,97,551,1929,59,254,619,424,307,109,3.616813294232649
690,102,523,1962,66,256,622,429,349,107,3.641251221896383
723,125,505,1966,72,245,595,448,345,121,3.665689149560117
651,128,518,1916,78,211,619,386,324,113,3.6901270772238512
693,107,495,1957,81,245,551,400,329,147,3.7145650048875853
659,93,479,1917,69,226,563,389,332,123,3.7390029325513194
587,114,412,1843,62,208,478,331,272,92,3.7634408602150535
532,94,350,1860,69,211,485,289,237,111,3.7878787878787876
469,85,356,1867,63,168,393,280,259,99,3.8123167155425217
410,76,317,1793,41,148,357,225,193,86,3.836754643206256
370,70,277,1777,46,121,332,210,170,76,3.86119257086999
337,44,219,1743,26,119,267,178,142,50,3.885630498533724
302,51,210,1704,26,88,280,198,143,34,3.9100684261974585
292,43,192,1717,24,108,275,153,134,53,3.9345063538611926
273,35,219,1742,25,111,194,150,104,43,3.9589442815249267
274,45,176,1682,26,78,242,157,104,43,3.983382209188661
255,45,201,1744,26,91,187,146,122,37,4.007820136852395
238,38,175,1729,22,92,199,148,120,56,4.032258064516129
245,49,166,1792,18,74,187,126,100,50,4.056695992179863
216,35,176,1783,32,80,197,129,100,32,4.081133919843597
231,36,157,1699,22,73,174,119,111,44,4.105571847507331
188,37,134,1807,19,76,162,125,92,36,4.130009775171065
211,43,126,1779,26,77,166,103,82,25,4.1544477028347995
180,33,127,1744,25,58,150,121,92,37,4.178885630498534
150,36,105,1798,19,57,139,102,76,40,4.203323558162268
161,27,120,1872,21,57,116,93,72,31,4.227761485826002
151,22,111,1882,20,63,119,95,62,29,4.252199413489736
123,19,97,1843,12,58,139,66,62,26,4.27663734115347
152,23,109,1887,13,37,100,72,52,22,4.301075268817204
113,23,82,1973,14,41,117,91,59,29,4.325513196480938
116,21,97,1979,13,46,100,67,45,23,4.349951124144672
134,22,114,1843,12,41,97,74,67,21,4.374389051808406
109,16,87,1835,13,40,94,73,58,17,4.39882697947214
118,21,79,1974,15,41,107,69,49,24,4.4232649071358745
115,15,84,2002,8,40,102,68,56,19,4.447702834799609
110,15,74,2037,12,45,95,73,37,11,4.472140762463343
105,17,89,2072,14,36,97,72,55,23,4.496578690127077
108,19,87,2009,11,37,88,79,63,16,4.521016617790811
109,20,93,2007,15,59,105,75,45,15,4.545454545454545
131,23,82,2046,10,34,75,54,49,20,4.569892473118279
108,18,86,2056,15,52,87,65,55,17,4.594330400782013
99,16,88,2083,12,30,92,55,64,18,4.618768328445747
116,18,74,2005,13,35,91,61,55,18,4.643206256109481
111,15,59,2078,11,36,90,58,47,20,4.667644183773215
115,15,84,1968,14,43,97,65,42,14,4.6920821114369495
100,17,72,2184,15,48,91,49,46,13,4.7165200391006845
113,19,72,2096,12,31,72,54,59,25,4.740957966764419
98,13,75,2275,14,27,75,65,42,20,4.765395894428153
92,26,63,2168,9,32,88,69,31,17,4.789833822091887
85,20,75,2160,6,35,102,65,37,19,4.814271749755621
98,17,82,2164,9,31,82,58,51,13,4.838709677419355
90,22,69,2169,9,35,102,61,49,15,4.863147605083089
95,19,59,2249,10,47,72,48,39,19,4.887585532746823
95,20,58,2162,12,35,107,55,41,16,4.912023460410557
90,14,58,2317,16,32,69,42,54,22,4.936461388074291
110,20,69,2277,10,27,79,55,36,9,4.9608993157380255
80,15,60,2176,9,36,85,52,36,17,4.9853372434017595
97,22,65,2225,10,27,79,74,49,17,5.009775171065494
88,15,63,2358,10,35,78,43,44,13,5.034213098729228
80,10,74,2285,11,31,69,68,39,22,5.058651026392962
88,10,56,2308,8,27,60,42,40,16,5.083088954056696
74,13,44,2231,10,36,67,62,46,13,5.10752688172043
75,10,62,2174,8,28,80,40,33,17,5.131964809384164
77,9,76,2216,13,30,77,51,29,14,5.156402737047898
82,9,58,2357,8,37,69,43,40,17,5.180840664711632
70,18,60,2299,10,36,63,40,33,22,5.205278592375366
92,13,47,2248,6,27,75,53,32,11,5.2297165200391005
105,15,63,2171,7,29,69,49,35,16,5.254154447702835
74,13,66,2319,7,26,64,43,40,13,5.278592375366569
65,8,56,2229,6,30,60,49,32,17,5.303030303030303
79,19,72,2300,4,26,58,37,37,10,5.327468230694037
71,13,58,2146,8,27,61,47,36,9,5.351906158357771
77,12,63,2212,7,27,49,35,34,11,5.376344086021505
69,8,53,2200,6,22,66,44,41,11,5.400782013685239
78,10,54,2345,14,26,76,47,36,12,5.425219941348973
68,15,60,2268,7,23,52,44,26,25,5.449657869012707
80,12,53,2275,11,29,55,36,39,11,5.474095796676441
67,10,62,2189,6,23,53,45,33,11,5.4985337243401755
73,13,60,2255,9,21,79,41,26,9,5.52297165200391
76,11,40,2261,11,22,71,38,37,14,5.547409579667644
71,13,60,2159,6,19,55,49,40,13,5.571847507331378
73,16,49,2187,3,37,55,42,27,14,5.596285434995112
68,9,50,2161,7,28,70,35,27,16,5.620723362658846
68,13,53,2140,10,24,59,59,33,14,5.64516129032258
76,14,44,2198,5,23,63,49,51,14,5.669599217986314
66,11,44,2082,13,19,61,37,38,8,5.694037145650048
81,12,45,2140,5,21,62,29,28,8,5.718475073313782
53,10,53,2105,9,28,60,52,27,11,5.742913000977517
82,17,49,2205,3,21,59,29,29,10,5.767350928641251
67,12,51,2113,6,29,51,41,27,17,5.7917888563049855
82,10,46,2133,10,31,65,37,32,14,5.81622678396872
87,16,52,2179,5,19,60,33,31,10,5.840664711632454
70,9,50,2020,6,18,47,49,25,6,5.865102639296188
68,9,48,2077,2,26,54,47,35,11,5.889540566959922
63,10,43,2084,9,27,58,53,30,6,5.913978494623656
59,10,60,2095,6,22,60,47,30,16,5.93841642228739
67,11,45,2167,4,26,61,35,24,10,5.962854349951124
61,4,49,2054,4,25,61,42,29,15,5.987292277614858
93,17,54,1994,10,30,52,32,27,3,6.011730205278592
58,8,44,1978,7,26,48,45,30,10,6.0361681329423265
80,22,58,2009,7,22,50,51,36,13,6.0606060606060606
71,14,38,1982,5,23,52,47,32,9,6.085043988269795
65,11,48,2023,3,33,55,26,36,14,6.109481915933529
79,14,57,1987,9,20,60,48,29,14,6.133919843597263
77,17,48,1983,8,25,58,43,25,11,6.158357771260997
68,10,51,1964,8,25,54,34,30,9,6.182795698924731
64,9,45,1908,5,15,62,48,27,10,6.207233626588465
64,11,58,1972,10,17,60,40,24,20,6.231671554252199
59,9,39,1917,9,24,48,43,31,10,6.256109481915933
42,14,47,1978,11,24,48,40,31,13,6.280547409579667
50,16,56,1914,5,33,46,40,34,13,6.3049853372434015
60,4,36,1915,9,21,77,38,32,5,6.329423264907136
65,18,38,1860,6,32,58,43,34,10,6.35386119257087
78,9,43,1791,9,19,45,39,31,9,6.378299120234604
84,8,44,1847,10,18,54,44,19,11,6.402737047898338
66,16,44,1818,5,29,46,45,30,10,6.427174975562072
66,15,44,1785,6,31,61,31,30,11,6.451612903225806
62,9,58,1781,8,22,39,26,33,11,6.47605083088954
83,10,54,1780,8,19,55,43,33,11,6.500488758553274
57,8,39,1876,4,27,51,31,29,11,6.524926686217008
48,7,39,1771,7,22,58,31,37,9,6.549364613880742
62,5,55,1740,8,23,50,39,29,10,6.5738025415444765
62,13,48,1766,8,24,51,43,32,15,6.598240469208211
57,10,32,1795,8,30,49,38,28,5,6.622678396871945
67,13,40,1727,3,23,52,40,28,15,6.647116324535679
46,5,48,1673,8,32,63,31,29,17,6.671554252199413
65,11,42,1687,5,27,49,25,30,13,6.695992179863147
61,12,42,1715,11,26,40,35,26,16,6.720430107526881
66,9,52,1632,7,18,55,33,23,9,6.744868035190615
54,13,50,1694,8,23,45,45,30,6,6.769305962854349
56,5,43,1651,6,20,66,29,37,14,6.793743890518084
63,11,50,1628,8,23,51,32,29,4,6.818181818181818
62,7,49,1596,11,14,56,37,22,17,6.842619745845552
61,10,45,1677,10,36,56,40,29,8,6.8670576735092865
73,13,42,1545,6,24,61,48,36,8,6.891495601173021
42,4,39,1647,7,19,59,28,17,12,6.915933528836755
55,6,38,1600,8,18,54,31,35,11,6.940371456500489
53,8,48,1552,11,16,47,50,28,8,6.964809384164223
68,10,57,1579,7,16,45,39,31,8,6.989247311827957
54,11,50,1549,7,20,38,39,29,12,7.013685239491691
63,14,37,1584,8,28,46,36,31,7,7.038123167155425
64,8,46,1549,7,26,49,53,38,11,7.062561094819159
70,10,48,1467,6,22,50,36,34,8,7.086999022482893
61,7,42,1528,4,23,64,41,28,14,7.1114369501466275
59,8,43,1512,6,15,65,25,28,10,7.135874877810362
62,10,58,1500,5,23,44,33,26,12,7.160312805474096
65,6,39,1444,8,19,63,39,26,11,7.18475073313783
69,8,46,1518,7,12,59,33,30,8,7.209188660801564
51,10,44,1450,5,28,62,42,33,6,7.233626588465298
50,12,49,1461,4,15,37,34,25,7,7.258064516129032
60,7,47,1476,4,26,50,37,29,8,7.282502443792766
45,8,41,1473,5,24,62,38,37,14,7.3069403714565
54,5,46,1424,7,22,44,46,29,13,7.331378299120234
57,11,51,1434,8,26,49,46,31,8,7.355816226783968
60,11,42,1330,5,19,48,41,22,7,7.3802541544477025
60,6,41,1358,9,21,45,28,28,8,7.404692082111437
59,14,45,1360,5,17,49,27,30,13,7.429130009775171
50,9,43,1339,3,26,47,27,29,8,7.453567937438905
53,10,46,1287,6,33,60,41,39,6,7.478005865102639
57,11,51,1328,7,18,48,28,20,7,7.502443792766373
71,8,35,1243,3,20,59,29,31,12,7.526881720430107
63,5,45,1321,9,18,45,30,22,12,7.551319648093841
41,10,46,1249,6,21,38,44,27,12,7.575757575757575
49,9,43,1226,7,17,58,31,21,7,7.600195503421309
54,4,39,1294,9,20,44,31,22,10,7.624633431085043
52,9,36,1237,7,19,42,40,31,11,7.6490713587487775
43,15,54,1264,9,13,37,38,28,12,7.673509286412512
61,7,38,1276,10,21,47,23,25,9,7.697947214076246
57,7,38,1219,10,15,39,33,26,18,7.72238514173998
63,6,40,1225,7,17,42,32,24,7,7.746823069403714
56,13,45,1202,4,23,41,34,25,16,7.771260997067448
51,8,35,1130,9,20,33,31,28,9,7.795698924731182
66,5,51,1135,9,20,47,33,28,6,7.820136852394917
61,7,41,1137,2,19,53,34,29,12,7.844574780058651
61,6,39,1106,10,25,48,32,33,11,7.869012707722385
64,6,42,1141,8,21,39,36,20,6,7.893450635386119
56,11,31,1132,8,22,48,35,24,9,7.9178885630498534
64,7,47,1076,6,25,53,17,29,14,7.9423264907135875
46,9,44,1118,7,23,40,32,31,12,7.966764418377322
61,7,41,1063,3,27,41,22,31,12,7.991202346041056
62,7,46,1124,8,15,62,23,29,8,8.01564027370479
50,11,40,1090,8,14,34,29,26,11,8.040078201368523
55,5,32,1051,6,16,47,35,25,8,8.064516129032258
59,5,60,1017,4,16,39,39,22,12,8.088954056695991
52,10,37,1015,4,17,46,47,29,12,8.113391984359726
59,8,40,1020,4,24,58,32,37,10,8.13782991202346
52,9,43,1023,7,15,45,23,29,13,8.162267839687194
62,11,45,977,3,22,46,31,21,11,8.186705767350928
51,5,41,990,4,17,60,30,26,12,8.211143695014663
58,3,35,1051,4,20,48,37,27,8,8.235581622678396
44,7,44,980,8,28,46,29,38,6,8.26001955034213
63,7,35,1003,2,20,65,40,27,9,8.284457478005864
64,14,49,1019,3,18,50,34,21,7,8.308895405669599
54,9,37,1036,3,26,51,26,22,10,8.333333333333332
48,10,35,1003,4,19,52,27,25,11,8.357771260997067
52,14,38,933,6,17,57,38,23,12,8.382209188660802
45,7,27,979,6,17,39,33,27,6,8.406647116324535
64,11,24,943,5,21,43,28,17,10,8.43108504398827
62,10,49,990,5,16,37,38,25,7,8.455522971652004
56,6,42,943,5,21,48,35,18,5,8.479960899315738
53,7,36,953,5,17,41,28,20,8,8.504398826979472
46,5,27,980,0,19,33,21,26,8,8.528836754643207
50,2,36,1025,8,25,36,33,24,7,8.55327468230694
59,11,40,1032,5,17,39,28,24,13,8.577712609970675
68,9,38,1098,5,22,50,21,23,4,8.602150537634408
57,12,29,1160,2,17,42,29,25,8,8.626588465298143
54,5,43,1241,2,16,40,35,34,10,8.651026392961876
59,13,45,1401,10,12,53,36,26,10,8.675464320625611
55,9,30,1482,11,19,44,30,28,8,8.699902248289344
65,14,38,1708,6,14,48,33,36,11,8.72434017595308
98,8,39,1960,3,14,51,30,37,9,8.748778103616813
101,9,48,2103,8,20,43,27,24,9,8.773216031280548
107,9,44,2225,3,32,57,39,30,9,8.79765395894428
128,8,29,2420,5,21,46,26,28,9,8.822091886608016
166,11,34,2443,8,12,47,28,23,8,8.846529814271749
162,8,29,2624,4,22,54,30,34,13,8.870967741935484
205,8,39,2662,8,18,41,37,29,11,8.895405669599217
271,6,43,2572,6,18,40,31,21,12,8.919843597262952
265,8,35,2645,5,26,37,25,29,7,8.944281524926685
296,8,27,2529,6,12,43,40,27,9,8.96871945259042
327,12,41,2464,6,21,48,23,17,6,8.993157380254154
365,12,28,2480,4,25,43,27,23,7,9.017595307917889
373,5,34,2536,4,28,52,30,13,12,9.042033235581622
427,8,24,2383,2,18,45,19,22,12,9.066471163245357
417,6,47,2282,6,19,41,20,35,7,9.09090909090909
424,9,39,2324,7,16,51,44,25,8,9.115347018572825
461,12,44,2258,7,21,39,24,25,7,9.139784946236558
466,11,45,2210,5,19,52,41,20,11,9.164222873900293
461,8,35,2096,7,23,44,36,26,9,9.188660801564026
463,5,45,2052,6,19,52,26,20,7,9.213098729227761
450,7,38,2026,5,17,34,38,24,9,9.237536656891495
466,11,34,1885,7,13,41,36,25,6,9.26197458455523
436,10,33,1936,6,23,54,23,18,10,9.286412512218963
409,13,39,1869,3,19,53,32,21,11,9.310850439882698
375,10,43,1835,2,21,31,49,22,8,9.33528836754643
405,13,41,1824,7,20,52,33,24,9,9.359726295210166
374,7,31,1752,6,10,46,33,28,7,9.384164222873899
342,9,41,1741,2,17,42,34,23,16,9.408602150537634
360,9,39,1816,6,20,46,32,27,11,9.433040078201369
329,17,41,1749,9,27,45,35,26,7,9.457478005865102
359,10,31,1749,6,16,38,32,26,6,9.481915933528837
306,7,24,1728,10,21,44,27,29,7,9.50635386119257
319,10,39,1671,9,20,36,43,21,11,9.530791788856305
325,11,35,1719,3,15,40,28,26,6,9.555229716520039
317,6,42,1664,5,19,41,25,26,4,9.579667644183774
303,9,35,1601,6,23,56,28,18,10,9.604105571847507
317,9,25,1629,8,28,50,37,23,5,9.628543499511242
286,9,40,1652,4,14,38,25,24,7,9.652981427174975
314,10,34,1627,3,19,63,27,26,5,9.67741935483871
275,3,39,1554,9,12,36,34,25,10,9.701857282502443
264,8,34,1616,9,21,46,28,20,10,9.726295210166178
258,7,54,1651,7,20,41,29,27,6,9.750733137829911
245,12,27,1571,5,18,51,24,29,10,9.775171065493646
256,6,42,1570,8,26,41,35,21,9,9.79960899315738
243,9,35,1555,5,12,52,30,19,10,9.824046920821115
230,14,32,1551,5,14,31,32,12,3,9.848484848484848
215,6,39,1490,6,23,45,37,25,15,9.872922776148583
238,6,32,1548,5,18,36,44,28,9,9.897360703812316
231,8,28,1459,7,25,54,29,27,10,9.921798631476051
215,10,30,1578,6,22,41,30,25,8,9.946236559139784
193,11,21,1497,9,20,52,31,23,8,9.970674486803519
216,12,33,1435,8,17,35,25,20,7,9.995112414467252
189,6,35,1476,6,17,44,30,17,7,10.019550342130987
200,6,25,1407,6,16,39,21,27,9,10.04398826979472
188,7,41,1424,6,18,48,32,20,8,10.068426197458455
179,8,29,1467,4,22,34,24,28,15,10.092864125122189
197,10,33,1508,3,18,51,24,18,8,10.117302052785924
170,7,31,1484,7,17,53,28,27,11,10.141739980449657
178,5,35,1392,2,13,45,22,26,14,10.166177908113392
160,6,26,1359,5,16,51,31,20,8,10.190615835777125
172,9,36,1404,3,14,33,32,23,9,10.21505376344086
159,16,32,1435,7,20,40,31,24,6,10.239491691104593
170,13,31,1397,11,17,33,25,22,7,10.263929618768328
157,12,26,1421,3,18,37,33,21,5,10.288367546432061
147,8,27,1406,5,22,44,35,29,7,10.312805474095796
163,7,43,1508,1,23,40,28,21,14,10.33724340175953
140,5,40,1391,3,24,51,29,14,4,10.361681329423265
121,11,41,1480,6,19,46,35,22,9,10.386119257086998
139,10,36,1446,3,20,39,34,25,13,10.410557184750733
139,14,35,1476,5,14,40,28,32,5,10.434995112414468
127,7,27,1470,7,23,41,22,26,8,10.459433040078201
119,7,43,1476,3,25,38,24,18,11,10.483870967741936
100,10,25,1492,6,14,37,36,20,3,10.50830889540567
107,12,23,1485,2,19,52,26,15,11,10.532746823069404
108,10,43,1448,6,19,56,28,27,12,10.557184750733137
106,6,35,1530,7,16,39,29,37,9,10.581622678396872
103,8,31,1520,5,21,60,24,32,5,10.606060606060606
92,8,35,1532,7,15,46,34,14,8,10.63049853372434
97,10,36,1523,4,22,36,27,23,8,10.654936461388074
91,7,37,1492,4,21,44,35,25,9,10.679374389051809
73,10,32,1562,4,24,34,24,25,13,10.703812316715542
108,13,32,1540,1,20,37,30,18,11,10.728250244379277
71,5,28,1545,3,24,33,21,23,13,10.75268817204301
60,3,32,1548,3,24,49,22,19,7,10.777126099706745
69,9,28,1614,6,17,35,33,19,10,10.801564027370478
76,11,43,1586,4,22,35,28,19,6,10.826001955034213
77,8,34,1653,4,19,38,32,25,11,10.850439882697946
70,16,32,1670,8,20,30,25,23,9,10.874877810361681
64,5,57,1642,5,13,38,40,34,8,10.899315738025415
69,14,40,1676,5,17,42,26,24,5,10.92375366568915
54,9,38,1660,7,20,40,28,23,4,10.948191593352883
64,7,31,1738,9,12,44,38,30,9,10.972629521016618
59,11,33,1633,2,21,34,31,22,8,10.997067448680351
64,11,28,1701,7,16,46,24,23,4,11.021505376344086
55,8,39,1738,6,13,44,34,28,3,11.04594330400782
57,7,27,1798,8,18,41,24,31,6,11.070381231671554
52,10,34,1842,2,23,46,43,25,6,11.094819159335287
53,4,34,1840,2,16,33,30,19,11,11.119257086999022
50,3,49,1810,4,24,35,25,21,10,11.143695014662756
60,6,38,1896,6,16,47,24,25,11,11.16813294232649
65,8,44,1901,7,14,43,23,14,15,11.192570869990224
62,10,25,1936,3,16,42,36,22,7,11.217008797653959
66,8,37,1971,5,23,39,36,21,10,11.241446725317692
44,4,36,2043,10,15,44,29,16,6,11.265884652981427
50,11,33,1944,8,18,45,31,24,10,11.29032258064516
52,11,40,2018,6,15,54,38,29,4,11.314760508308895
70,4,30,2090,7,14,41,28,36,6,11.339198435972628
60,9,46,2166,10,19,42,26,24,8,11.363636363636363
59,14,34,2171,6,18,40,37,18,19,11.388074291300097
61,11,33,2148,2,17,39,27,22,5,11.412512218963832
48,6,36,2230,2,17,35,20,29,10,11.436950146627565
65,12,28,2255,6,14,37,28,27,8,11.4613880742913
57,11,45,2327,9,17,48,32,34,6,11.485826001955035
59,8,33,2301,7,15,37,30,32,6,11.510263929618768
68,11,41,2354,2,20,35,28,21,4,11.534701857282503
61,9,33,2415,4,20,24,41,15,9,11.559139784946236
62,8,28,2378,6,16,43,28,22,10,11.583577712609971
62,9,39,2454,3,12,41,26,24,10,11.608015640273704
66,9,38,2403,8,25,43,26,29,8,11.63245356793744
59,13,36,2386,5,24,39,32,27,12,11.656891495601172
64,11,35,2463,5,16,42,28,25,5,11.681329423264907
78,10,30,2627,4,18,35,45,20,6,11.70576735092864
81,1,37,2471,6,15,39,39,15,7,11.730205278592376
76,9,43,2548,8,14,43,27,23,11,11.754643206256109
75,13,39,2661,5,18,42,26,21,6,11.779081133919844
71,8,32,2585,6,18,39,30,25,7,11.803519061583577
66,7,30,2703,6,20,40,20,26,11,11.827956989247312
67,10,31,2686,6,17,46,32,37,14,11.852394916911045
60,9,35,2780,5,15,35,24,25,8,11.87683284457478
55,6,36,2688,6,18,35,16,26,16,11.901270772238513
73,9,30,2857,4,17,33,38,22,11,11.925708699902248
43,7,35,2799,7,14,43,30,23,7,11.950146627565982
55,10,29,2888,5,16,33,31,21,8,11.974584555229717
68,9,35,2924,2,16,37,26,22,9,11.99902248289345
73,3,34,2887,1,22,33,28,19,5,12.023460410557185
44,8,43,2901,4,20,43,32,23,9,12.047898338220918
67,9,30,2940,2,13,50,22,22,6,12.072336265884653
56,6,25,2983,8,17,34,25,25,8,12.096774193548386
60,9,31,3015,6,23,38,28,21,20,12.121212121212121
58,12,41,3061,3,22,51,31,26,15,12.145650048875854
55,8,32,3000,7,11,42,35,15,13,12.17008797653959
49,8,36,3048,4,15,38,34,24,8,12.194525904203322
49,9,32,3011,7,16,39,32,23,11,12.218963831867057
49,12,36,3081,6,19,36,33,23,9,12.24340175953079
55,4,35,3106,3,20,39,35,23,9,12.267839687194526
54,8,32,3094,3,18,36,29,22,3,12.292277614858259
62,12,26,3034,5,16,37,31,27,5,12.316715542521994
52,8,29,2984,7,17,34,25,31,9,12.341153470185727
54,8,35,3146,6,21,43,20,23,10,12.365591397849462
47,5,30,2972,6,13,37,29,29,5,12.390029325513195
52,6,33,2927,3,22,35,28,14,8,12.41446725317693
54,11,38,2999,5,17,39,35,26,6,12.438905180840663
46,6,38,2985,6,18,41,22,17,10,12.463343108504398
44,5,41,3020,5,11,33,36,27,10,12.487781036168132
59,8,41,2946,3,26,51,26,17,5,12.512218963831867
40,10,37,2937,4,17,43,34,14,6,12.536656891495602
41,13,36,2997,3,13,35,29,14,3,12.561094819159335
65,4,40,2968,4,13,37,30,21,11,12.58553274682307
55,9,41,3014,5,13,30,28,17,10,12.609970674486803
58,9,38,2967,10,15,49,18,26,4,12.634408602150538
49,8,35,2877,3,17,42,31,23,5,12.658846529814271
62,3,33,2795,4,18,38,28,23,6,12.683284457478006
65,13,25,2888,3,26,40,21,17,7,12.70772238514174
57,8,39,2786,5,16,36,41,24,10,12.732160312805474
54,8,21,2695,8,18,37,27,21,9,12.756598240469208
59,12,36,2796,4,23,56,26,18,9,12.781036168132943
60,14,28,2741,7,10,43,37,27,14,12.805474095796676
46,8,41,2613,7,14,34,32,15,11,12.82991202346041
53,12,35,2555,3,18,40,28,31,5,12.854349951124144
63,2,46,2603,5,16,40,35,34,12,12.878787878787879
59,6,54,2557,5,18,51,29,19,6,12.903225806451612
59,6,46,2485,6,18,51,33,19,8,12.927663734115347
51,11,39,2605,4,15,49,24,21,9,12.95210166177908
41,6,33,2393,5,20,44,32,22,10,12.976539589442815
60,6,39,2431,3,19,47,33,15,8,13.000977517106548
64,13,28,2427,7,22,50,33,31,3,13.025415444770283
55,12,31,2270,8,14,45,21,21,5,13.049853372434017
56,8,27,2265,7,20,38,27,23,9,13.074291300097752
51,4,36,2222,5,18,34,38,17,11,13.098729227761485
48,5,42,2166,4,21,31,29,22,4,13.12316715542522
49,8,34,2214,6,28,38,26,25,6,13.147605083088953
46,4,33,2162,5,12,42,40,22,6,13.172043010752688
50,5,32,2111,6,24,34,30,20,6,13.196480938416421
51,10,34,2095,10,19,33,20,25,12,13.220918866080156
55,10,31,2004,7,16,39,27,21,10,13.24535679374389
55,9,30,1999,5,21,44,28,27,6,13.269794721407624
37,7,36,1966,3,20,27,42,29,12,13.294232649071358
49,11,42,1945,4,12,55,32,22,10,13.318670576735093
50,12,27,2053,9,16,41,31,26,6,13.343108504398826
61,1,45,1881,5,15,43,30,22,5,13.36754643206256
60,1,32,1881,6,18,37,30,17,7,13.391984359726294
51,6,39,1767,2,14,39,26,23,7,13.416422287390029
61,9,38,1677,4,12,50,28,21,11,13.440860215053762
54,3,21,1766,6,11,45,36,27,20,13.465298142717497
56,5,29,1748,7,17,50,21,23,5,13.48973607038123
42,4,30,1733,9,18,39,21,24,8,13.514173998044965
43,7,30,1703,1,11,35,32,22,12,13.538611925708699
48,10,24,1659,1,16,26,20,24,5,13.563049853372434
46,12,33,1663,7,19,40,27,21,6,13.587487781036168
51,7,30,1591,6,18,36,30,37,8,13.611925708699902
50,11,26,1538,3,23,43,32,23,6,13.636363636363637
57,10,28,1532,6,15,51,43,33,6,13.66080156402737
50,9,35,1482,6,21,38,24,18,8,13.685239491691105
49,13,36,1519,4,17,44,25,16,7,13.709677419354838
66,6,24,1472,7,11,36,28,26,10,13.734115347018573
43,8,27,1436,4,11,38,24,15,8,13.758553274682306
55,8,36,1420,5,23,37,21,25,7,13.782991202346041
70,6,38,1386,8,6,52,29,27,8,13.807429130009774
66,11,42,1398,6,15,38,28,20,5,13.83186705767351
57,11,39,1377,4,19,45,28,26,7,13.856304985337243
46,9,30,1357,6,11,42,31,24,15,13.880742913000978
53,3,26,1339,8,18,43,27,16,7,13.90518084066471
50,8,30,1370,7,18,33,36,24,12,13.929618768328446
45,7,32,1278,8,11,24,27,31,8,13.954056695992179
37,13,35,1297,7,13,49,27,21,11,13.978494623655914
58,10,28,1170,3,17,34,30,23,4,14.002932551319647
45,10,31,1272,1,15,40,28,15,8,14.027370478983382
43,5,33,1177,4,23,41,25,22,8,14.051808406647115
45,14,31,1216,3,6,46,39,22,10,14.07624633431085
43,2,34,1198,3,16,35,24,21,6,14.100684261974584
44,7,36,1135,7,22,40,28,22,10,14.125122189638319
42,4,39,1143,6,17,41,25,19,8,14.149560117302052
53,8,32,1133,1,20,47,18,21,7,14.173998044965787
49,7,30,1087,4,19,30,26,23,7,14.19843597262952
36,17,30,1135,1,21,41,26,22,2,14.222873900293255
61,8,34,1070,3,14,33,30,30,6,14.247311827956988
47,9,38,1067,6,11,37,38,19,9,14.271749755620723
48,9,34,1097,8,12,51,37,25,10,14.296187683284456
39,6,31,1010,7,19,43,25,21,9,14.320625610948191
49,8,33,1074,4,16,46,31,25,7,14.345063538611925
46,11,27,1067,8,15,41,39,22,3,14.36950146627566
49,3,44,995,4,14,46,33,28,8,14.393939393939393
58,7,37,949,6,19,30,25,21,9,14.418377321603128
39,9,38,1010,6,13,47,25,22,14,14.442815249266861
39,14,33,1114,4,16,40,29,21,9,14.467253176930596
48,9,34,932,11,20,44,27,29,8,14.491691104594329
50,12,32,918,4,16,37,22,25,11,14.516129032258064
50,9,32,954,3,12,45,29,32,9,14.540566959921797
43,11,24,1034,8,17,33,29,17,12,14.565004887585532
39,8,40,962,6,12,34,31,19,10,14.589442815249265
51,12,30,925,3,14,37,26,20,9,14.613880742913
50,3,37,943,5,13,34,40,30,6,14.638318670576735
54,6,35,952,8,17,32,37,14,7,14.662756598240469
44,8,36,891,12,16,29,28,22,4,14.687194525904204
49,2,33,952,3,12,38,18,20,11,14.711632453567937
55,3,40,929,5,16,39,34,24,7,14.736070381231672
39,8,43,931,1,24,44,29,19,7,14.760508308895405
47,7,40,991,3,29,39,22,21,7,14.78494623655914
43,12,41,904,7,14,43,26,20,8,14.809384164222873
52,5,34,922,4,12,41,31,28,11,14.833822091886608
55,8,38,892,4,19,44,27,20,13,14.858260019550341
61,6,35,896,2,18,31,23,27,11,14.882697947214076
37,11,37,883,4,23,32,24,20,10,14.90713587487781
48,8,37,905,3,10,33,31,22,7,14.931573802541545
57,9,33,873,3,18,50,31,23,7,14.956011730205278
64,7,34,865,4,10,41,26,23,9,14.980449657869013
52,3,35,908,5,13,38,29,25,11,15.004887585532746
40,10,28,858,4,16,36,27,32,9,15.029325513196481
57,5,33,872,5,9,33,20,18,9,15.053763440860214
36,9,32,925,1,10,37,31,16,8,15.078201368523949
46,5,30,887,3,21,36,22,33,6,15.102639296187682
46,8,33,890,7,13,41,28,18,10,15.127077223851417
43,8,41,934,8,21,42,31,30,8,15.15151515151515
37,7,35,801,2,22,37,34,22,8,15.175953079178885
48,8,45,913,6,12,39,31,29,2,15.200391006842619
45,9,26,786,4,15,31,31,19,7,15.224828934506354
54,9,33,871,7,15,34,30,31,8,15.249266862170087
48,8,26,873,7,14,36,33,23,15,15.273704789833822
36,8,36,867,7,16,28,34,25,11,15.298142717497555
47,14,31,892,6,18,43,20,29,8,15.32258064516129
32,8,35,890,4,9,35,32,20,6,15.347018572825023
50,10,44,946,6,18,41,37,22,7,15.371456500488758
63,9,34,903,4,19,50,22,23,8,15.395894428152491
44,7,33,818,3,16,44,22,16,5,15.420332355816226
47,10,34,871,4,20,45,16,15,8,15.44477028347996
49,12,29,842,2,9,33,30,19,9,15.469208211143695
57,9,45,919,6,20,28,21,17,10,15.493646138807428
61,7,32,819,5,9,40,28,25,7,15.518084066471163
45,7,32,833,6,15,41,25,20,9,15.542521994134896
59,7,32,831,10,14,48,21,23,14,15.566959921798631
37,11,44,867,1,20,38,21,26,12,15.591397849462364
31,7,30,885,5,19,35,28,21,5,15.6158357771261
53,7,38,880,3,8,45,25,23,8,15.640273704789834
56,10,29,847,4,11,39,23,17,7,15.664711632453567
41,6,25,827,5,8,45,26,32,11,15.689149560117302
41,6,33,862,5,20,36,29,23,10,15.713587487781036
50,8,33,846,5,17,29,28,23,4,15.73802541544477
44,11,41,797,6,13,41,28,25,2,15.762463343108504
38,7,22,861,6,10,42,31,15,4,15.786901270772239
47,9,31,808,4,16,35,32,21,6,15.811339198435972
47,10,28,885,2,22,35,20,21,7,15.835777126099707
35,11,44,935,2,17,47,37,24,3,15.86021505376344
49,2,31,856,3,17,29,31,34,3,15.884652981427175
47,4,43,878,1,15,38,30,28,13,15.909090909090908
59,6,33,891,6,19,38,31,18,7,15.933528836754643
39,5,32,897,4,22,39,27,17,10,15.957966764418376
45,8,35,896,6,16,50,32,31,9,15.982404692082111
51,8,37,900,8,16,40,27,17,8,16.006842619745846
67,9,36,907,4,15,39,22,20,8,16.03128054740958
31,5,45,851,3,15,43,24,13,7,16.055718475073313
42,11,27,857,2,13,34,36,15,12,16.080156402737046
42,9,33,899,2,14,54,27,17,10,16.104594330400783
60,5,57,945,8,13,45,21,31,12,16.129032258064516
34,6,29,853,5,14,47,34,21,6,16.15347018572825
53,7,46,927,1,17,44,26,24,8,16.177908113391982
57,6,32,869,5,16,37,18,21,9,16.20234604105572
33,4,34,908,4,17,37,30,24,8,16.226783968719452
40,8,29,933,4,12,44,32,33,10,16.251221896383186
47,9,29,915,6,20,50,29,20,13,16.27565982404692
58,8,35,921,3,21,40,21,19,11,16.300097751710656
58,10,33,929,4,18,45,25,24,8,16.32453567937439
44,9,29,881,3,23,39,23,26,8,16.348973607038122
37,8,27,956,2,19,39,30,23,7,16.373411534701855
45,13,32,959,7,11,44,23,17,9,16.397849462365592
33,8,36,935,2,16,34,17,29,7,16.422287390029325
48,11,39,987,4,21,47,26,28,7,16.44672531769306
51,8,39,960,7,13,36,24,13,4,16.47116324535679
55,7,34,938,6,28,50,24,30,9,16.49560117302053
57,16,36,964,5,14,55,27,29,8,16.52003910068426
55,5,34,983,4,20,49,23,21,11,16.544477028347995
61,8,28,976,4,18,33,21,21,12,16.568914956011728
41,8,37,983,6,25,37,29,21,11,16.593352883675465
40,12,33,948,5,24,33,35,23,8,16.617790811339198
43,7,30,1016,5,18,38,29,29,9,16.64222873900293
59,12,41,1011,6,18,36,31,36,6,16.666666666666664
40,10,30,1045,5,20,43,26,17,5,16.6911045943304
46,8,38,1008,5,17,44,32,21,5,16.715542521994134
60,4,33,1015,5,7,40,26,20,6,16.739980449657867
49,11,42,1021,7,10,56,38,16,14,16.764418377321604
47,7,29,1112,3,9,48,26,34,10,16.788856304985337
47,8,37,1051,8,13,35,28,18,8,16.81329423264907
40,12,42,1057,5,18,44,26,18,7,16.837732160312804
44,8,26,1116,8,22,35,33,32,4,16.86217008797654
57,6,36,1068,5,18,50,32,29,5,16.886608015640274
56,7,39,1139,4,20,45,25,20,7,16.911045943304007
36,5,39,1124,8,12,38,32,28,4,16.93548387096774
46,4,40,1115,6,18,43,27,19,11,16.959921798631477
62,5,31,1143,3,12,46,29,22,6,16.98435972629521
47,7,27,1181,4,14,35,30,30,4,17.008797653958943
43,13,28,1089,7,15,48,27,18,13,17.033235581622677
56,13,35,1186,6,18,44,22,24,5,17.057673509286413
40,8,32,1230,5,17,30,32,19,5,17.082111436950147
55,5,30,1270,2,28,34,24,18,4,17.10654936461388
40,12,43,1199,11,16,44,22,26,11,17.130987292277613
52,11,40,1240,3,12,44,24,23,4,17.15542521994135
44,8,35,1266,6,16,37,27,28,13,17.179863147605083
50,2,29,1309,8,22,37,30,26,14,17.204301075268816
45,7,43,1229,3,11,36,22,17,8,17.22873900293255
55,7,34,1346,4,6,46,30,18,4,17.253176930596286
48,5,38,1311,4,23,33,33,21,12,17.27761485826002
53,4,23,1355,5,20,35,27,21,9,17.302052785923753
56,5,32,1398,1,18,35,28,25,8,17.326490713587486
40,5,30,1473,3,25,29,21,21,20,17.350928641251222
58,5,40,1475,6,17,33,24,14,7,17.375366568914956
48,9,33,1483,9,8,33,29,27,13,17.39980449657869
39,12,40,1512,7,23,34,26,23,8,17.424242424242422
51,10,24,1478,5,20,33,20,25,4,17.44868035190616
58,20,35,1450,5,13,39,28,21,4,17.473118279569892
52,8,34,1512,2,24,37,30,15,3,17.497556207233625
46,5,33,1580,2,15,44,21,19,9,17.52199413489736
34,10,30,1633,6,11,31,24,21,6,17.546432062561095
49,8,39,1582,4,16,45,26,20,13,17.57086999022483
45,4,34,1650,5,12,34,25,21,11,17.59530791788856
65,5,17,1680,4,14,36,31,27,6,17.619745845552295
60,5,33,1689,5,22,50,34,30,9,17.64418377321603
57,10,27,1798,8,15,36,28,19,6,17.668621700879765
39,16,33,1799,6,15,40,38,14,6,17.693059628543498
44,9,37,1840,9,14,33,32,13,8,17.71749755620723
55,7,35,1931,5,10,41,28,28,10,17.741935483870968
56,6,37,1876,5,13,34,32,22,5,17.7663734115347
51,10,19,1993,4,14,37,35,23,8,17.790811339198434
40,9,29,2023,2,19,30,19,19,6,17.81524926686217
53,10,33,2065,3,16,40,26,29,11,17.839687194525904
37,6,43,2161,5,11,40,23,18,6,17.864125122189638
49,5,33,2141,10,15,43,33,25,9,17.88856304985337
43,8,36,2187,6,14,50,41,22,5,17.913000977517108
37,4,31,2185,3,16,40,22,23,11,17.93743890518084
31,10,40,2266,7,19,41,36,16,7,17.961876832844574
39,8,24,2309,5,15,46,29,14,6,17.986314760508307
42,7,28,2388,6,14,49,32,26,13,18.010752688172044
45,9,30,2433,2,20,46,31,25,10,18.035190615835777
56,5,35,2358,3,19,40,34,22,9,18.05962854349951
52,5,42,2509,8,12,35,23,19,5,18.084066471163244
49,8,39,2614,4,11,35,29,20,12,18.10850439882698
41,9,24,2625,4,22,36,34,25,17,18.132942326490713
51,5,31,2693,3,16,41,26,26,7,18.157380254154447
41,3,37,2792,6,22,37,22,24,3,18.18181818181818
43,7,32,2893,5,28,44,27,18,7,18.206256109481917
45,12,29,3000,5,10,41,30,22,13,18.23069403714565
36,8,35,2916,5,18,43,33,12,10,18.255131964809383
45,10,38,2907,1,21,41,22,24,5,18.279569892473116
42,8,35,2983,5,31,44,25,19,10,18.304007820136853
43,9,36,3088,5,10,34,24,22,6,18.328445747800586
36,11,39,3051,5,14,36,36,25,7,18.35288367546432
38,9,27,3289,4,20,42,32,26,9,18.377321603128053
50,10,31,3232,6,18,45,31,27,13,18.40175953079179
50,5,38,3368,11,16,24,28,29,14,18.426197458455523
38,6,27,3385,5,17,39,33,27,11,18.450635386119256
54,4,31,3406,3,16,39,21,19,16,18.47507331378299
56,6,34,3471,5,21,33,24,18,8,18.499511241446726
60,4,28,3554,4,9,50,25,19,5,18.52394916911046
43,10,38,3668,6,19,41,28,18,9,18.548387096774192
41,9,24,3663,8,24,46,28,36,8,18.572825024437925
53,3,33,3684,3,23,37,23,22,12,18.597262952101662
44,8,33,3577,4,17,38,19,33,7,18.621700879765395
50,2,29,3702,5,13,42,42,23,7,18.64613880742913
42,6,26,3838,5,8,32,37,25,7,18.67057673509286
47,6,40,3874,2,13,47,26,19,12,18.6950146627566
57,9,34,3934,4,9,33,25,23,7,18.71945259042033
58,7,32,3879,5,19,41,32,13,7,18.743890518084065
60,5,23,3958,5,23,35,25,19,15,18.768328445747798
55,9,29,4014,5,15,37,35,18,2,18.792766373411535
51,10,25,4054,7,23,52,31,19,3,18.817204301075268
35,6,37,3935,8,20,50,36,23,14,18.841642228739
55,8,42,4027,2,19,42,23,21,2,18.866080156402738
55,11,27,4127,5,14,35,28,21,9,18.89051808406647
43,8,34,4067,11,19,42,16,24,9,18.914956011730204
55,5,40,4024,7,20,51,22,23,4,18.939393939393938
62,10,33,4088,6,20,41,30,22,8,18.963831867057674
53,11,32,4189,4,18,42,25,21,7,18.988269794721408
46,3,38,4124,6,17,30,34,24,7,19.01270772238514
53,7,43,4112,6,19,38,33,17,6,19.037145650048874
53,11,35,4056,1,20,42,32,20,4,19.06158357771261
55,10,40,4126,7,18,43,20,16,17,19.086021505376344
41,11,28,4078,7,19,40,30,19,8,19.110459433040077
28,4,30,4042,9,21,28,32,16,13,19.13489736070381
36,9,31,4095,8,12,29,35,21,10,19.159335288367547
40,10,33,4098,4,16,48,18,18,12,19.18377321603128
49,6,33,3871,3,17,42,29,28,5,19.208211143695014
55,7,32,3934,5,14,26,18,15,8,19.232649071358747
58,11,33,3888,2,18,49,34,20,10,19.257086999022484
43,8,29,4015,1,23,44,28,24,10,19.281524926686217
65,6,30,3899,5,19,43,37,32,6,19.30596285434995
45,9,40,3910,4,21,36,30,18,9,19.330400782013683
38,6,28,3844,8,18,45,26,24,5,19.35483870967742
51,8,34,3931,3,12,36,25,18,5,19.379276637341153
55,4,31,3876,7,12,51,17,14,10,19.403714565004886
41,3,25,3896,7,18,40,29,18,4,19.42815249266862
70,13,35,3975,9,20,40,29,19,10,19.452590420332356
61,7,31,4062,7,15,42,26,18,5,19.47702834799609
53,7,28,4205,1,15,44,27,34,8,19.501466275659823
72,8,35,4378,3,18,36,30,19,14,19.525904203323556
55,7,32,4533,4,16,40,25,27,9,19.550342130987293
68,14,38,4764,7,12,44,28,24,9,19.574780058651026
55,5,36,4687,8,20,38,27,19,7,19.59921798631476
64,7,31,4761,6,18,36,29,27,11,19.623655913978492
83,7,37,4893,6,17,31,33,23,8,19.64809384164223
87,13,29,5063,8,14,44,15,24,9,19.672531769305962
104,3,34,4947,5,12,45,24,18,4,19.696969696969695
128,4,29,4836,2,18,42,19,29,9,19.72140762463343
129,6,32,4597,2,17,28,22,18,11,19.745845552297165
170,16,27,4612,2,14,35,25,30,7,19.7702834799609
162,11,37,4368,3,13,33,19,30,8,19.794721407624632
167,7,27,4315,1,16,42,22,19,7,19.81915933528837
162,3,34,4198,6,16,43,29,15,12,19.843597262952102
157,11,34,4003,9,17,41,28,25,12,19.868035190615835
178,10,35,3790,4,20,46,29,21,6,19.892473118279568
219,10,36,3490,6,12,38,31,25,15,19.916911045943305
168,13,33,3366,3,18,32,22,20,6,19.941348973607038
126,10,55,3201,7,15,44,22,16,8,19.96578690127077
154,14,31,2984,2,13,35,24,21,10,19.990224828934505
135,6,30,2873,4,17,51,33,19,9,20.01466275659824
120,9,41,2815,3,13,37,24,26,7,20.039100684261975
106,6,38,2602,3,19,41,25,22,6,20.063538611925708
102,7,36,2497,2,13,40,25,26,10,20.08797653958944
85,10,32,2457,7,16,43,35,19,10,20.112414467253178
86,5,30,2373,4,21,48,28,27,7,20.13685239491691
81,7,30,2225,6,16,36,36,29,9,20.161290322580644
67,10,29,2123,4,16,46,29,17,14,20.185728250244377
62,7,32,1994,4,21,49,27,22,12,20.210166177908114
56,9,36,2024,5,17,37,30,22,7,20.234604105571847
69,9,37,1897,2,14,49,26,21,7,20.25904203323558
59,5,28,1886,5,15,36,24,23,14,20.283479960899314
60,6,30,1830,9,20,49,23,21,6,20.30791788856305
61,6,24,1775,6,15,35,17,33,9,20.332355816226784
66,3,39,1664,1,14,32,17,25,5,20.356793743890517
62,11,34,1609,4,17,43,26,27,5,20.38123167155425
47,9,40,1630,3,17,39,39,25,13,20.405669599217987
46,9,37,1542,7,13,40,32,23,9,20.43010752688172
57,6,35,1520,4,9,43,28,24,9,20.454545454545453
52,5,32,1508,2,14,40,29,23,10,20.478983382209186
54,7,31,1442,5,15,33,25,22,9,20.503421309872923
59,5,34,1444,4,19,40,22,20,7,20.527859237536656
45,4,39,1455,4,15,37,35,32,11,20.55229716520039
48,10,35,1313,6,15,36,29,22,12,20.576735092864123
44,9,26,1361,8,17,49,21,17,10,20.60117302052786
51,9,29,1283,8,12,38,26,19,6,20.625610948191593
45,11,29,1278,5,23,32,27,21,4,20.650048875855326
49,11,44,1281,4,13,35,29,24,8,20.67448680351906
60,11,32,1264,2,13,39,24,26,7,20.698924731182796
60,13,26,1194,5,11,38,30,23,7,20.72336265884653
51,10,30,1187,3,19,32,35,18,3,20.747800586510262
44,5,22,1235,5,21,48,34,25,6,20.772238514173996
48,7,25,1192,5,18,46,17,26,10,20.796676441837732
51,6,28,1105,6,22,33,28,25,11,20.821114369501466
51,10,38,1104,6,14,36,32,29,8,20.8455522971652
32,8,21,1082,6,18,38,23,26,7,20.869990224828936
46,7,30,1043,6,17,34,27,20,8,20.89442815249267
43,6,28,1035,4,8,47,28,30,7,20.918866080156402
51,10,35,1065,6,16,41,28,21,4,20.943304007820135
49,9,24,1076,4,20,48,33,16,10,20.967741935483872
40,9,25,1011,4,11,44,29,22,9,20.992179863147605
54,10,33,1044,9,17,39,30,16,4,21.01661779081134
51,9,29,958,5,17,37,18,21,10,21.04105571847507
43,6,21,1014,4,12,39,25,25,7,21.06549364613881
60,6,28,922,5,17,47,20,22,11,21.08993157380254
42,7,32,954,10,10,38,31,20,9,21.114369501466275
57,7,21,910,3,20,43,27,18,8,21.138807429130008
52,11,32,947,7,16,42,32,18,5,21.163245356793745
56,6,32,958,3,17,46,36,23,3,21.187683284457478
50,7,37,932,4,13,52,20,20,5,21.21212121212121
37,9,28,938,4,21,47,36,25,11,21.236559139784944
44,9,30,924,4,15,32,23,22,9,21.26099706744868
55,6,17,898,4,10,37,30,12,3,21.285434995112414
42,6,31,950,5,24,34,19,19,5,21.309872922776147
54,9,42,897,5,17,40,29,21,4,21.33431085043988
51,8,43,902,4,16,37,21,25,7,21.358748778103617
53,7,37,905,8,14,36,26,19,7,21.38318670576735
56,8,22,952,4,10,39,32,29,9,21.407624633431084
40,7,29,940,4,19,37,31,22,5,21.432062561094817
68,7,34,890,3,17,46,34,26,6,21.456500488758554
59,7,26,920,16,11,37,32,28,15,21.480938416422287
49,7,27,898,2,20,54,30,26,7,21.50537634408602
66,12,45,882,9,22,38,34,20,10,21.529814271749753
70,16,29,921,1,16,54,33,21,15,21.55425219941349
75,10,50,941,6,24,69,35,32,8,21.578690127077223
97,14,42,961,7,19,61,43,35,11,21.603128054740957
107,14,56,980,1,28,92,60,35,3,21.62756598240469
138,12,82,962,6,29,96,57,48,13,21.652003910068427
134,12,96,1047,17,40,115,75,46,11,21.67644183773216
207,18,112,1089,9,41,153,93,41,19,21.700879765395893
224,17,143,1165,17,52,173,85,74,26,21.725317693059626
310,30,171,1209,18,65,243,127,80,31,21.749755620723363
406,22,197,1310,16,53,265,144,99,47,21.774193548387096
461,37,256,1441,12,75,345,194,132,31,21.79863147605083
605,39,352,1531,20,83,421,226,162,39,21.823069403714562
708,52,399,1720,21,126,571,274,209,53,21.8475073313783
1003,55,556,2094,27,169,721,414,266,57,21.871945259042032
1197,61,621,2360,31,167,859,480,339,67,21.896383186705766
1572,87,821,2690,43,237,1080,609,364,101,21.920821114369502
1959,91,1004,3298,47,317,1467,732,474,105,21.945259042033236
2575,131,1301,3961,66,373,1855,968,656,128,21.96969696969697
3414,183,1819,4953,85,524,2540,1313,865,183,21.994134897360702
4763,250,2671,6412,117,727,3671,1835,1183,230,22.01857282502444
6956,377,4006,8171,183,1159,5319,2803,1909,401,22.043010752688172
9781,687,5984,11188,305,1959,7752,4341,3087,654,22.067448680351905
13345,1088,8833,14745,534,3142,11302,6819,4767,1069,22.09188660801564
18033,1788,12660,19706,855,5046,15736,9802,7299,1729,22.116324535679375
23419,2786,17441,24575,1477,7286,20724,13962,10476,2772,22.14076246334311
28789,4076,22167,29503,2228,9935,25603,17810,13750,4043,22.16520039100684
33222,5487,25962,33744,3033,12625,30257,21252,17107,5445,22.189638318670575
36130,6737,28831,36350,3669,14608,32926,23737,19114,6678,22.21407624633431
37089,7555,29701,37180,4435,15766,33245,25303,20394,7763,22.238514173998045
35693,7916,28302,35791,4729,15832,32508,24364,19780,7791,22.262952101661778
32462,7598,25714,32588,4695,14505,29517,22397,18254,7720,22.28739002932551
28412,6832,22396,28584,4109,12695,25368,19349,15594,6712,22.311827956989248
23604,5768,18290,24287,3592,10346,21094,15848,13162,5592,22.33626588465298
19052,4405,14431,20038,2866,8092,16729,12418,10236,4527,22.360703812316714
15181,3395,11334,16336,2167,6281,13207,9481,7727,3413,22.385141739980448
11657,2504,8801,13160,1626,4708,10247,7150,5846,2526,22.409579667644184
9206,1913,6393,10588,1215,3419,7704,5275,4277,1849,22.434017595307918
7122,1369,4986,8654,812,2638,6051,4123,3219,1373,22.45845552297165
5616,1007,3724,7112,606,1920,4692,3132,2495,1002,22.482893450635384
4511,754,2990,6186,438,1411,3715,2433,1919,772,22.50733137829912
3728,611,2329,5125,370,1147,2875,1833,1519,558,22.531769305962854
3005,444,1911,4378,275,888,2342,1442,1108,465,22.556207233626587
2406,327,1581,3863,195,731,1969,1200,972,345,22.58064516129032
2027,280,1258,3389,190,575,1540,1018,758,316,22.605083088954057
1852,252,1047,3033,132,491,1310,845,622,238,22.62952101661779
1495,190,920,2839,122,414,1230,714,569,203,22.653958944281523
1305,173,781,2558,107,322,1048,643,493,165,22.678396871945257
1109,149,745,2449,71,296,860,553,402,151,22.702834799608993
1062,138,630,2329,72,258,790,484,384,119,22.727272727272727
948,97,618,2065,80,232,753,413,361,103,22.75171065493646
854,108,503,2007,60,213,706,446,338,107,22.776148582600193
824,81,516,1948,70,234,600,368,252,101,22.80058651026393
748,86,482,1918,61,212,597,338,256,94,22.825024437927663
744,80,445,1852,44,182,552,315,237,93,22.849462365591396
685,73,379,1812,56,157,526,313,216,81,22.87390029325513
654,75,382,1778,43,155,502,282,231,79,22.898338220918866
580,84,385,1765,47,139,462,274,215,65,22.9227761485826
537,80,356,1738,36,164,435,306,203,78,22.947214076246333
534,71,343,1781,31,167,431,280,196,71,22.97165200391007
502,61,321,1700,42,156,440,260,205,74,22.996089931573803
485,74,352,1767,53,153,448,242,202,62,23.020527859237536
544,59,377,1720,43,156,463,306,203,66,23.04496578690127
586,74,348,1746,44,167,416,284,231,85,23.069403714565006
567,90,389,1745,52,198,496,299,245,77,23.09384164222874
632,80,447,1785,44,183,531,319,241,88,23.118279569892472
652,86,436,1795,53,219,540,375,281,91,23.142717497556205
653,115,463,1956,65,213,577,387,288,100,23.167155425219942
726,98,515,1896,73,237,590,408,312,109,23.191593352883675
718,108,482,2055,63,281,655,465,315,127,23.21603128054741
707,129,489,2004,67,256,624,489,305,132,23.24046920821114
748,133,544,1937,63,272,629,417,341,100,23.26490713587488
756,129,554,2012,74,245,609,456,331,111,23.28934506353861
666,134,522,2009,71,253,572,416,353,108,23.313782991202345
625,124,436,1930,83,247,568,364,304,126,23.338220918866078
595,97,461,1887,72,225,521,365,305,119,23.362658846529815
529,109,414,1926,49,189,451,339,271,97,23.387096774193548
504,90,347,1806,63,156,388,277,213,108,23.41153470185728
438,64,303,1798,61,176,356,212,201,87,23.435972629521014
417,85,309,2515,61,137,354,220,199,77,23.46041055718475
441,63,302,3066,47,148,389,235,171,75,23.484848484848484
391,62,245,3096,46,145,294,227,176,72,23.509286412512218
369,55,233,2985,27,107,295,193,164,44,23.53372434017595
337,67,233,3020,29,99,305,197,142,61,23.558162267839688
316,71,225,3102,33,111,287,175,144,64,23.58260019550342
334,40,222,2939,38,124,259,178,140,47,23.607038123167154
282,50,215,2955,25,114,265,187,150,45,23.631476050830887
315,56,186,3072,34,103,248,168,141,39,23.655913978494624
270,54,181,3021,24,100,248,155,138,49,23.680351906158357
247,39,168,3033,20,113,224,175,130,49,23.70478983382209
238,52,178,2984,27,72,184,140,124,42,23.729227761485824
238,44,163,3033,25,74,205,154,105,48,23.75366568914956
199,50,165,3024,24,75,183,127,109,38,23.778103616813294
203,37,146,2965,22,63,169,102,88,30,23.802541544477027
184,27,134,3048,17,81,150,113,117,40,23.82697947214076
179,36,144,2974,18,78,146,109,87,22,23.851417399804497
170,31,123,3071,24,67,140,96,82,30,23.87585532746823
164,29,113,3056,9,54,124,83,82,34,23.900293255131963
142,28,95,2969,15,61,139,120,79,26,23.924731182795696
178,19,118,3004,13,48,110,98,74,19,23.949169110459433
169,31,116,2980,22,64,145,96,66,29,23.973607038123166
144,19,124,2927,15,57,132,93,86,27,23.9980449657869
157,31,96,3067,14,50,132,103,72,29,24.022482893450636
137,32,119,3039,13,52,122,90,88,14,24.04692082111437
139,28,106,3089,16,49,128,85,54,31,24.071358748778103
141,18,117,3001,13,45,122,98,56,23,24.095796676441836
157,25,94,2891,13,47,109,90,47,22,24.120234604105573
146,25,99,3014,16,44,128,83,52,32,24.144672531769306
140,24,81,3019,13,47,102,80,59,25,24.16911045943304
126,23,83,3008,13,48,110,77,55,26,24.193548387096772
123,20,96,2956,12,61,114,78,61,24,24.21798631476051
150,19,107,2926,9,41,93,58,47,22,24.242424242424242
110,24,79,2961,17,56,111,89,54,16,24.266862170087975
126,20,88,2944,10,43,107,58,47,27,24.29130009775171
127,33,83,2830,11,37,109,71,66,21,24.315738025415445
137,29,86,2983,18,48,92,60,58,19,24.34017595307918
118,33,88,2856,16,28,122,67,45,20,24.364613880742912
120,13,88,2955,14,52,82,64,42,16,24.389051808406645
133,15,78,2958,15,37,85,76,47,28,24.41348973607038
95,18,87,2852,13,33,97,61,54,16,24.437927663734115
122,22,90,2856,11,49,72,70,35,12,24.462365591397848
117,16,77,2899,9,55,85,67,44,27,24.48680351906158
96,19,85,2908,10,31,94,60,45,20,24.511241446725318
74,17,86,2841,6,35,76,68,38,23,24.53567937438905
110,19,82,2943,13,40,87,69,60,16,24.560117302052785
103,17,66,2814,9,43,80,57,48,25,24.584555229716518
94,21,56,2739,14,28,96,69,38,17,24.608993157380255
102,15,63,2719,4,32,87,56,46,20,24.633431085043988
98,13,77,2789,10,43,77,61,47,12,24.65786901270772
92,15,67,2789,13,29,92,53,38,14,24.682306940371454
90,19,66,2655,10,31,87,56,41,21,24.70674486803519
93,15,66,2568,7,28,73,53,48,12,24.731182795698924
82,15,54,2637,11,32,89,43,45,14,24.755620723362657
79,14,67,2665,10,19,66,56,39,11,24.78005865102639
86,14,54,2629,10,38,64,43,45,17,24.804496578690127
106,14,74,2610,10,18,80,50,39,12,24.82893450635386
82,20,46,2471,13,24,67,39,42,12,24.853372434017594
79,11,57,2521,10,26,55,51,40,15,24.877810361681327
93,15,59,2542,7,28,60,40,33,8,24.902248289345064
100,23,63,2372,9,25,74,44,36,16,24.926686217008797
73,9,63,2486,9,26,70,47,25,13,24.95112414467253
82,14,49,2529,22,21,72,35,51,17,24.975562072336263
86,16,58,2410,8,24,57,52,35,12,25.0
