3,7,0,45,4,Time
14,6,6,7,5,0.0
6,3,6,4,6,0.024437927663734114
6,6,6,9,5,0.04887585532746823
7,8,2,5,2,0.07331378299120234
6,10,6,7,2,0.09775171065493646
7,12,9,6,7,0.12218963831867058
11,8,4,8,6,0.14662756598240467
2,9,6,3,7,0.1710654936461388
4,4,9,6,8,0.19550342130987292
4,7,6,5,1,0.21994134897360704
10,15,7,5,5,0.24437927663734116
6,6,6,7,6,0.26881720430107525
9,4,4,3,4,0.29325513196480935
10,5,5,7,3,0.3176930596285435
7,9,9,7,10,0.3421309872922776
10,6,8,5,4,0.36656891495601174
9,9,3,6,9,0.39100684261974583
17,8,9,3,11,0.4154447702834799
10,6,6,11,4,0.4398826979472141
11,9,4,10,4,0.46432062561094817
5,8,8,7,10,0.4887585532746823
8,8,7,11,7,0.5131964809384164
13,8,5,5,6,0.5376344086021505
8,16,5,8,6,0.5620723362658846
11,8,9,3,10,0.5865102639296187
11,9,6,4,5,0.6109481915933529
7,5,7,7,4,0.635386119257087
14,6,5,10,6,0.6598240469208211
8,5,8,4,8,0.6842619745845552
14,6,9,5,7,0.7086999022482893
7,10,9,10,9,0.7331378299120235
4,12,6,7,7,0.7575757575757576
9,11,10,10,7,0.7820136852394917
16,12,4,8,6,0.8064516129032258
8,7,6,1,6,0.8308895405669598
8,7,8,5,8,0.855327468230694
4,10,1,2,6,0.8797653958944281
13,8,9,10,1,0.9042033235581622
12,10,7,9,9,0.9286412512218963
9,9,7,13,8,0.9530791788856304
9,8,8,8,7,0.9775171065493646
15,9,7,8,7,1.0019550342130987
8,15,7,7,5,1.0263929618768328
11,7,6,9,10,1.050830889540567
8,8,12,8,5,1.075268817204301
11,13,6,8,6,1.099706744868035
11,9,11,8,4,1.1241446725317692
9,8,9,14,5,1.1485826001955033
15,8,5,5,15,1.1730205278592374
10,8,11,6,10,1.1974584555229717
10,7,6,8,8,1.2218963831867058
2,7,5,6,5,1.2463343108504399
12,9,7,11,7,1.270772238514174
11,15,7,7,3,1.295210166177908
11,14,14,6,16,1.3196480938416422
18,13,9,6,11,1.3440860215053763
12,9,9,10,6,1.3685239491691104
16,13,8,7,5,1.3929618768328444
12,7,8,15,5,1.4173998044965785
12,14,10,3,4,1.4418377321603129
7,9,7,10,8,1.466275659824047
8,19,7,16,6,1.490713587487781
11,13,8,6,9,1.5151515151515151
8,10,6,7,7,1.5395894428152492
12,5,10,5,8,1.5640273704789833
13,11,10,5,9,1.5884652981427174
6,10,6,13,4,1.6129032258064515
8,9,7,5,9,1.6373411534701856
17,12,8,3,4,1.6617790811339197
11,14,7,6,8,1.6862170087976538
11,8,14,1,6,1.710654936461388
8,6,7,8,8,1.7350928641251222
7,6,8,13,12,1.7595307917888563
9,8,9,10,8,1.7839687194525904
6,15,5,12,9,1.8084066471163245
12,10,8,9,5,1.8328445747800586
17,13,6,11,11,1.8572825024437927
23,13,7,8,10,1.8817204301075268
19,20,5,16,12,1.9061583577712609
22,26,14,20,14,1.930596285434995
48,27,12,20,15,1.9550342130987293
40,36,16,17,8,1.9794721407624634
55,41,18,21,18,2.0039100684261975
59,45,21,25,26,2.0283479960899315
79,61,17,36,20,2.0527859237536656
114,87,18,45,29,2.0772238514173997
168,90,26,42,36,2.101661779081134
172,130,25,58,39,2.126099706744868
292,156,25,91,37,2.150537634408602
342,211,23,104,37,2.174975562072336
436,315,34,122,51,2.19941348973607
621,441,33,143,59,2.2238514173998043
776,540,39,229,73,2.2482893450635384
1059,723,52,293,78,2.2727272727272725
1771,1069,47,541,112,2.2971652003910066
2779,1663,67,839,180,2.3216031280547407
4485,2773,79,1303,238,2.3460410557184748
7579,4655,126,2057,428,2.3704789833822093
12504,7782,168,2979,639,2.3949169110459434
18761,12366,276,4297,1021,2.4193548387096775
27658,18630,372,5549,1516,2.4437927663734116
36856,26165,502,6673,2003,2.4682306940371457
46041,34344,648,7498,2507,2.4926686217008798
53562,41625,675,8058,2925,2.517106549364614
56760,45711,719,7771,3198,2.541544477028348
55169,46923,736,7238,3110,2.565982404692082
51630,45461,700,6200,2971,2.590420332355816
44234,40015,563,5049,2543,2.6148582600195502
36510,33859,480,3875,2117,2.6392961876832843
28896,27108,420,2941,1651,2.6637341153470184
21825,20995,274,2329,1321,2.6881720430107525
16094,15806,227,1643,904,2.7126099706744866
12171,11412,174,1188,734,2.7370478983382207
9019,8674,154,870,535,2.761485826001955
6796,6364,115,702,416,2.785923753665689
5082,4778,80,507,316,2.810361681329423
3932,3637,72,425,226,2.834799608993157
3075,2771,54,337,186,2.859237536656891
2539,2222,43,258,165,2.8836754643206257
1986,1812,35,231,120,2.90811339198436
1673,1436,46,169,113,2.932551319648094
1436,1202,40,165,88,2.956989247311828
1203,1062,34,166,81,2.981427174975562
1020,819,32,140,67,3.005865102639296
856,724,31,118,66,3.0303030303030303
786,617,22,106,59,3.0547409579667644
697,612,23,111,53,3.0791788856304985
587,537,16,89,49,3.1036168132942326
611,487,27,85,57,3.1280547409579667
564,460,23,69,39,3.1524926686217007
503,462,15,74,42,3.176930596285435
490,430,16,77,32,3.201368523949169
446,403,21,65,34,3.225806451612903
438,383,18,62,40,3.250244379276637
443,399,11,80,33,3.274682306940371
459,383,15,80,25,3.2991202346041053
447,370,22,72,39,3.3235581622678394
436,340,14,58,23,3.3479960899315735
485,353,8,79,35,3.3724340175953076
493,371,20,75,41,3.396871945259042
507,426,18,97,51,3.421309872922776
563,436,15,84,37,3.4457478005865103
575,460,15,105,33,3.4701857282502444
659,490,14,109,43,3.4946236559139785
707,568,11,129,56,3.5190615835777126
729,577,22,116,44,3.5434995112414467
757,636,23,132,55,3.567937438905181
813,627,27,126,55,3.592375366568915
839,668,25,126,62,3.616813294232649
832,646,23,121,46,3.641251221896383
715,661,23,106,62,3.665689149560117
716,639,22,103,55,3.6901270772238512
661,580,12,96,48,3.7145650048875853
556,489,21,66,42,3.7390029325513194
504,490,15,63,36,3.7634408602150535
449,392,17,63,29,3.7878787878787876
379,337,18,43,33,3.8123167155425217
340,280,22,44,21,3.836754643206256
304,271,10,36,27,3.86119257086999
270,261,13,35,28,3.885630498533724
238,219,8,44,20,3.9100684261974585
245,218,13,47,25,3.9345063538611926
241,206,10,52,18,3.9589442815249267
240,194,9,39,29,3.983382209188661
206,206,16,38,21,4.007820136852395
204,182,7,35,17,4.032258064516129
202,182,11,36,40,4.056695992179863
226,198,3,35,21,4.081133919843597
163,147,9,24,13,4.105571847507331
169,124,10,21,24,4.130009775171065
132,111,13,35,18,4.1544477028347995
117,107,13,28,18,4.178885630498534
129,114,8,26,10,4.203323558162268
106,90,8,14,10,4.227761485826002
103,97,19,12,12,4.252199413489736
102,82,16,22,14,4.27663734115347
93,84,7,20,9,4.301075268817204
95,75,5,20,16,4.325513196480938
76,63,5,23,19,4.349951124144672
100,62,7,21,13,4.374389051808406
90,70,7,16,6,4.39882697947214
84,78,12,17,9,4.4232649071358745
72,77,9,14,16,4.447702834799609
100,66,8,20,13,4.472140762463343
88,81,3,16,9,4.496578690127077
76,71,9,12,16,4.521016617790811
74,63,8,22,12,4.545454545454545
90,67,10,13,8,4.569892473118279
68,67,11,12,15,4.594330400782013
76,74,8,14,11,4.618768328445747
89,68,9,15,10,4.643206256109481
73,68,8,22,19,4.667644183773215
75,59,7,21,8,4.6920821114369495
81,70,10,14,10,4.7165200391006845
73,61,8,11,7,4.740957966764419
66,53,11,15,9,4.765395894428153
61,64,9,21,6,4.789833822091887
60,57,12,14,10,4.814271749755621
77,57,10,14,14,4.838709677419355
63,53,8,12,10,4.863147605083089
61,39,6,12,11,4.887585532746823
51,50,14,14,14,4.912023460410557
60,54,10,13,9,4.936461388074291
58,53,4,23,15,4.9608993157380255
62,49,3,18,7,4.9853372434017595
51,40,6,19,15,5.009775171065494
47,49,9,9,8,5.034213098729228
55,47,14,18,10,5.058651026392962
63,44,11,11,8,5.083088954056696
49,36,6,13,10,5.10752688172043
52,44,6,8,12,5.131964809384164
38,49,9,13,3,5.156402737047898
50,37,18,7,11,5.180840664711632
58,38,9,15,12,5.205278592375366
56,43,12,12,13,5.2297165200391005
52,39,11,14,12,5.254154447702835
49,36,8,17,4,5.278592375366569
45,46,6,23,7,5.303030303030303
45,33,8,8,10,5.327468230694037
37,37,8,12,14,5.351906158357771
46,40,6,10,11,5.376344086021505
36,45,8,10,7,5.400782013685239
37,46,13,8,10,5.425219941348973
36,39,4,14,4,5.449657869012707
49,36,9,8,13,5.474095796676441
43,37,12,16,10,5.4985337243401755
38,35,4,10,12,5.52297165200391
44,27,4,8,7,5.547409579667644
37,43,6,9,9,5.571847507331378
41,27,8,19,7,5.596285434995112
43,47,10,9,7,5.620723362658846
31,37,4,10,6,5.64516129032258
40,39,8,16,9,5.669599217986314
57,32,4,7,13,5.694037145650048
35,38,4,10,10,5.718475073313782
45,42,2,12,5,5.742913000977517
33,26,5,17,9,5.767350928641251
26,47,12,7,11,5.7917888563049855
42,32,1,12,10,5.81622678396872
32,26,7,12,10,5.840664711632454
44,38,6,13,8,5.865102639296188
38,27,10,8,13,5.889540566959922
31,41,8,12,2,5.913978494623656
38,39,4,11,6,5.93841642228739
37,33,9,15,3,5.962854349951124
35,30,6,1,7,5.987292277614858
30,39,8,13,5,6.011730205278592
41,36,4,8,7,6.0361681329423265
45,21,6,11,12,6.0606060606060606
31,26,13,10,6,6.085043988269795
34,35,5,11,16,6.109481915933529
23,19,7,10,11,6.133919843597263
26,37,5,11,5,6.158357771260997
28,30,7,13,12,6.182795698924731
33,26,4,7,9,6.207233626588465
29,38,6,7,8,6.231671554252199
34,23,9,12,11,6.256109481915933
34,26,9,12,11,6.280547409579667
32,26,10,12,7,6.3049853372434015
31,28,5,18,8,6.329423264907136
43,31,11,10,6,6.35386119257087
35,29,6,11,10,6.378299120234604
34,25,3,16,9,6.402737047898338
35,20,4,5,8,6.427174975562072
33,29,8,10,4,6.451612903225806
22,22,7,11,8,6.47605083088954
31,27,9,9,7,6.500488758553274
29,23,5,3,7,6.524926686217008
29,22,7,6,11,6.549364613880742
31,38,4,10,7,6.5738025415444765
35,26,9,9,10,6.598240469208211
18,18,4,14,11,6.622678396871945
21,28,8,9,6,6.647116324535679
32,26,6,13,7,6.671554252199413
28,23,9,8,7,6.695992179863147
28,28,4,12,5,6.720430107526881
31,28,6,15,13,6.744868035190615
28,26,13,6,5,6.769305962854349
21,24,9,10,12,6.793743890518084
30,30,6,18,5,6.818181818181818
22,19,6,7,9,6.842619745845552
24,23,3,9,6,6.8670576735092865
24,22,9,5,7,6.891495601173021
27,23,8,4,10,6.915933528836755
24,24,5,9,8,6.940371456500489
24,33,11,11,12,6.964809384164223
20,29,8,10,6,6.989247311827957
27,16,8,9,7,7.013685239491691
21,26,6,16,3,7.038123167155425
21,21,6,14,4,7.062561094819159
23,23,11,10,6,7.086999022482893
29,21,6,8,9,7.1114369501466275
30,23,2,8,10,7.135874877810362
19,20,6,8,6,7.160312805474096
28,19,5,12,9,7.18475073313783
23,23,9,13,7,7.209188660801564
31,24,4,11,6,7.233626588465298
35,22,5,11,6,7.258064516129032
28,25,5,11,9,7.282502443792766
21,16,5,7,5,7.3069403714565
20,35,10,13,7,7.331378299120234
17,16,11,11,10,7.355816226783968
26,22,6,8,12,7.3802541544477025
21,21,6,7,7,7.404692082111437
19,28,10,13,11,7.429130009775171
31,26,10,16,11,7.453567937438905
17,26,13,7,10,7.478005865102639
18,20,4,9,4,7.502443792766373
24,16,6,12,5,7.526881720430107
18,20,5,6,9,7.551319648093841
29,22,11,5,5,7.575757575757575
26,15,6,9,11,7.600195503421309
20,17,10,6,13,7.624633431085043
14,24,5,8,9,7.6490713587487775
18,17,3,6,6,7.673509286412512
22,21,6,1,10,7.697947214076246
22,27,5,6,9,7.72238514173998
18,15,2,7,7,7.746823069403714
22,20,6,6,9,7.771260997067448
21,12,5,4,12,7.795698924731182
23,25,3,9,13,7.820136852394917
23,20,5,9,9,7.844574780058651
16,23,6,8,11,7.869012707722385
15,14,8,9,4,7.893450635386119
16,12,6,9,11,7.9178885630498534
22,22,6,17,8,7.9423264907135875
18,14,7,8,5,7.966764418377322
26,19,6,9,7,7.991202346041056
20,11,5,6,7,8.01564027370479
26,17,6,8,12,8.040078201368523
17,24,10,10,5,8.064516129032258
19,18,4,8,8,8.088954056695991
34,23,9,11,6,8.113391984359726
22,26,6,8,6,8.13782991202346
19,16,7,7,10,8.162267839687194
23,11,5,6,7,8.186705767350928
15,21,9,4,5,8.211143695014663
19,24,8,6,12,8.235581622678396
18,14,6,6,5,8.26001955034213
10,17,4,7,12,8.284457478005864
24,15,13,4,2,8.308895405669599
17,10,1,9,7,8.333333333333332
18,11,12,12,9,8.357771260997067
18,19,9,8,9,8.382209188660802
24,13,6,6,7,8.406647116324535
19,19,6,5,4,8.43108504398827
22,12,4,9,5,8.455522971652004
17,17,6,10,6,8.479960899315738
21,21,7,4,10,8.504398826979472
14,10,7,10,9,8.528836754643207
13,14,6,8,8,8.55327468230694
23,18,8,8,8,8.577712609970675
23,16,3,9,8,8.602150537634408
15,17,3,6,10,8.626588465298143
17,22,6,10,7,8.651026392961876
17,17,9,14,4,8.675464320625611
10,11,10,3,14,8.699902248289344
13,12,8,9,5,8.72434017595308
19,14,10,4,5,8.748778103616813
17,20,5,7,4,8.773216031280548
14,13,9,8,7,8.79765395894428
20,18,4,9,4,8.822091886608016
27,18,5,18,2,8.846529814271749
23,13,10,12,5,8.870967741935484
20,17,5,10,5,8.895405669599217
21,11,10,6,6,8.919843597262952
19,14,5,9,11,8.944281524926685
27,21,7,10,6,8.96871945259042
16,14,6,7,7,8.993157380254154
9,21,7,5,6,9.017595307917889
19,10,4,5,4,9.042033235581622
20,13,10,4,12,9.066471163245357
21,12,9,7,4,9.09090909090909
21,13,5,6,9,9.115347018572825
21,16,10,11,8,9.139784946236558
15,14,3,12,4,9.164222873900293
18,19,4,6,7,9.188660801564026
21,16,6,8,4,9.213098729227761
20,9,5,6,7,9.237536656891495
19,4,8,13,7,9.26197458455523
16,16,6,9,10,9.286412512218963
20,12,4,7,5,9.310850439882698
13,17,10,8,6,9.33528836754643
15,18,3,5,13,9.359726295210166
24,15,2,7,9,9.384164222873899
16,15,9,5,12,9.408602150537634
16,20,6,8,8,9.433040078201369
16,19,11,9,10,9.457478005865102
17,19,9,9,10,9.481915933528837
19,21,7,13,12,9.50635386119257
13,13,6,11,7,9.530791788856305
19,10,6,7,7,9.555229716520039
19,21,9,10,7,9.579667644183774
15,12,11,3,6,9.604105571847507
11,14,4,11,3,9.628543499511242
18,12,5,6,6,9.652981427174975
16,22,12,14,11,9.67741935483871
24,12,4,6,5,9.701857282502443
20,20,4,8,6,9.726295210166178
22,14,13,10,10,9.750733137829911
15,12,4,9,6,9.775171065493646
21,12,11,11,3,9.79960899315738
22,9,6,7,8,9.824046920821115
16,13,8,13,7,9.848484848484848
15,15,16,7,7,9.872922776148583
18,16,8,7,6,9.897360703812316
16,13,10,2,9,9.921798631476051
15,12,6,5,10,9.946236559139784
17,13,3,10,8,9.970674486803519
21,17,6,7,5,9.995112414467252
29,19,7,6,4,10.019550342130987
12,12,1,7,9,10.04398826979472
13,14,8,12,5,10.068426197458455
19,10,11,18,8,10.092864125122189
12,17,7,12,10,10.117302052785924
19,14,8,5,3,10.141739980449657
20,16,10,4,5,10.166177908113392
18,12,7,6,10,10.190615835777125
20,13,4,10,9,10.21505376344086
12,12,6,8,7,10.239491691104593
13,10,8,8,7,10.263929618768328
14,17,8,7,5,10.288367546432061
14,16,10,8,10,10.312805474095796
14,20,7,5,3,10.33724340175953
17,23,9,3,4,10.361681329423265
16,13,7,10,5,10.386119257086998
13,20,4,8,8,10.410557184750733
21,11,12,5,13,10.434995112414468
14,14,8,12,5,10.459433040078201
16,12,5,9,5,10.483870967741936
19,19,7,9,5,10.50830889540567
11,17,6,5,6,10.532746823069404
12,22,6,5,7,10.557184750733137
19,15,9,8,6,10.581622678396872
10,17,5,10,9,10.606060606060606
16,12,5,5,8,10.63049853372434
17,13,13,8,3,10.654936461388074
10,10,3,9,5,10.679374389051809
20,12,5,8,7,10.703812316715542
18,13,7,9,8,10.728250244379277
9,13,5,9,4,10.75268817204301
18,20,6,7,8,10.777126099706745
19,18,10,9,6,10.801564027370478
14,17,8,6,6,10.826001955034213
9,12,11,4,11,10.850439882697946
20,11,5,3,6,10.874877810361681
13,14,5,6,8,10.899315738025415
16,11,10,5,5,10.92375366568915
17,16,7,6,11,10.948191593352883
15,14,3,8,7,10.972629521016618
8,15,7,10,10,10.997067448680351
12,14,10,5,9,11.021505376344086
11,18,9,3,7,11.04594330400782
15,11,9,6,7,11.070381231671554
8,6,3,8,4,11.094819159335287
17,15,3,4,6,11.119257086999022
14,11,1,10,9,11.143695014662756
21,9,4,7,6,11.16813294232649
11,14,8,13,3,11.192570869990224
20,20,7,16,5,11.217008797653959
15,13,6,9,10,11.241446725317692
10,9,5,7,3,11.265884652981427
22,10,9,5,8,11.29032258064516
14,14,5,8,5,11.314760508308895
21,14,9,9,9,11.339198435972628
18,12,15,4,4,11.363636363636363
11,8,10,4,4,11.388074291300097
12,16,10,7,4,11.412512218963832
14,12,5,9,7,11.436950146627565
9,8,5,6,8,11.4613880742913
17,9,4,6,4,11.485826001955035
14,10,7,6,4,11.510263929618768
20,15,10,8,12,11.534701857282503
12,11,9,6,7,11.559139784946236
13,11,10,6,6,11.583577712609971
16,13,7,7,2,11.608015640273704
5,10,9,11,1,11.63245356793744
14,11,3,8,13,11.656891495601172
14,5,5,6,3,11.681329423264907
17,12,7,11,3,11.70576735092864
10,21,4,9,6,11.730205278592376
10,9,4,13,4,11.754643206256109
16,10,7,10,6,11.779081133919844
19,5,2,10,6,11.803519061583577
13,11,5,8,11,11.827956989247312
15,8,6,8,10,11.852394916911045
15,17,10,7,8,11.87683284457478
18,16,5,5,8,11.901270772238513
15,8,8,6,14,11.925708699902248
15,10,5,10,4,11.950146627565982
17,9,4,3,10,11.974584555229717
15,5,10,6,10,11.99902248289345
17,17,9,10,8,12.023460410557185
14,17,5,7,7,12.047898338220918
18,11,5,8,6,12.072336265884653
18,12,10,8,3,12.096774193548386
17,21,6,9,5,12.121212121212121
23,15,8,3,7,12.145650048875854
10,7,12,12,4,12.17008797653959
12,9,9,13,9,12.194525904203322
11,7,6,3,5,12.218963831867057
6,9,7,11,9,12.24340175953079
20,13,10,6,10,12.267839687194526
11,10,4,8,4,12.292277614858259
11,16,9,4,11,12.316715542521994
18,10,6,10,7,12.341153470185727
11,10,5,9,8,12.365591397849462
15,11,5,10,3,12.390029325513195
12,17,10,6,9,12.41446725317693
20,14,10,1,10,12.438905180840663
9,8,4,8,11,12.463343108504398
15,19,7,7,4,12.487781036168132
23,14,9,5,3,12.512218963831867
15,10,8,8,4,12.536656891495602
10,11,6,6,11,12.561094819159335
10,9,3,2,5,12.58553274682307
13,13,3,4,4,12.609970674486803
12,12,7,5,9,12.634408602150538
15,11,4,6,5,12.658846529814271
12,15,7,6,8,12.683284457478006
10,14,12,7,5,12.70772238514174
14,15,5,11,7,12.732160312805474
13,10,6,9,11,12.756598240469208
20,9,7,8,6,12.781036168132943
9,7,6,8,10,12.805474095796676
10,11,10,7,8,12.82991202346041
15,15,6,4,7,12.854349951124144
16,11,11,9,6,12.878787878787879
18,19,4,10,4,12.903225806451612
14,11,8,10,7,12.927663734115347
18,10,10,4,5,12.95210166177908
14,11,4,9,6,12.976539589442815
15,14,9,7,10,13.000977517106548
11,15,12,8,5,13.025415444770283
12,13,4,7,5,13.049853372434017
8,11,12,5,5,13.074291300097752
14,14,11,7,9,13.098729227761485
14,11,12,9,9,13.12316715542522
11,10,8,8,7,13.147605083088953
10,10,6,10,4,13.172043010752688
8,10,7,6,7,13.196480938416421
15,16,4,8,8,13.220918866080156
8,6,6,8,6,13.24535679374389
9,7,5,9,3,13.269794721407624
8,12,6,3,6,13.294232649071358
14,15,6,14,10,13.318670576735093
10,16,11,7,7,13.343108504398826
12,9,5,4,4,13.36754643206256
10,11,9,7,6,13.391984359726294
8,11,8,8,6,13.416422287390029
13,14,4,5,10,13.440860215053762
9,10,12,9,9,13.465298142717497
11,8,4,10,10,13.48973607038123
3,12,9,11,4,13.514173998044965
6,5,7,5,7,13.538611925708699
18,14,9,7,13,13.563049853372434
9,11,7,8,7,13.587487781036168
16,25,5,9,5,13.611925708699902
9,9,5,6,8,13.636363636363637
11,9,8,6,7,13.66080156402737
14,7,6,7,5,13.685239491691105
13,6,4,4,4,13.709677419354838
9,12,5,6,5,13.734115347018573
12,13,8,4,7,13.758553274682306
7,13,7,5,9,13.782991202346041
9,10,10,5,10,13.807429130009774
13,10,4,4,10,13.83186705767351
16,13,5,10,7,13.856304985337243
4,10,9,11,6,13.880742913000978
13,8,11,6,6,13.90518084066471
13,8,7,12,5,13.929618768328446
14,12,7,5,7,13.954056695992179
8,7,10,7,8,13.978494623655914
5,8,5,5,5,14.002932551319647
16,15,5,4,5,14.027370478983382
4,14,6,14,6,14.051808406647115
13,16,9,7,7,14.07624633431085
11,12,11,6,8,14.100684261974584
10,8,5,4,4,14.125122189638319
10,14,5,7,7,14.149560117302052
8,9,3,4,9,14.173998044965787
10,11,3,5,2,14.19843597262952
10,16,3,3,9,14.222873900293255
16,6,6,10,3,14.247311827956988
14,7,6,8,6,14.271749755620723
13,19,11,10,12,14.296187683284456
11,7,5,7,1,14.320625610948191
13,13,8,10,5,14.345063538611925
15,6,3,6,8,14.36950146627566
13,5,5,7,10,14.393939393939393
13,4,7,8,2,14.418377321603128
13,11,9,5,5,14.442815249266861
10,9,8,5,8,14.467253176930596
11,9,7,6,8,14.491691104594329
18,11,4,12,10,14.516129032258064
5,18,10,9,10,14.540566959921797
10,14,6,10,7,14.565004887585532
7,15,8,3,8,14.589442815249265
10,7,6,10,3,14.613880742913
8,13,1,2,6,14.638318670576735
10,10,6,4,8,14.662756598240469
8,7,8,3,5,14.687194525904204
15,13,6,9,3,14.711632453567937
15,8,5,8,6,14.736070381231672
9,10,7,7,6,14.760508308895405
10,14,7,6,3,14.78494623655914
16,7,9,3,6,14.809384164222873
14,13,12,4,7,14.833822091886608
14,12,6,15,9,14.858260019550341
11,18,6,7,9,14.882697947214076
11,9,6,9,7,14.90713587487781
9,10,10,6,9,14.931573802541545
9,15,6,4,8,14.956011730205278
20,10,12,12,7,14.980449657869013
16,13,10,10,12,15.004887585532746
8,12,6,9,7,15.029325513196481
7,18,10,12,9,15.053763440860214
11,11,9,5,6,15.078201368523949
5,7,16,5,8,15.102639296187682
15,12,8,6,5,15.127077223851417
9,9,8,14,6,15.15151515151515
11,8,9,9,7,15.175953079178885
13,10,13,4,7,15.200391006842619
10,6,5,8,10,15.224828934506354
17,12,3,7,7,15.249266862170087
11,6,4,9,7,15.273704789833822
12,7,8,4,6,15.298142717497555
13,8,8,2,8,15.32258064516129
17,9,7,7,8,15.347018572825023
12,5,7,7,9,15.371456500488758
8,8,5,8,5,15.395894428152491
12,13,7,13,5,15.420332355816226
11,10,10,1,7,15.44477028347996
9,12,6,7,4,15.469208211143695
13,12,6,7,2,15.493646138807428
12,4,10,7,8,15.518084066471163
12,17,9,5,13,15.542521994134896
7,16,8,8,6,15.566959921798631
9,10,7,7,3,15.591397849462364
11,19,7,6,3,15.6158357771261
10,9,10,6,5,15.640273704789834
11,8,8,10,7,15.664711632453567
5,11,9,8,4,15.689149560117302
10,11,7,8,12,15.713587487781036
15,14,7,4,9,15.73802541544477
6,14,5,14,4,15.762463343108504
5,11,4,8,9,15.786901270772239
10,4,2,3,9,15.811339198435972
7,5,6,10,7,15.835777126099707
11,7,10,10,2,15.86021505376344
8,12,5,9,14,15.884652981427175
16,12,4,9,8,15.909090909090908
11,9,4,8,4,15.933528836754643
14,9,4,7,8,15.957966764418376
12,6,6,7,5,15.982404692082111
14,16,5,5,7,16.006842619745846
7,12,4,8,5,16.03128054740958
15,10,6,4,8,16.055718475073313
13,6,9,9,9,16.080156402737046
10,9,3,12,9,16.104594330400783
14,13,1,5,9,16.129032258064516
10,8,7,5,8,16.15347018572825
10,10,11,7,8,16.177908113391982
9,15,5,10,8,16.20234604105572
18,10,3,12,6,16.226783968719452
13,10,8,6,7,16.251221896383186
13,11,5,9,4,16.27565982404692
15,15,5,2,5,16.300097751710656
5,12,5,10,6,16.32453567937439
7,9,5,7,5,16.348973607038122
11,12,8,9,11,16.373411534701855
13,13,6,5,4,16.397849462365592
11,11,2,8,3,16.422287390029325
7,8,5,7,11,16.44672531769306
9,4,7,13,7,16.47116324535679
10,12,6,3,10,16.49560117302053
11,11,8,11,5,16.52003910068426
16,11,4,3,1,16.544477028347995
7,15,8,8,8,16.568914956011728
10,5,10,8,7,16.593352883675465
5,7,2,11,5,16.617790811339198
14,9,6,7,12,16.64222873900293
9,10,3,8,9,16.666666666666664
9,10,5,7,6,16.6911045943304
16,18,8,5,6,16.715542521994134
8,8,6,4,6,16.739980449657867
13,10,6,10,8,16.764418377321604
12,13,8,7,2,16.788856304985337
12,10,8,8,8,16.81329423264907
12,10,13,6,7,16.837732160312804
12,14,7,6,6,16.86217008797654
12,10,10,12,8,16.886608015640274
11,3,6,4,4,16.911045943304007
13,9,6,10,5,16.93548387096774
9,8,3,11,7,16.959921798631477
5,21,9,8,7,16.98435972629521
7,5,10,6,7,17.008797653958943
9,8,7,8,4,17.033235581622677
10,8,7,5,11,17.057673509286413
16,11,9,6,4,17.082111436950147
13,9,8,8,11,17.10654936461388
13,6,7,10,7,17.130987292277613
11,14,5,1,6,17.15542521994135
5,9,5,8,7,17.179863147605083
11,13,5,6,4,17.204301075268816
8,5,10,8,5,17.22873900293255
14,12,9,9,6,17.253176930596286
9,22,7,6,5,17.27761485826002
7,7,4,11,5,17.302052785923753
16,9,6,6,6,17.326490713587486
5,12,11,7,13,17.350928641251222
7,8,10,6,7,17.375366568914956
15,17,4,6,4,17.39980449657869
14,16,10,5,5,17.424242424242422
10,12,11,8,5,17.44868035190616
20,8,11,11,8,17.473118279569892
7,12,7,12,8,17.497556207233625
12,10,3,10,16,17.52199413489736
7,7,6,7,9,17.546432062561095
15,13,5,6,10,17.57086999022483
8,12,1,3,11,17.59530791788856
9,14,7,4,4,17.619745845552295
12,15,8,9,8,17.64418377321603
8,13,6,4,9,17.668621700879765
11,6,5,9,10,17.693059628543498
20,11,8,8,8,17.71749755620723
12,12,10,5,5,17.741935483870968
7,9,7,6,6,17.7663734115347
14,12,7,8,12,17.790811339198434
8,4,9,7,7,17.81524926686217
12,6,4,6,11,17.839687194525904
11,14,12,2,8,17.864125122189638
12,10,5,12,6,17.88856304985337
11,7,9,6,11,17.913000977517108
14,11,8,8,9,17.93743890518084
5,10,7,7,7,17.961876832844574
9,10,7,11,4,17.986314760508307
11,10,5,6,7,18.010752688172044
13,6,4,8,7,18.035190615835777
10,6,5,7,8,18.05962854349951
8,15,8,4,7,18.084066471163244
6,12,6,7,3,18.10850439882698
10,6,3,10,3,18.132942326490713
10,9,6,5,6,18.157380254154447
7,3,7,9,14,18.18181818181818
7,7,6,5,5,18.206256109481917
12,11,3,8,9,18.23069403714565
10,5,4,7,9,18.255131964809383
13,6,10,8,5,18.279569892473116
8,8,7,8,3,18.304007820136853
11,9,11,4,7,18.328445747800586
7,9,6,5,7,18.35288367546432
11,8,16,4,7,18.377321603128053
10,6,2,11,7,18.40175953079179
10,10,8,4,7,18.426197458455523
11,9,5,11,9,18.450635386119256
16,11,11,9,9,18.47507331378299
15,9,4,9,8,18.499511241446726
10,7,6,3,3,18.52394916911046
13,8,5,3,12,18.548387096774192
11,17,9,6,8,18.572825024437925
7,9,5,7,5,18.597262952101662
8,14,3,8,9,18.621700879765395
6,8,7,8,5,18.64613880742913
9,8,8,11,7,18.67057673509286
9,12,8,6,9,18.6950146627566
7,16,4,6,10,18.71945259042033
9,14,9,8,6,18.743890518084065
9,11,6,3,7,18.768328445747798
10,10,8,7,10,18.792766373411535
12,3,7,8,11,18.817204301075268
6,14,3,9,9,18.841642228739
9,14,8,7,5,18.866080156402738
11,8,5,12,4,18.89051808406647
7,10,4,8,12,18.914956011730204
9,12,7,6,11,18.939393939393938
11,8,4,6,6,18.963831867057674
13,11,8,6,12,18.988269794721408
11,8,13,10,3,19.01270772238514
12,14,6,8,6,19.037145650048874
4,10,11,10,4,19.06158357771261
6,12,3,8,7,19.086021505376344
14,9,8,4,6,19.110459433040077
12,6,5,4,7,19.13489736070381
13,21,4,9,5,19.159335288367547
8,7,9,6,10,19.18377321603128
9,14,9,5,5,19.208211143695014
8,9,9,7,5,19.232649071358747
14,11,10,10,8,19.257086999022484
7,12,7,7,3,19.281524926686217
11,7,11,8,4,19.30596285434995
10,9,9,9,5,19.330400782013683
9,10,10,5,2,19.35483870967742
10,12,3,8,5,19.379276637341153
12,7,6,8,9,19.403714565004886
14,9,6,8,7,19.42815249266862
6,14,3,12,10,19.452590420332356
12,7,14,9,4,19.47702834799609
14,7,8,8,6,19.501466275659823
5,12,5,6,8,19.525904203323556
12,6,4,7,10,19.550342130987293
11,10,8,10,8,19.574780058651026
10,13,10,9,9,19.59921798631476
9,11,11,6,6,19.623655913978492
5,13,4,9,9,19.64809384164223
11,6,5,10,13,19.672531769305962
11,11,12,8,9,19.696969696969695
16,8,10,3,9,19.72140762463343
9,11,5,10,5,19.745845552297165
13,14,9,2,4,19.7702834799609
7,13,8,4,4,19.794721407624632
7,8,10,4,11,19.81915933528837
9,18,4,10,10,19.843597262952102
7,13,5,7,10,19.868035190615835
11,7,8,12,3,19.892473118279568
10,6,13,11,8,19.916911045943305
10,5,9,3,12,19.941348973607038
17,6,9,10,4,19.96578690127077
10,12,9,5,7,19.990224828934505
8,5,9,8,8,20.01466275659824
15,3,8,8,9,20.039100684261975
9,12,4,5,7,20.063538611925708
5,11,3,3,8,20.08797653958944
8,18,5,7,4,20.112414467253178
6,9,6,11,10,20.13685239491691
9,9,7,4,7,20.161290322580644
8,8,12,6,2,20.185728250244377
9,8,7,9,6,20.210166177908114
12,14,9,4,6,20.234604105571847
8,4,4,7,8,20.25904203323558
8,7,8,5,7,20.283479960899314
10,11,3,6,7,20.30791788856305
15,7,8,4,11,20.332355816226784
10,4,4,9,12,20.356793743890517
6,9,7,7,8,20.38123167155425
18,7,6,6,7,20.405669599217987
12,9,6,6,7,20.43010752688172
12,10,9,10,9,20.454545454545453
9,13,1,11,5,20.478983382209186
12,8,4,3,4,20.503421309872923
13,12,8,8,10,20.527859237536656
12,3,7,7,8,20.55229716520039
5,12,3,4,6,20.576735092864123
14,9,4,12,3,20.60117302052786
11,2,8,10,6,20.625610948191593
4,7,4,5,10,20.650048875855326
12,7,6,13,7,20.67448680351906
15,5,7,5,4,20.698924731182796
9,14,4,8,6,20.72336265884653
9,7,4,5,6,20.747800586510262
9,14,6,4,5,20.772238514173996
6,11,6,5,10,20.796676441837732
13,7,7,9,6,20.821114369501466
13,7,8,10,5,20.8455522971652
13,9,4,5,9,20.869990224828936
10,10,4,18,7,20.89442815249267
9,7,6,11,6,20.918866080156402
9,7,5,7,9,20.943304007820135
7,5,10,5,6,20.967741935483872
10,7,6,9,4,20.992179863147605
9,6,2,10,4,21.01661779081134
6,9,6,6,8,21.04105571847507
8,4,11,5,6,21.06549364613881
11,10,4,4,9,21.08993157380254
9,7,5,9,5,21.114369501466275
7,10,7,8,5,21.138807429130008
7,6,9,4,5,21.163245356793745
10,5,5,7,6,21.187683284457478
15,7,4,7,4,21.21212121212121
6,7,4,8,4,21.236559139784944
8,6,8,2,8,21.26099706744868
2,5,6,10,6,21.285434995112414
9,6,9,5,9,21.309872922776147
9,8,4,8,6,21.33431085043988
10,7,5,7,5,21.358748778103617
4,10,4,4,10,21.38318670576735
12,12,7,4,6,21.407624633431084
10,8,9,5,12,21.432062561094817
9,10,8,13,5,21.456500488758554
19,13,12,8,5,21.480938416422287
15,10,9,10,8,21.50537634408602
17,13,6,10,10,21.529814271749753
26,20,5,17,12,21.55425219941349
29,18,15,15,13,21.578690127077223
26,22,20,19,8,21.603128054740957
44,19,14,23,14,21.62756598240469
40,30,15,23,21,21.652003910068427
65,47,9,30,24,21.67644183773216
77,62,31,36,25,21.700879765395893
98,73,28,37,23,21.725317693059626
144,72,19,53,27,21.749755620723363
183,119,25,62,26,21.774193548387096
277,165,30,85,38,21.79863147605083
334,224,31,104,39,21.823069403714562
482,287,26,124,46,21.8475073313783
663,440,32,204,78,21.871945259042032
842,603,52,226,64,21.896383186705766
1232,786,44,394,92,21.920821114369502
1900,1176,39,596,140,21.945259042033236
3049,1876,46,927,196,21.96969696969697
5145,3104,101,1408,287,21.994134897360702
8606,5194,121,2225,441,22.01857282502444
13663,8701,238,3223,724,22.043010752688172
21244,13528,273,4416,1139,22.067448680351905
29847,20495,437,5817,1661,22.09188660801564
39676,28198,501,6871,2102,22.116324535679375
48533,36546,611,7425,2598,22.14076246334311
54765,42556,704,8003,2983,22.16520039100684
57209,47423,743,7533,3233,22.189638318670575
55767,47182,728,6993,3214,22.21407624633431
50253,44606,634,5788,2883,22.238514173998045
42761,38739,516,4891,2415,22.262952101661778
34770,32425,450,3755,2021,22.28739002932551
26858,25583,366,2822,1628,22.311827956989248
20459,19625,273,2026,1195,22.33626588465298
15063,14641,212,1493,900,22.360703812316714
11074,10633,163,1111,645,22.385141739980448
8186,7640,135,845,502,22.409579667644184
6323,5694,104,653,362,22.434017595307918
4590,4336,65,509,303,22.45845552297165
3654,3251,63,383,217,22.482893450635384
2837,2632,45,266,164,22.50733137829912
2299,2044,45,241,145,22.531769305962854
1779,1614,43,269,134,22.556207233626587
1494,1343,40,189,103,22.58064516129032
1262,1145,37,166,84,22.605083088954057
1034,918,25,131,67,22.62952101661779
896,784,25,111,83,22.653958944281523
813,707,23,138,58,22.678396871945257
724,618,20,108,57,22.702834799608993
648,540,14,91,38,22.727272727272727
617,526,19,85,51,22.75171065493646
587,476,20,96,40,22.776148582600193
557,423,17,96,44,22.80058651026393
554,439,22,72,33,22.825024437927663
450,425,16,81,43,22.849462365591396
469,367,16,78,39,22.87390029325513
453,388,12,65,43,22.898338220918866
476,368,20,82,41,22.9227761485826
464,415,20,81,36,22.947214076246333
456,351,17,75,41,22.97165200391007
496,415,16,67,28,22.996089931573803
480,426,19,91,43,23.020527859237536
525,439,14,83,45,23.04496578690127
608,493,18,103,42,23.069403714565006
654,546,19,103,52,23.09384164222874
675,542,17,107,45,23.118279569892472
780,605,16,124,50,23.142717497556205
797,631,22,120,43,23.167155425219942
831,695,9,124,59,23.191593352883675
880,749,22,134,53,23.21603128054741
805,739,23,127,64,23.24046920821114
782,726,15,112,64,23.26490713587488
843,715,16,102,46,23.28934506353861
670,604,18,109,49,23.313782991202345
679,526,18,75,38,23.338220918866078
517,459,19,83,31,23.362658846529815
440,463,11,69,31,23.387096774193548
351,365,21,45,23,23.41153470185728
343,321,10,60,26,23.435972629521014
315,283,15,54,27,23.46041055718475
314,299,18,57,29,23.484848484848484
361,251,17,58,34,23.509286412512218
298,249,21,61,24,23.53372434017595
287,241,15,45,29,23.558162267839688
260,251,17,50,27,23.58260019550342
264,223,17,53,27,23.607038123167154
250,231,19,52,24,23.631476050830887
234,214,11,47,19,23.655913978494624
223,184,18,38,27,23.680351906158357
194,187,15,31,24,23.70478983382209
198,163,15,45,18,23.729227761485824
152,147,19,28,24,23.75366568914956
142,140,15,25,23,23.778103616813294
151,125,16,35,14,23.802541544477027
133,132,12,40,17,23.82697947214076
126,100,13,34,21,23.851417399804497
137,110,15,26,13,23.87585532746823
113,105,9,22,17,23.900293255131963
118,93,8,27,19,23.924731182795696
112,99,11,19,14,23.949169110459433
112,98,13,26,21,23.973607038123166
113,88,12,29,21,23.9980449657869
101,105,14,21,12,24.022482893450636
96,62,14,20,24,24.04692082111437
92,98,11,22,21,24.071358748778103
94,90,16,26,15,24.095796676441836
104,69,7,25,20,24.120234604105573
111,73,9,20,16,24.144672531769306
89,77,19,31,11,24.16911045943304
73,83,13,20,19,24.193548387096772
95,66,8,22,12,24.21798631476051
102,86,6,23,14,24.242424242424242
81,66,14,19,17,24.266862170087975
87,76,10,18,13,24.29130009775171
86,67,8,23,8,24.315738025415445
87,68,9,25,16,24.34017595307918
88,71,8,22,15,24.364613880742912
63,56,14,22,12,24.389051808406645
73,59,14,20,15,24.41348973607038
79,67,10,21,15,24.437927663734115
73,66,10,16,13,24.462365591397848
69,64,10,17,7,24.48680351906158
51,46,10,17,8,24.511241446725318
47,50,4,14,19,24.53567937438905
60,57,7,21,8,24.560117302052785
59,44,14,17,10,24.584555229716518
61,43,15,19,8,24.608993157380255
57,61,7,25,16,24.633431085043988
50,43,11,22,14,24.65786901270772
65,46,6,16,12,24.682306940371454
51,44,12,18,12,24.70674486803519
59,47,8,14,10,24.731182795698924
54,40,7,20,11,24.755620723362657
43,41,15,19,10,24.78005865102639
44,40,5,12,12,24.804496578690127
41,43,5,13,7,24.82893450635386
60,39,11,18,9,24.853372434017594
49,44,16,12,12,24.877810361681327
43,38,9,10,6,24.902248289345064
41,39,9,8,11,24.926686217008797
34,39,9,14,12,24.95112414467253
56,37,5,15,5,24.975562072336263
46,41,8,13,11,25.0
