,50,47,45,53,49,52,46,51,48,Time,AF
0,108,22,17,47,75,9,18,118,48,0.0,3
1,111,27,11,37,88,12,18,120,52,0.024437927663734114,8
2,97,29,11,42,88,9,16,116,45,0.04887585532746823,5
3,113,42,10,45,70,9,18,129,61,0.07331378299120234,9
4,107,40,13,31,77,3,22,108,47,0.09775171065493646,5
5,102,41,14,49,87,12,13,106,49,0.12218963831867058,8
6,103,33,16,30,81,21,13,113,46,0.14662756598240467,5
7,120,30,13,29,54,12,19,114,47,0.1710654936461388,6
8,98,33,14,25,80,10,13,131,61,0.19550342130987292,10
9,100,29,9,45,78,13,13,127,58,0.21994134897360704,5
10,114,30,12,43,77,17,18,112,63,0.24437927663734116,11
11,113,36,11,45,78,14,21,154,40,0.26881720430107525,9
12,118,42,16,46,60,9,17,127,47,0.29325513196480935,7
13,108,27,11,47,78,8,22,141,51,0.3176930596285435,8
14,123,34,8,41,92,14,21,99,57,0.3421309872922776,3
15,96,36,7,40,78,14,14,137,53,0.36656891495601174,8
16,115,30,13,34,72,13,18,119,60,0.39100684261974583,8
17,117,29,13,28,63,11,23,121,45,0.4154447702834799,10
18,92,36,10,36,97,13,22,133,62,0.4398826979472141,12
19,99,37,20,28,70,11,20,131,57,0.46432062561094817,11
20,105,33,21,33,84,12,11,139,51,0.4887585532746823,6
21,106,44,7,38,64,13,22,132,51,0.5131964809384164,5
22,111,34,15,31,90,19,27,145,54,0.5376344086021505,10
23,107,35,19,45,85,11,15,130,59,0.5620723362658846,9
24,101,41,14,28,85,11,15,109,55,0.5865102639296187,9
25,111,33,18,39,83,13,15,136,53,0.6109481915933529,9
26,124,26,14,49,99,13,15,133,53,0.635386119257087,10
27,123,28,10,29,77,17,13,118,50,0.6598240469208211,8
28,122,34,16,35,90,13,15,114,65,0.6842619745845552,8
29,117,32,14,37,92,15,12,129,51,0.7086999022482893,8
30,118,34,12,31,89,18,15,127,56,0.7331378299120235,5
31,123,35,11,49,96,13,14,102,61,0.7575757575757576,13
32,120,38,13,41,86,26,23,139,48,0.7820136852394917,6
33,135,34,19,37,65,20,24,138,41,0.8064516129032258,12
34,105,41,10,27,91,8,18,126,58,0.8308895405669598,12
35,108,42,9,50,101,8,17,147,54,0.855327468230694,9
36,113,26,7,47,99,16,16,131,65,0.8797653958944281,6
37,117,38,11,43,78,9,16,132,50,0.9042033235581622,14
38,135,27,11,41,74,14,17,130,47,0.9286412512218963,4
39,135,38,16,38,67,19,15,135,56,0.9530791788856304,7
40,121,35,15,58,92,9,13,136,68,0.9775171065493646,6
41,122,32,27,50,87,20,21,157,59,1.0019550342130987,15
42,109,40,13,41,91,14,19,102,61,1.0263929618768328,4
43,121,34,15,43,77,13,20,141,58,1.050830889540567,7
44,106,32,13,40,77,13,23,122,45,1.075268817204301,8
45,116,40,10,41,89,18,7,101,52,1.099706744868035,12
46,125,31,18,47,87,12,26,124,49,1.1241446725317692,8
47,115,34,14,38,72,10,21,140,48,1.1485826001955033,11
48,114,44,15,45,99,22,31,128,61,1.1730205278592374,13
49,134,33,16,37,76,14,19,132,49,1.1974584555229717,5
50,106,44,20,48,81,13,14,146,61,1.2218963831867058,8
51,130,28,13,47,87,15,21,149,68,1.2463343108504399,13
52,101,48,15,41,91,18,24,120,63,1.270772238514174,9
53,109,36,16,38,88,18,18,147,56,1.295210166177908,10
54,134,39,22,42,99,10,15,139,43,1.3196480938416422,11
55,103,23,18,41,95,11,14,139,58,1.3440860215053763,10
56,118,32,20,40,97,7,15,125,64,1.3685239491691104,5
57,121,34,15,47,94,19,17,126,48,1.3929618768328444,13
58,126,35,16,40,84,27,13,129,56,1.4173998044965785,9
59,118,39,14,37,94,11,24,125,56,1.4418377321603129,6
60,114,29,18,56,73,14,25,153,58,1.466275659824047,8
61,107,43,15,52,65,19,32,144,63,1.490713587487781,12
62,124,31,17,36,84,13,24,131,59,1.5151515151515151,12
63,124,30,18,43,80,16,22,135,52,1.5395894428152492,13
64,110,29,22,38,79,11,16,114,42,1.5640273704789833,5
65,89,28,10,31,68,6,20,112,41,1.5884652981427174,7
66,88,32,11,32,58,9,19,114,47,1.6129032258064515,7
67,104,34,9,29,77,5,12,95,45,1.6373411534701856,8
68,100,25,12,33,60,16,19,98,46,1.6617790811339197,8
69,88,39,10,40,67,13,14,115,39,1.6862170087976538,11
70,84,33,13,28,61,6,9,116,41,1.710654936461388,4
71,78,23,12,33,73,9,13,107,41,1.7350928641251222,18
72,85,34,14,30,66,12,12,94,48,1.7595307917888563,9
73,85,35,19,45,83,16,19,113,41,1.7839687194525904,12
74,83,19,7,24,70,11,11,109,40,1.8084066471163245,14
75,88,27,11,36,51,12,8,103,43,1.8328445747800586,20
76,82,27,16,21,62,11,14,105,51,1.8572825024437927,11
77,90,22,13,26,74,15,15,110,50,1.8817204301075268,13
78,95,30,12,36,69,7,14,116,51,1.9061583577712609,23
79,73,35,12,25,61,11,18,97,34,1.930596285434995,18
80,87,28,15,39,79,11,12,104,47,1.9550342130987293,22
81,79,28,13,36,72,10,11,83,40,1.9794721407624634,24
82,91,29,8,31,67,13,21,88,48,2.0039100684261975,26
83,96,38,21,30,72,10,17,103,29,2.0283479960899315,35
84,96,19,12,31,60,11,18,96,38,2.0527859237536656,36
85,94,27,10,33,66,8,14,101,48,2.0772238514173997,44
86,89,27,15,23,67,5,24,96,55,2.101661779081134,50
87,98,36,16,34,57,13,10,107,42,2.126099706744868,62
88,93,21,13,34,62,8,16,104,45,2.150537634408602,87
89,94,32,15,34,58,5,13,94,52,2.174975562072336,104
90,96,32,18,27,78,9,22,111,39,2.19941348973607,119
91,105,29,16,33,80,10,15,134,51,2.2238514173998043,155
92,107,48,15,42,75,8,18,129,43,2.2482893450635384,228
93,122,29,14,33,92,5,16,158,43,2.2727272727272725,309
94,111,48,15,52,88,13,19,152,67,2.2971652003910066,513
95,172,38,10,51,115,14,22,197,75,2.3216031280547407,813
96,197,54,18,79,135,23,29,245,87,2.3460410557184748,1204
97,273,75,30,127,191,27,31,306,115,2.3704789833822093,1925
98,392,78,37,150,247,22,26,410,178,2.3949169110459434,2965
99,519,164,42,231,328,50,69,590,257,2.4193548387096775,4141
100,813,206,52,322,482,52,93,858,326,2.4437927663734116,5450
101,1098,268,69,430,733,57,121,1172,496,2.4682306940371457,6599
102,1324,363,89,497,942,79,136,1553,636,2.4926686217008798,7492
103,1746,482,137,557,1211,103,187,1991,771,2.517106549364614,8111
104,2125,570,155,727,1459,109,216,2326,968,2.541544477028348,7857
105,2431,595,177,795,1746,142,254,2775,1107,2.565982404692082,7149
106,2728,711,183,885,1867,175,279,2996,1134,2.590420332355816,6014
107,2976,773,208,895,2101,174,287,3284,1262,2.6148582600195502,5043
108,3037,764,227,930,2132,161,297,3390,1337,2.6392961876832843,3909
109,3182,817,197,933,2145,203,308,3520,1388,2.6637341153470184,2936
110,3105,839,207,932,2191,166,308,3419,1347,2.6881720430107525,2264
111,3033,797,222,936,2128,166,293,3522,1318,2.7126099706744866,1651
112,2949,782,202,934,2175,165,317,3388,1385,2.7370478983382207,1324
113,3048,770,215,873,2131,146,264,3428,1324,2.761485826001955,895
114,2884,745,207,876,2124,158,331,3373,1279,2.785923753665689,714
115,2858,731,173,872,2028,164,283,3171,1346,2.810361681329423,556
116,2885,767,197,865,2026,155,294,3117,1217,2.834799608993157,449
117,2769,692,193,818,2026,158,271,3108,1231,2.859237536656891,327
118,2825,683,214,817,2072,156,298,2994,1237,2.8836754643206257,308
119,2587,682,182,816,1934,153,253,2908,1219,2.90811339198436,240
120,2590,638,188,791,1861,155,264,3018,1154,2.932551319648094,238
121,2563,674,165,760,1870,160,278,2926,1125,2.956989247311828,190
122,2522,652,186,750,1810,134,259,2886,1083,2.981427174975562,150
123,2555,675,177,731,1836,150,253,2955,1154,3.005865102639296,129
124,2491,613,187,720,1765,122,279,2731,1051,3.0303030303030303,122
125,2443,643,168,789,1738,134,253,2722,1126,3.0547409579667644,108
126,2388,645,199,747,1776,135,247,2688,1061,3.0791788856304985,118
127,2440,621,192,742,1734,152,242,2615,1074,3.1036168132942326,82
128,2367,586,178,705,1787,126,230,2773,1056,3.1280547409579667,92
129,2396,627,170,760,1621,110,253,2601,1020,3.1524926686217007,73
130,2294,602,158,680,1672,130,260,2642,1015,3.176930596285435,77
131,2246,562,140,661,1689,119,251,2590,1089,3.201368523949169,90
132,2306,548,168,676,1650,110,213,2569,1002,3.225806451612903,71
133,2214,620,153,645,1677,121,198,2502,974,3.250244379276637,71
134,2149,585,153,671,1653,125,245,2531,947,3.274682306940371,64
135,2164,575,160,681,1580,123,228,2442,972,3.2991202346041053,62
136,2171,601,163,654,1568,111,220,2544,964,3.3235581622678394,68
137,2202,599,154,652,1586,147,233,2437,966,3.3479960899315735,84
138,2137,591,157,681,1549,130,217,2413,969,3.3724340175953076,91
139,2164,568,173,678,1556,128,210,2372,909,3.396871945259042,87
140,2171,537,159,681,1530,126,223,2359,958,3.421309872922776,81
141,2212,584,170,684,1577,113,219,2385,940,3.4457478005865103,105
142,2187,578,159,680,1529,128,220,2399,915,3.4701857282502444,109
143,2041,560,152,629,1532,123,203,2348,935,3.4946236559139785,90
144,2195,525,142,635,1485,119,214,2371,924,3.5190615835777126,124
145,2091,510,161,649,1509,113,196,2388,909,3.5434995112414467,109
146,2073,570,138,612,1535,117,190,2320,946,3.567937438905181,127
147,2094,577,135,604,1425,116,220,2284,923,3.592375366568915,130
148,2076,564,134,646,1544,136,213,2283,934,3.616813294232649,126
149,2089,541,157,612,1465,112,214,2351,893,3.641251221896383,112
150,2053,550,170,611,1477,127,221,2292,887,3.665689149560117,104
151,1981,538,152,635,1436,131,203,2236,862,3.6901270772238512,108
152,2044,540,141,652,1429,103,197,2274,883,3.7145650048875853,100
153,2063,518,146,632,1481,114,207,2202,898,3.7390029325513194,91
154,1947,519,157,582,1441,126,194,2272,838,3.7634408602150535,74
155,2010,537,138,653,1455,129,213,2182,931,3.7878787878787876,56
156,1978,501,141,580,1449,106,199,2191,907,3.8123167155425217,48
157,2019,515,151,604,1413,122,208,2148,878,3.836754643206256,49
158,2016,478,152,610,1392,119,190,2247,853,3.86119257086999,55
159,1965,518,130,618,1405,129,210,2117,851,3.885630498533724,40
160,1983,504,136,604,1420,98,209,2139,867,3.9100684261974585,52
161,2014,496,137,614,1403,110,188,2157,917,3.9345063538611926,37
162,1972,500,119,567,1324,128,208,2176,856,3.9589442815249267,51
163,2030,532,141,639,1354,108,195,2141,876,3.983382209188661,40
164,1943,523,153,622,1350,95,171,2138,859,4.007820136852395,41
165,1899,515,127,572,1373,111,208,2081,849,4.032258064516129,27
166,1982,468,146,596,1434,101,210,2181,849,4.056695992179863,36
167,1929,533,139,575,1277,104,197,2224,820,4.081133919843597,30
168,1857,480,144,578,1301,112,214,2149,905,4.105571847507331,29
169,1861,487,134,595,1300,101,189,2083,816,4.130009775171065,22
170,1923,472,127,615,1310,104,178,2089,851,4.1544477028347995,24
171,1834,479,132,550,1340,113,171,2144,795,4.178885630498534,29
172,1858,459,142,532,1282,102,176,2132,801,4.203323558162268,19
173,1792,440,123,576,1305,98,194,2024,792,4.227761485826002,24
174,1879,500,133,549,1314,126,182,2028,809,4.252199413489736,24
175,1826,474,145,510,1315,103,180,1998,771,4.27663734115347,16
176,1816,465,125,572,1298,124,180,1930,787,4.301075268817204,24
177,1800,461,136,514,1264,113,197,1975,818,4.325513196480938,30
178,1804,483,131,550,1314,96,207,1943,801,4.349951124144672,19
179,1823,450,133,513,1251,94,191,1970,788,4.374389051808406,23
180,1782,447,127,563,1286,78,171,2015,784,4.39882697947214,14
181,1815,458,130,546,1258,107,175,1947,750,4.4232649071358745,22
182,1726,492,115,521,1285,95,175,1937,792,4.447702834799609,21
183,1657,475,121,527,1262,88,194,1922,761,4.472140762463343,20
184,1696,448,115,520,1280,108,181,1941,761,4.496578690127077,18
185,1743,452,131,501,1193,109,186,1846,757,4.521016617790811,21
186,1666,409,117,514,1235,90,172,1863,774,4.545454545454545,19
187,1735,435,151,505,1212,89,178,1901,753,4.569892473118279,26
188,1721,425,122,548,1237,98,171,1880,735,4.594330400782013,22
189,1627,454,121,533,1171,94,145,1940,744,4.618768328445747,8
190,1641,397,114,522,1192,107,182,1858,724,4.643206256109481,15
191,1678,428,142,526,1165,104,158,1901,715,4.667644183773215,16
192,1599,429,123,543,1177,109,169,1884,729,4.6920821114369495,20
193,1683,442,131,474,1169,88,198,1830,689,4.7165200391006845,17
194,1650,442,113,522,1218,89,165,1860,703,4.740957966764419,17
195,1565,386,121,488,1196,82,172,1729,672,4.765395894428153,23
196,1574,454,135,502,1190,92,176,1846,693,4.789833822091887,19
197,1629,438,112,517,1146,97,162,1823,731,4.814271749755621,14
198,1632,371,121,505,1226,108,169,1793,699,4.838709677419355,19
199,1623,409,123,483,1142,110,175,1868,698,4.863147605083089,13
200,1608,446,98,489,1207,101,152,1750,678,4.887585532746823,15
201,1647,449,123,466,1158,86,145,1827,732,4.912023460410557,15
202,1550,409,125,469,1119,87,162,1748,656,4.936461388074291,16
203,1553,414,103,515,1165,90,147,1713,693,4.9608993157380255,13
204,1564,438,114,496,1087,95,174,1742,680,4.9853372434017595,19
205,1608,400,124,443,1150,92,154,1725,702,5.009775171065494,10
206,1518,413,120,503,1156,85,188,1749,655,5.034213098729228,7
207,1523,398,109,492,1065,99,141,1706,669,5.058651026392962,19
208,1533,384,103,500,1064,94,154,1794,629,5.083088954056696,10
209,1518,385,127,492,1109,92,168,1720,679,5.10752688172043,11
210,1521,434,117,465,1088,97,167,1769,657,5.131964809384164,17
211,1483,367,98,477,1061,83,148,1713,683,5.156402737047898,15
212,1539,395,112,457,1035,100,142,1663,664,5.180840664711632,15
213,1531,403,113,480,1112,76,154,1617,684,5.205278592375366,11
214,1499,397,112,411,1153,80,146,1696,658,5.2297165200391005,11
215,1559,386,89,455,1068,82,144,1685,636,5.254154447702835,11
216,1499,381,108,502,1018,93,148,1648,647,5.278592375366569,15
217,1479,361,112,458,1086,83,130,1576,653,5.303030303030303,16
218,1511,396,95,449,1057,103,159,1595,653,5.327468230694037,17
219,1477,437,97,478,1101,87,153,1664,616,5.351906158357771,17
220,1447,397,116,445,1045,96,139,1612,657,5.376344086021505,13
221,1451,360,91,461,1048,101,145,1593,666,5.400782013685239,13
222,1412,355,130,454,1020,74,147,1587,637,5.425219941348973,17
223,1475,380,87,435,1083,88,138,1585,634,5.449657869012707,18
224,1446,372,101,494,1070,80,148,1621,660,5.474095796676441,15
225,1411,356,104,471,979,78,137,1555,581,5.4985337243401755,12
226,1387,407,104,382,1027,83,147,1562,670,5.52297165200391,10
227,1445,368,92,443,990,84,162,1565,635,5.547409579667644,14
228,1411,376,108,403,1002,74,147,1504,620,5.571847507331378,13
229,1457,371,98,438,920,92,143,1533,655,5.596285434995112,13
230,1402,390,85,447,1005,80,152,1540,619,5.620723362658846,23
231,1374,371,110,400,1033,91,128,1522,625,5.64516129032258,7
232,1374,355,98,432,954,83,154,1557,606,5.669599217986314,9
233,1371,374,114,403,992,82,154,1550,634,5.694037145650048,19
234,1350,374,89,405,959,80,148,1511,600,5.718475073313782,11
235,1358,333,98,416,992,66,123,1519,583,5.742913000977517,5
236,1410,341,93,402,1007,82,137,1494,632,5.767350928641251,12
237,1333,374,109,418,971,73,153,1505,560,5.7917888563049855,10
238,1356,326,90,389,979,62,143,1539,610,5.81622678396872,17
239,1334,378,105,393,965,76,140,1490,607,5.840664711632454,9
240,1366,364,102,450,906,68,134,1440,585,5.865102639296188,14
241,1380,347,94,379,967,77,146,1516,653,5.889540566959922,14
242,1322,327,87,427,948,79,151,1447,593,5.913978494623656,8
243,1326,334,111,441,933,74,131,1513,569,5.93841642228739,8
244,1304,321,93,405,939,66,149,1569,565,5.962854349951124,9
245,1342,339,88,387,966,69,120,1444,575,5.987292277614858,9
246,1310,306,110,404,950,85,140,1464,574,6.011730205278592,11
247,1295,332,108,398,934,75,151,1444,581,6.0361681329423265,11
248,1289,334,103,401,905,79,145,1392,543,6.0606060606060606,13
249,1326,334,85,423,954,76,131,1462,579,6.085043988269795,5
250,1222,286,91,377,995,72,158,1409,552,6.109481915933529,16
251,1249,337,80,388,905,85,119,1445,558,6.133919843597263,15
252,1244,313,86,388,916,63,155,1458,542,6.158357771260997,16
253,1278,314,85,387,965,80,132,1420,567,6.182795698924731,4
254,1239,332,84,392,894,63,134,1399,554,6.207233626588465,10
255,1186,306,103,395,873,77,163,1412,528,6.231671554252199,3
256,1282,296,109,376,882,89,137,1380,540,6.256109481915933,11
257,1268,292,87,393,913,73,147,1395,550,6.280547409579667,19
258,1225,343,96,374,925,76,140,1356,539,6.3049853372434015,11
259,1255,297,92,398,882,77,150,1390,578,6.329423264907136,9
260,1158,315,99,380,910,70,130,1340,538,6.35386119257087,10
261,1259,289,109,374,843,76,116,1395,538,6.378299120234604,8
262,1196,335,103,407,855,81,116,1362,519,6.402737047898338,17
263,1183,279,95,397,867,62,119,1304,495,6.427174975562072,8
264,1186,326,98,364,844,74,112,1347,520,6.451612903225806,7
265,1200,323,84,384,875,68,116,1354,508,6.47605083088954,10
266,1222,301,109,362,824,74,119,1425,542,6.500488758553274,8
267,1195,313,91,361,853,69,121,1313,496,6.524926686217008,10
268,1191,348,94,369,899,63,112,1310,527,6.549364613880742,10
269,1194,293,93,352,856,75,117,1324,528,6.5738025415444765,14
270,1153,350,85,351,842,57,130,1253,484,6.598240469208211,12
271,1144,317,93,362,854,65,102,1281,529,6.622678396871945,15
272,1122,289,83,321,856,66,108,1301,536,6.647116324535679,9
273,1207,292,86,376,774,90,114,1287,470,6.671554252199413,15
274,1165,307,77,361,830,62,117,1318,509,6.695992179863147,8
275,1070,307,89,342,825,73,108,1291,478,6.720430107526881,11
276,1172,294,78,333,769,59,126,1334,519,6.744868035190615,8
277,1168,297,92,363,779,59,129,1301,508,6.769305962854349,15
278,1110,312,73,386,835,64,95,1264,522,6.793743890518084,8
279,1113,293,86,339,774,65,134,1279,473,6.818181818181818,9
280,1111,276,91,325,809,65,109,1199,486,6.842619745845552,11
281,1063,293,72,349,786,76,125,1202,464,6.8670576735092865,12
282,1115,308,94,333,801,70,108,1273,475,6.891495601173021,12
283,1107,273,71,332,782,58,114,1226,496,6.915933528836755,7
284,1104,270,85,348,778,68,96,1248,469,6.940371456500489,13
285,1102,286,75,343,789,64,110,1205,501,6.964809384164223,9
286,1115,281,79,301,766,60,114,1194,535,6.989247311827957,7
287,1090,313,69,374,802,66,109,1226,497,7.013685239491691,14
288,1090,315,67,325,783,54,125,1227,467,7.038123167155425,5
289,1114,273,82,341,733,69,118,1214,440,7.062561094819159,11
290,1113,294,72,302,799,65,116,1263,480,7.086999022482893,16
291,1090,278,78,308,779,77,116,1160,453,7.1114369501466275,9
292,1099,255,83,306,772,61,105,1203,498,7.135874877810362,10
293,1024,257,93,323,759,68,95,1196,472,7.160312805474096,11
294,1011,289,62,333,730,67,131,1158,469,7.18475073313783,14
295,988,275,77,297,799,52,111,1139,459,7.209188660801564,4
296,1076,309,65,344,764,58,105,1173,461,7.233626588465298,5
297,1051,285,75,309,759,66,104,1181,481,7.258064516129032,14
298,1031,277,77,319,768,78,110,1141,444,7.282502443792766,13
299,965,264,86,316,700,60,118,1153,455,7.3069403714565,7
300,1000,293,83,300,749,59,118,1156,491,7.331378299120234,9
301,993,266,85,305,735,56,121,1079,466,7.355816226783968,6
302,1061,273,78,321,721,60,89,1076,468,7.3802541544477025,10
303,1015,247,73,304,772,56,97,1163,470,7.404692082111437,9
304,956,252,70,302,747,69,99,1079,455,7.429130009775171,9
305,1007,264,72,321,734,66,105,1135,447,7.453567937438905,5
306,950,243,80,302,718,67,107,1119,441,7.478005865102639,4
307,966,268,75,297,664,72,98,1102,444,7.502443792766373,9
308,950,250,75,312,709,48,116,1071,425,7.526881720430107,8
309,978,262,82,323,717,49,106,1195,433,7.551319648093841,13
310,977,229,72,311,677,55,99,1040,430,7.575757575757575,12
311,953,273,66,274,690,51,96,1128,466,7.600195503421309,12
312,953,267,83,310,681,54,87,1082,410,7.624633431085043,11
313,927,252,84,303,689,59,115,1122,424,7.6490713587487775,8
314,927,258,62,310,708,69,109,1072,417,7.673509286412512,13
315,944,253,77,328,690,59,101,1079,392,7.697947214076246,7
316,897,257,71,329,698,62,96,1044,415,7.72238514173998,11
317,962,227,71,292,716,59,94,1054,388,7.746823069403714,11
318,903,228,70,302,674,57,103,1059,424,7.771260997067448,7
319,945,248,67,275,673,49,106,1052,395,7.795698924731182,8
320,936,257,69,317,614,62,116,1058,416,7.820136852394917,4
321,900,240,53,255,717,53,76,1017,408,7.844574780058651,8
322,879,262,60,274,640,53,91,1043,375,7.869012707722385,10
323,959,261,70,266,663,54,92,985,423,7.893450635386119,4
324,947,251,66,288,647,59,99,1063,411,7.9178885630498534,7
325,951,247,78,304,656,61,98,1019,387,7.9423264907135875,10
326,893,230,72,288,627,44,116,1047,401,7.966764418377322,11
327,897,219,66,258,614,64,101,955,372,7.991202346041056,11
328,882,217,60,278,642,57,85,983,401,8.01564027370479,16
329,951,222,62,280,636,59,94,950,403,8.040078201368523,7
330,898,249,70,242,612,63,97,1066,391,8.064516129032258,8
331,806,223,78,260,636,34,90,1055,418,8.088954056695991,7
332,842,240,56,298,637,53,116,972,385,8.113391984359726,16
333,885,234,66,275,647,48,100,1016,403,8.13782991202346,6
334,869,225,56,248,587,50,95,963,366,8.162267839687194,10
335,822,230,58,237,600,32,105,934,391,8.186705767350928,9
336,905,241,73,283,601,61,106,987,395,8.211143695014663,9
337,871,228,66,240,642,69,95,975,422,8.235581622678396,7
338,873,241,72,281,651,60,96,1013,389,8.26001955034213,9
339,874,240,84,254,612,53,90,921,386,8.284457478005864,12
340,863,246,75,300,603,58,82,944,387,8.308895405669599,5
341,870,228,72,268,603,48,87,947,371,8.333333333333332,12
342,832,201,74,233,599,45,89,980,402,8.357771260997067,1
343,822,205,59,262,571,53,76,982,360,8.382209188660802,4
344,885,190,76,261,570,51,77,923,361,8.406647116324535,10
345,819,222,62,260,645,54,90,929,374,8.43108504398827,8
346,791,215,58,233,609,63,82,921,352,8.455522971652004,7
347,815,191,61,247,585,52,99,947,377,8.479960899315738,5
348,860,244,68,248,584,43,87,917,388,8.504398826979472,8
349,876,207,60,232,567,42,86,926,336,8.528836754643207,8
350,802,201,60,267,596,41,98,895,335,8.55327468230694,6
351,822,176,63,256,547,62,72,894,351,8.577712609970675,9
352,833,212,68,264,520,59,81,979,347,8.602150537634408,10
353,809,210,67,221,571,44,84,921,358,8.626588465298143,13
354,747,210,68,246,604,58,102,923,351,8.651026392961876,4
355,842,194,67,251,594,48,94,938,351,8.675464320625611,6
356,748,222,56,236,579,49,90,876,353,8.699902248289344,9
357,824,197,66,248,550,64,82,830,362,8.72434017595308,4
358,835,195,55,253,547,61,94,902,354,8.748778103616813,11
359,761,199,44,210,569,57,88,945,344,8.773216031280548,9
360,766,227,75,235,557,48,84,920,331,8.79765395894428,10
361,797,192,74,250,588,46,85,887,336,8.822091886608016,7
362,732,202,66,201,561,55,78,850,343,8.846529814271749,12
363,784,199,64,243,566,36,92,871,351,8.870967741935484,5
364,764,209,69,224,600,46,80,852,341,8.895405669599217,8
365,761,210,69,233,533,50,89,836,322,8.919843597262952,8
366,782,220,66,223,567,41,81,801,335,8.944281524926685,8
367,733,168,70,240,562,50,86,845,342,8.96871945259042,4
368,777,205,50,231,507,43,104,846,345,8.993157380254154,15
369,751,191,53,212,533,53,79,845,324,9.017595307917889,12
370,698,179,54,232,526,37,75,868,352,9.042033235581622,9
371,756,210,59,256,550,42,86,872,334,9.066471163245357,8
372,759,200,42,208,531,41,66,845,309,9.09090909090909,8
373,739,180,55,222,570,53,89,793,334,9.115347018572825,8
374,718,195,51,258,496,36,73,856,346,9.139784946236558,14
375,688,209,63,223,580,51,62,826,331,9.164222873900293,7
376,728,192,51,240,509,40,77,804,309,9.188660801564026,8
377,700,193,61,230,528,41,78,800,348,9.213098729227761,10
378,740,182,62,223,521,42,72,835,286,9.237536656891495,5
379,746,160,66,235,523,47,69,803,326,9.26197458455523,12
380,724,184,46,215,546,44,77,805,309,9.286412512218963,7
381,713,171,59,213,494,40,71,805,298,9.310850439882698,16
382,677,187,52,223,525,36,61,785,313,9.33528836754643,9
383,678,203,53,228,532,38,81,765,326,9.359726295210166,12
384,723,186,44,221,515,41,78,804,313,9.384164222873899,4
385,663,184,60,202,509,53,77,778,284,9.408602150537634,7
386,721,202,60,201,533,36,75,824,290,9.433040078201369,13
387,694,193,41,218,483,41,72,722,296,9.457478005865102,9
388,673,173,70,202,502,49,72,799,307,9.481915933528837,10
389,723,191,40,213,472,44,87,766,285,9.50635386119257,6
390,642,202,67,219,503,41,80,721,303,9.530791788856305,9
391,669,190,51,207,481,33,78,818,297,9.555229716520039,9
392,661,182,70,221,487,34,65,742,328,9.579667644183774,10
393,673,154,66,225,498,33,68,795,313,9.604105571847507,13
394,632,182,53,217,506,48,86,772,320,9.628543499511242,14
395,650,167,56,231,466,39,68,808,299,9.652981427174975,7
396,637,188,49,220,476,46,82,760,288,9.67741935483871,8
397,649,155,59,188,449,48,78,777,306,9.701857282502443,6
398,692,179,58,212,496,42,57,769,294,9.726295210166178,11
399,645,172,59,217,470,50,68,735,307,9.750733137829911,5
400,676,177,34,185,506,31,78,768,296,9.775171065493646,8
401,632,178,42,208,473,40,71,758,297,9.79960899315738,12
402,673,197,49,183,481,49,61,735,275,9.824046920821115,11
403,587,169,41,207,477,44,69,732,316,9.848484848484848,7
404,662,169,50,178,450,46,89,724,302,9.872922776148583,12
405,632,167,52,223,460,31,73,669,300,9.897360703812316,8
406,667,144,49,202,475,56,60,767,270,9.921798631476051,9
407,613,162,60,182,496,38,64,705,285,9.946236559139784,6
408,669,163,43,198,447,33,87,734,293,9.970674486803519,6
409,618,171,50,198,423,43,57,662,318,9.995112414467252,6
410,640,179,56,194,429,37,69,734,265,10.019550342130987,6
411,633,175,62,205,468,38,64,729,317,10.04398826979472,6
412,588,166,44,191,439,40,78,730,260,10.068426197458455,7
413,654,172,44,202,443,45,77,693,287,10.092864125122189,7
414,603,176,54,191,432,43,65,703,296,10.117302052785924,8
415,622,153,49,195,440,43,69,670,292,10.141739980449657,2
416,587,160,56,184,450,39,69,705,261,10.166177908113392,4
417,626,173,33,222,434,52,64,699,296,10.190615835777125,8
418,610,163,53,175,439,45,67,694,312,10.21505376344086,10
419,612,179,58,183,453,40,81,703,260,10.239491691104593,9
420,636,166,49,165,429,31,75,705,290,10.263929618768328,7
421,611,166,52,170,436,42,65,675,256,10.288367546432061,8
422,591,170,50,204,408,35,61,673,250,10.312805474095796,5
423,603,161,42,192,437,41,52,687,306,10.33724340175953,9
424,593,137,54,210,393,50,63,641,261,10.361681329423265,9
425,612,165,49,203,463,37,70,657,258,10.386119257086998,8
426,610,179,43,201,416,33,60,652,291,10.410557184750733,13
427,589,134,53,191,419,36,61,677,256,10.434995112414468,6
428,572,150,51,195,461,41,59,678,250,10.459433040078201,4
429,569,158,39,159,373,53,68,625,266,10.483870967741936,10
430,589,158,40,189,415,37,80,676,252,10.50830889540567,9
431,582,159,51,170,406,29,74,603,299,10.532746823069404,15
432,586,147,47,180,433,39,61,648,236,10.557184750733137,9
433,576,163,33,192,412,48,64,674,266,10.581622678396872,11
434,575,162,49,187,406,42,61,681,272,10.606060606060606,8
435,576,144,44,213,439,40,67,584,232,10.63049853372434,10
436,584,133,41,175,443,41,49,682,196,10.654936461388074,9
437,604,149,41,183,406,32,71,647,231,10.679374389051809,10
438,561,148,52,190,400,38,70,659,238,10.703812316715542,8
439,595,146,48,157,373,37,66,616,270,10.728250244379277,8
440,529,173,52,172,372,46,60,593,225,10.75268817204301,12
441,550,134,29,178,416,47,65,633,241,10.777126099706745,8
442,532,138,57,207,399,30,76,588,254,10.801564027370478,12
443,582,147,42,164,433,32,64,635,235,10.826001955034213,4
444,530,137,54,178,424,34,59,646,270,10.850439882697946,5
445,558,130,43,180,409,27,70,630,235,10.874877810361681,8
446,533,160,45,171,386,44,62,661,262,10.899315738025415,7
447,555,146,61,190,386,32,47,604,228,10.92375366568915,7
448,553,142,43,184,375,33,57,598,275,10.948191593352883,11
449,566,162,33,165,402,26,57,629,243,10.972629521016618,8
450,531,155,37,155,375,34,62,610,230,10.997067448680351,10
451,511,126,35,157,384,39,62,579,261,11.021505376344086,6
452,521,171,32,144,373,30,76,645,255,11.04594330400782,11
453,559,154,47,169,394,29,68,570,228,11.070381231671554,10
454,524,138,36,164,355,39,54,586,225,11.094819159335287,5
455,530,150,37,147,368,30,50,658,236,11.119257086999022,11
456,509,130,44,161,374,46,68,615,234,11.143695014662756,9
457,549,141,41,168,371,38,63,571,242,11.16813294232649,12
458,542,139,40,148,388,24,55,565,235,11.192570869990224,10
459,515,130,54,168,386,34,42,574,218,11.217008797653959,7
460,478,128,47,160,363,33,54,599,217,11.241446725317692,12
461,519,127,48,153,381,39,61,616,214,11.265884652981427,8
462,520,117,47,160,380,41,66,558,225,11.29032258064516,9
463,519,143,39,165,360,34,47,609,247,11.314760508308895,7
464,490,135,33,152,359,38,53,567,213,11.339198435972628,8
465,529,145,38,166,356,36,67,554,197,11.363636363636363,9
466,474,133,44,148,365,32,50,578,212,11.388074291300097,8
467,505,132,45,167,356,38,50,573,222,11.412512218963832,7
468,546,145,41,152,418,27,56,486,240,11.436950146627565,6
469,481,144,42,148,353,33,53,541,204,11.4613880742913,6
470,497,142,40,163,354,36,54,577,200,11.485826001955035,8
471,499,123,32,141,368,30,63,596,213,11.510263929618768,7
472,531,136,38,155,326,40,47,548,218,11.534701857282503,11
473,450,117,44,147,359,36,56,561,202,11.559139784946236,14
474,466,153,40,155,370,43,50,583,224,11.583577712609971,9
475,485,137,38,158,348,22,63,534,216,11.608015640273704,8
476,488,134,36,149,365,34,50,560,243,11.63245356793744,9
477,521,120,41,155,340,30,50,538,196,11.656891495601172,6
478,443,115,26,139,347,39,62,542,230,11.681329423264907,9
479,463,130,44,152,325,28,65,526,239,11.70576735092864,10
480,508,125,45,175,337,36,49,524,220,11.730205278592376,7
481,476,116,41,152,338,31,55,576,207,11.754643206256109,10
482,514,127,43,160,300,34,50,523,213,11.779081133919844,7
483,500,119,36,145,317,35,52,522,195,11.803519061583577,9
484,500,113,26,152,341,35,49,515,222,11.827956989247312,14
485,457,120,40,146,359,45,68,561,198,11.852394916911045,7
486,463,117,32,171,345,39,48,492,217,11.87683284457478,9
487,478,117,36,134,339,34,46,533,196,11.901270772238513,2
488,471,112,40,142,311,32,64,477,204,11.925708699902248,12
489,460,138,36,145,346,21,55,511,222,11.950146627565982,7
490,451,138,29,171,329,46,40,545,196,11.974584555229717,9
491,451,130,36,141,321,29,44,532,192,11.99902248289345,6
492,461,114,38,131,317,32,50,539,191,12.023460410557185,19
493,441,98,58,162,327,30,61,502,213,12.047898338220918,4
494,444,121,39,143,289,30,50,505,181,12.072336265884653,12
495,474,108,39,136,321,33,67,525,193,12.096774193548386,7
496,444,120,32,164,316,25,38,472,209,12.121212121212121,8
497,468,123,31,144,305,40,61,528,180,12.145650048875854,7
498,449,131,34,130,318,25,60,466,220,12.17008797653959,6
499,445,114,30,150,313,29,49,487,182,12.194525904203322,6
500,447,112,31,163,315,28,41,502,190,12.218963831867057,6
501,497,123,36,135,382,28,52,504,184,12.24340175953079,6
502,423,95,37,119,311,31,51,469,196,12.267839687194526,7
503,440,92,29,147,319,38,41,496,194,12.292277614858259,6
504,419,121,42,125,317,21,52,469,200,12.316715542521994,10
505,456,99,44,145,289,29,50,475,180,12.341153470185727,8
506,380,120,38,138,317,31,58,436,177,12.365591397849462,6
507,435,118,31,151,350,31,44,482,197,12.390029325513195,12
508,462,105,30,125,321,37,42,465,216,12.41446725317693,8
509,471,115,39,123,315,40,46,511,206,12.438905180840663,7
510,446,121,44,128,267,36,55,470,183,12.463343108504398,4
511,459,107,32,137,336,26,52,450,164,12.487781036168132,7
512,445,111,32,113,288,35,52,483,197,12.512218963831867,6
513,390,116,45,141,311,26,33,476,187,12.536656891495602,9
514,402,117,36,124,289,24,45,483,191,12.561094819159335,10
515,438,105,38,143,317,20,54,467,177,12.58553274682307,9
516,370,105,34,139,306,28,43,425,184,12.609970674486803,7
517,392,94,37,130,270,21,42,460,188,12.634408602150538,8
518,405,114,43,132,304,32,53,470,192,12.658846529814271,9
519,382,108,31,111,288,27,44,449,187,12.683284457478006,4
520,403,120,39,140,250,32,43,478,183,12.70772238514174,4
521,435,132,33,123,267,23,49,448,188,12.732160312805474,13
522,382,101,25,125,298,29,38,467,184,12.756598240469208,5
523,383,103,32,118,285,21,52,489,201,12.781036168132943,3
524,395,135,24,139,292,23,52,392,185,12.805474095796676,7
525,405,103,35,104,287,40,53,430,176,12.82991202346041,10
526,415,107,29,130,264,31,36,409,180,12.854349951124144,10
527,387,112,23,116,274,34,43,446,168,12.878787878787879,8
528,419,107,27,129,274,32,44,448,174,12.903225806451612,3
529,412,92,39,108,258,34,42,443,153,12.927663734115347,7
530,356,110,35,121,268,23,40,426,158,12.95210166177908,7
531,382,92,24,128,284,22,37,407,162,12.976539589442815,10
532,387,99,32,112,241,18,44,389,153,13.000977517106548,9
533,433,96,44,98,245,24,38,427,181,13.025415444770283,4
534,353,106,35,149,264,31,46,445,151,13.049853372434017,6
535,386,104,30,110,277,28,61,407,191,13.074291300097752,4
536,363,99,31,108,265,26,33,440,182,13.098729227761485,9
537,384,85,31,102,282,28,33,414,160,13.12316715542522,10
538,364,98,27,117,277,27,47,412,158,13.147605083088953,12
539,374,101,29,140,248,24,52,423,169,13.172043010752688,9
540,374,110,34,125,281,22,50,372,171,13.196480938416421,10
541,384,101,28,120,267,31,41,420,166,13.220918866080156,5
542,376,99,24,119,267,24,39,427,172,13.24535679374389,8
543,393,91,24,122,266,26,48,376,174,13.269794721407624,10
544,400,93,37,113,280,22,43,393,185,13.294232649071358,2
545,373,96,40,100,243,24,44,403,164,13.318670576735093,7
546,356,91,32,107,268,19,46,403,153,13.343108504398826,6
547,372,110,31,105,242,37,41,373,143,13.36754643206256,5
548,373,78,23,106,262,27,53,366,169,13.391984359726294,6
549,321,101,32,122,239,21,38,372,140,13.416422287390029,9
550,354,105,24,132,255,31,49,398,191,13.440860215053762,5
551,309,74,37,120,252,31,41,417,169,13.465298142717497,11
552,338,84,25,119,256,25,37,400,161,13.48973607038123,10
553,335,92,30,100,247,21,42,388,153,13.514173998044965,5
554,339,89,35,111,264,21,48,392,144,13.538611925708699,10
555,336,83,24,120,241,24,36,398,162,13.563049853372434,10
556,318,85,24,100,236,36,46,391,152,13.587487781036168,14
557,338,84,30,113,234,33,35,405,165,13.611925708699902,12
558,317,94,35,128,227,26,42,365,147,13.636363636363637,11
559,321,78,28,115,245,27,39,365,151,13.66080156402737,5
560,392,89,25,106,231,29,38,375,166,13.685239491691105,5
561,290,101,27,100,232,20,38,392,165,13.709677419354838,9
562,301,84,28,101,213,22,48,368,137,13.734115347018573,10
563,319,98,24,113,271,24,38,348,136,13.758553274682306,11
564,308,85,41,116,233,29,41,385,177,13.782991202346041,11
565,335,102,29,113,238,18,34,397,156,13.807429130009774,13
566,328,81,27,106,244,27,37,352,140,13.83186705767351,11
567,296,85,25,102,259,21,41,367,145,13.856304985337243,7
568,328,82,18,98,217,27,34,349,132,13.880742913000978,10
569,317,81,28,101,257,26,37,341,150,13.90518084066471,13
570,290,78,26,103,227,24,36,382,147,13.929618768328446,7
571,317,84,26,117,212,24,38,337,153,13.954056695992179,7
572,328,85,27,90,217,20,50,380,149,13.978494623655914,7
573,359,70,34,128,225,29,30,353,133,14.002932551319647,9
574,327,83,33,89,237,22,38,339,168,14.027370478983382,4
575,309,83,33,82,214,18,36,355,149,14.051808406647115,8
576,338,98,28,116,242,20,30,322,138,14.07624633431085,6
577,302,100,30,119,233,20,33,348,138,14.100684261974584,10
578,300,98,31,98,199,22,38,363,128,14.125122189638319,7
579,314,84,32,83,231,29,37,352,151,14.149560117302052,9
580,299,88,21,106,213,36,28,317,148,14.173998044965787,5
581,299,70,36,102,241,13,37,357,118,14.19843597262952,10
582,322,85,20,84,230,21,47,355,141,14.222873900293255,11
583,306,72,29,85,202,22,39,317,123,14.247311827956988,7
584,309,83,36,83,249,29,40,303,116,14.271749755620723,5
585,277,87,28,83,244,28,28,325,132,14.296187683284456,9
586,291,83,21,103,212,26,37,307,151,14.320625610948191,7
587,290,81,28,99,224,17,29,346,130,14.345063538611925,8
588,279,62,32,84,194,18,38,373,158,14.36950146627566,6
589,305,93,30,94,199,18,33,337,115,14.393939393939393,8
590,251,78,25,84,201,21,30,294,121,14.418377321603128,6
591,310,81,37,97,233,31,29,317,123,14.442815249266861,9
592,298,98,24,93,216,18,33,305,119,14.467253176930596,5
593,251,93,33,88,215,23,33,332,122,14.491691104594329,4
594,272,78,22,104,213,16,33,325,128,14.516129032258064,3
595,303,68,22,93,192,20,40,280,104,14.540566959921797,7
596,325,80,23,108,186,19,33,308,115,14.565004887585532,7
597,300,70,26,83,194,24,31,286,141,14.589442815249265,6
598,298,64,22,103,240,25,29,323,135,14.613880742913,11
599,284,90,34,84,205,24,41,319,119,14.638318670576735,8
600,302,83,34,79,203,17,21,298,134,14.662756598240469,6
601,276,81,36,86,200,19,31,326,141,14.687194525904204,15
602,280,77,29,88,192,29,33,318,133,14.711632453567937,8
603,281,58,23,113,184,13,36,281,120,14.736070381231672,11
604,277,76,29,88,207,25,37,361,121,14.760508308895405,4
605,251,77,17,88,186,23,44,307,112,14.78494623655914,6
606,282,86,22,95,213,25,34,320,123,14.809384164222873,7
607,262,78,21,101,204,23,33,287,126,14.833822091886608,10
608,299,70,28,87,235,23,34,295,132,14.858260019550341,14
609,271,78,23,95,209,29,24,322,112,14.882697947214076,15
610,272,67,33,102,185,19,44,331,125,14.90713587487781,9
611,272,66,24,94,206,18,30,299,121,14.931573802541545,6
612,248,72,27,94,206,27,40,292,116,14.956011730205278,10
613,267,75,24,80,210,22,31,309,128,14.980449657869013,6
614,278,73,28,93,221,26,35,291,114,15.004887585532746,8
615,289,64,27,99,181,28,34,275,111,15.029325513196481,4
616,286,68,24,72,200,26,31,293,110,15.053763440860214,10
617,289,86,26,83,167,19,25,303,150,15.078201368523949,12
618,283,81,27,105,187,27,28,300,110,15.102639296187682,7
619,266,77,24,97,183,29,26,285,110,15.127077223851417,3
620,257,90,17,98,200,23,27,298,120,15.15151515151515,4
621,243,78,25,83,177,20,28,311,113,15.175953079178885,8
622,272,80,24,84,198,16,35,307,114,15.200391006842619,9
623,262,85,37,92,157,24,31,281,121,15.224828934506354,8
624,228,63,25,65,166,22,29,261,108,15.249266862170087,9
625,284,74,30,92,187,17,36,309,115,15.273704789833822,10
626,281,63,30,71,184,17,37,299,88,15.298142717497555,7
627,270,72,26,72,186,20,29,312,113,15.32258064516129,14
628,263,57,26,82,181,24,32,283,99,15.347018572825023,6
629,212,97,28,80,181,24,23,262,121,15.371456500488758,7
630,253,75,25,85,195,23,28,274,112,15.395894428152491,12
631,243,78,25,100,165,25,44,286,123,15.420332355816226,6
632,277,69,27,88,208,19,34,288,119,15.44477028347996,7
633,239,81,19,65,196,15,29,270,99,15.469208211143695,4
634,261,71,19,82,167,10,22,287,119,15.493646138807428,4
635,240,66,23,83,173,19,29,268,97,15.518084066471163,4
636,242,62,23,84,174,19,25,290,125,15.542521994134896,5
637,250,65,23,101,166,23,29,250,93,15.566959921798631,11
638,263,54,29,87,173,17,35,267,119,15.591397849462364,7
639,261,57,27,80,174,21,29,263,119,15.6158357771261,16
640,256,64,24,87,181,21,34,287,115,15.640273704789834,5
641,247,67,23,79,166,14,23,289,110,15.664711632453567,6
642,242,82,18,72,162,26,28,245,102,15.689149560117302,7
643,272,82,28,85,148,20,23,246,118,15.713587487781036,7
644,217,75,16,75,185,18,22,280,100,15.73802541544477,14
645,235,57,30,77,164,17,33,255,90,15.762463343108504,11
646,236,66,20,83,166,21,31,284,109,15.786901270772239,9
647,246,64,20,80,193,18,21,267,101,15.811339198435972,12
648,267,68,27,58,159,17,33,243,132,15.835777126099707,10
649,209,56,19,82,163,23,32,253,103,15.86021505376344,9
650,243,80,26,60,166,20,37,282,113,15.884652981427175,11
651,231,63,13,58,177,18,31,280,97,15.909090909090908,12
652,230,74,27,93,156,19,31,263,126,15.933528836754643,7
653,237,74,23,57,160,25,24,247,137,15.957966764418376,10
654,231,70,18,55,151,28,39,287,120,15.982404692082111,10
655,225,66,27,76,155,20,30,267,113,16.006842619745846,10
656,231,65,31,78,189,22,22,238,112,16.03128054740958,6
657,209,75,24,67,180,18,32,243,117,16.055718475073313,13
658,211,63,18,60,157,16,37,263,108,16.080156402737046,10
659,239,60,21,70,164,17,36,255,102,16.104594330400783,9
660,220,54,15,62,175,13,39,236,101,16.129032258064516,13
661,249,61,22,92,169,15,25,235,111,16.15347018572825,9
662,211,47,29,69,161,17,24,255,98,16.177908113391982,14
663,236,46,22,61,158,12,39,246,109,16.20234604105572,6
664,224,56,27,87,168,20,25,215,86,16.226783968719452,6
665,207,63,26,57,164,13,29,261,106,16.251221896383186,14
666,228,66,19,76,149,18,22,254,83,16.27565982404692,9
667,200,49,28,64,147,23,28,241,90,16.300097751710656,7
668,210,68,27,84,165,18,31,249,93,16.32453567937439,4
669,204,50,20,55,160,14,26,271,83,16.348973607038122,8
670,217,73,23,59,174,11,33,221,102,16.373411534701855,4
671,207,57,27,47,164,19,27,225,83,16.397849462365592,7
672,218,58,20,59,168,16,34,252,102,16.422287390029325,7
673,227,65,14,65,149,24,31,241,113,16.44672531769306,7
674,210,52,21,69,161,25,21,266,105,16.47116324535679,5
675,223,58,28,76,152,31,19,216,96,16.49560117302053,6
676,213,71,19,64,179,15,31,249,87,16.52003910068426,8
677,200,66,14,62,128,18,24,234,101,16.544477028347995,10
678,211,56,23,66,167,14,27,192,82,16.568914956011728,12
679,189,60,26,75,146,17,29,243,90,16.593352883675465,8
680,213,54,25,60,146,17,21,221,109,16.617790811339198,10
681,224,64,17,69,180,16,32,214,98,16.64222873900293,9
682,210,56,23,65,141,17,21,262,98,16.666666666666664,10
683,197,59,21,72,155,18,19,218,106,16.6911045943304,14
684,225,61,20,55,150,13,34,231,96,16.715542521994134,4
685,214,53,19,66,172,15,31,252,101,16.739980449657867,5
686,211,57,16,62,146,14,21,232,99,16.764418377321604,13
687,179,63,14,69,155,23,36,240,98,16.788856304985337,11
688,184,55,16,50,125,8,32,219,99,16.81329423264907,11
689,191,57,16,64,159,16,27,237,91,16.837732160312804,5
690,200,54,11,62,153,26,25,186,94,16.86217008797654,5
691,218,58,28,62,146,23,25,217,82,16.886608015640274,7
692,195,44,28,69,151,19,27,208,86,16.911045943304007,14
693,229,56,22,62,152,16,30,224,93,16.93548387096774,14
694,195,65,24,70,151,13,27,242,99,16.959921798631477,8
695,203,47,18,60,142,17,25,223,81,16.98435972629521,13
696,186,51,23,47,158,20,26,213,98,17.008797653958943,8
697,183,57,12,67,142,20,24,218,73,17.033235581622677,0
698,177,50,26,68,139,13,21,228,95,17.057673509286413,7
699,197,51,15,52,135,17,37,230,77,17.082111436950147,7
700,160,51,18,82,133,28,43,197,83,17.10654936461388,8
701,161,48,22,76,144,21,30,213,86,17.130987292277613,11
702,179,55,16,61,125,17,30,206,89,17.15542521994135,7
703,200,46,29,64,149,14,32,221,83,17.179863147605083,8
704,219,49,24,47,136,12,31,214,87,17.204301075268816,5
705,158,49,15,65,135,15,23,234,89,17.22873900293255,4
706,191,66,12,64,138,16,24,231,93,17.253176930596286,6
707,208,44,22,62,141,18,26,204,86,17.27761485826002,6
708,207,60,12,59,140,16,30,233,84,17.302052785923753,6
709,203,41,19,64,156,16,27,197,88,17.326490713587486,7
710,196,59,24,54,129,14,30,218,94,17.350928641251222,5
711,174,52,13,49,158,13,26,253,81,17.375366568914956,7
712,168,44,14,68,125,13,23,192,86,17.39980449657869,10
713,192,58,24,56,125,24,26,227,89,17.424242424242422,14
714,183,60,19,63,139,13,28,210,91,17.44868035190616,11
715,175,54,25,47,133,17,24,188,91,17.473118279569892,7
716,183,54,21,59,142,14,20,196,89,17.497556207233625,3
717,165,45,16,49,147,13,26,214,77,17.52199413489736,7
718,167,59,22,58,150,17,27,203,81,17.546432062561095,11
719,177,44,10,59,132,17,17,180,96,17.57086999022483,9
720,176,50,22,65,117,14,33,211,91,17.59530791788856,9
721,202,49,20,61,142,28,19,196,65,17.619745845552295,8
722,184,62,24,50,136,26,18,188,78,17.64418377321603,6
723,190,54,17,53,130,17,16,170,65,17.668621700879765,3
724,173,49,18,58,136,21,18,200,75,17.693059628543498,3
725,186,49,19,48,129,23,19,172,72,17.71749755620723,3
726,164,49,19,55,138,7,17,208,79,17.741935483870968,15
727,166,48,21,65,122,15,20,181,79,17.7663734115347,4
728,167,55,20,57,123,19,31,203,93,17.790811339198434,8
729,176,55,17,59,123,15,12,192,89,17.81524926686217,7
730,167,49,8,45,129,18,21,205,87,17.839687194525904,7
731,188,42,17,64,131,15,26,189,68,17.864125122189638,7
732,167,47,20,51,135,14,22,188,76,17.88856304985337,8
733,178,43,22,53,113,13,22,161,78,17.913000977517108,2
734,160,49,20,52,117,16,27,176,75,17.93743890518084,4
735,157,52,21,54,99,12,33,185,74,17.961876832844574,13
736,186,51,21,59,130,14,18,209,70,17.986314760508307,5
737,163,44,20,51,142,16,14,178,77,18.010752688172044,6
738,163,45,19,51,117,22,23,183,87,18.035190615835777,11
739,166,53,26,58,120,22,21,194,75,18.05962854349951,8
740,154,52,16,64,122,10,24,194,73,18.084066471163244,5
741,175,48,17,49,134,16,19,172,70,18.10850439882698,11
742,163,42,12,58,116,14,17,166,82,18.132942326490713,12
743,160,45,21,54,143,15,28,190,77,18.157380254154447,5
744,192,53,13,38,97,23,19,178,58,18.18181818181818,8
745,164,45,12,50,109,14,20,172,70,18.206256109481917,9
746,159,49,11,46,115,15,21,165,82,18.23069403714565,10
747,159,50,12,47,119,18,26,171,74,18.255131964809383,11
748,159,49,16,52,129,19,27,210,78,18.279569892473116,8
749,166,52,15,65,111,18,19,188,69,18.304007820136853,11
750,158,50,15,60,123,12,20,192,75,18.328445747800586,4
751,132,42,19,53,105,15,28,180,73,18.35288367546432,11
752,144,35,15,38,108,11,26,168,67,18.377321603128053,4
753,142,44,20,63,103,18,19,190,71,18.40175953079179,5
754,150,49,30,45,111,20,28,202,64,18.426197458455523,8
755,150,47,15,59,104,16,27,192,69,18.450635386119256,9
756,140,52,22,46,86,17,26,186,67,18.47507331378299,10
757,160,39,19,40,118,15,22,179,75,18.499511241446726,10
758,153,47,17,64,117,12,13,180,57,18.52394916911046,10
759,152,43,11,44,122,16,21,165,68,18.548387096774192,11
760,149,46,26,54,106,12,15,191,77,18.572825024437925,9
761,128,46,14,42,102,14,20,152,65,18.597262952101662,5
762,153,45,19,40,113,14,13,168,70,18.621700879765395,7
763,146,48,25,45,96,17,18,165,84,18.64613880742913,10
764,170,48,12,53,102,22,21,166,82,18.67057673509286,5
765,165,37,15,47,90,17,20,175,60,18.6950146627566,9
766,165,49,18,44,101,14,24,177,73,18.71945259042033,8
767,143,41,17,53,124,16,26,162,76,18.743890518084065,5
768,149,45,23,47,102,17,22,151,53,18.768328445747798,6
769,133,41,16,46,108,13,23,195,69,18.792766373411535,14
770,137,41,19,51,101,8,21,136,48,18.817204301075268,7
771,144,37,18,42,100,13,19,164,66,18.841642228739,7
772,148,44,22,49,99,12,22,189,68,18.866080156402738,5
773,162,38,14,45,109,10,27,172,71,18.89051808406647,8
774,140,43,16,64,107,13,22,177,70,18.914956011730204,11
775,146,51,5,47,112,17,15,154,60,18.939393939393938,6
776,147,31,19,40,91,21,19,139,77,18.963831867057674,7
777,161,45,10,37,91,17,21,137,59,18.988269794721408,4
778,164,49,13,43,102,14,26,164,68,19.01270772238514,5
779,136,41,11,55,110,19,21,161,72,19.037145650048874,10
780,141,41,22,43,112,9,19,187,76,19.06158357771261,7
781,128,46,17,48,101,9,15,166,58,19.086021505376344,8
782,138,35,14,47,113,7,15,155,70,19.110459433040077,4
783,132,30,17,60,107,12,24,164,73,19.13489736070381,4
784,129,32,19,45,96,16,18,154,77,19.159335288367547,7
785,155,36,17,47,93,13,19,162,76,19.18377321603128,7
786,140,48,10,44,104,9,17,130,62,19.208211143695014,14
787,131,34,14,48,94,11,16,145,63,19.232649071358747,8
788,120,47,15,50,119,14,22,165,54,19.257086999022484,9
789,145,38,15,47,99,16,17,144,61,19.281524926686217,8
790,141,49,22,42,83,16,21,157,60,19.30596285434995,12
791,126,45,19,41,104,16,28,162,71,19.330400782013683,8
792,131,34,19,44,99,13,13,150,60,19.35483870967742,6
793,138,45,14,49,104,15,21,165,55,19.379276637341153,6
794,131,51,12,48,97,16,15,147,48,19.403714565004886,11
795,126,44,20,46,93,18,16,144,65,19.42815249266862,4
796,144,47,11,62,113,13,25,124,55,19.452590420332356,8
797,132,38,20,39,107,13,30,138,52,19.47702834799609,8
798,146,46,18,44,96,11,25,151,59,19.501466275659823,10
799,130,42,23,47,86,18,28,147,72,19.525904203323556,3
800,137,33,9,42,78,15,22,152,62,19.550342130987293,6
801,145,45,15,58,89,11,24,147,49,19.574780058651026,13
802,147,41,16,44,101,12,18,141,77,19.59921798631476,7
803,129,48,16,43,85,10,15,127,75,19.623655913978492,8
804,117,37,16,29,95,10,24,124,65,19.64809384164223,9
805,129,26,17,38,89,10,18,147,71,19.672531769305962,7
806,127,30,17,51,94,7,16,128,50,19.696969696969695,9
807,137,28,17,45,101,15,20,137,52,19.72140762463343,8
808,118,39,16,40,88,11,22,138,65,19.745845552297165,10
809,136,35,10,51,87,10,15,134,53,19.7702834799609,7
810,113,39,14,36,81,17,18,149,70,19.794721407624632,5
811,124,32,16,43,86,12,17,142,51,19.81915933528837,8
812,134,38,13,43,108,21,22,131,58,19.843597262952102,5
813,112,39,21,35,101,11,23,125,62,19.868035190615835,7
814,130,39,19,46,83,20,21,137,74,19.892473118279568,8
815,117,42,17,36,81,10,20,121,54,19.916911045943305,7
816,124,27,16,34,95,16,14,126,58,19.941348973607038,7
817,105,26,11,30,91,12,19,136,67,19.96578690127077,7
818,132,31,14,48,101,14,14,136,52,19.990224828934505,8
819,117,33,15,46,93,14,18,149,64,20.01466275659824,7
820,109,31,16,44,87,10,23,122,49,20.039100684261975,10
821,134,38,21,36,84,9,17,124,54,20.063538611925708,5
822,129,45,14,50,84,13,21,140,52,20.08797653958944,7
823,107,38,16,46,82,10,17,120,54,20.112414467253178,6
824,121,27,15,47,81,17,23,131,61,20.13685239491691,14
825,102,30,13,36,86,9,19,125,53,20.161290322580644,10
826,108,27,17,35,85,21,20,115,44,20.185728250244377,10
827,113,27,10,37,74,16,7,145,49,20.210166177908114,10
828,88,35,15,45,82,18,12,143,52,20.234604105571847,11
829,115,35,17,49,96,13,21,126,58,20.25904203323558,10
830,111,31,17,44,77,16,13,129,46,20.283479960899314,3
831,123,27,12,41,84,16,23,114,62,20.30791788856305,8
832,102,32,12,44,74,20,13,135,42,20.332355816226784,4
833,120,34,21,32,86,12,16,133,56,20.356793743890517,7
834,125,32,12,33,87,15,9,138,50,20.38123167155425,5
835,124,35,14,41,82,12,7,118,52,20.405669599217987,12
836,118,36,13,29,91,13,12,154,51,20.43010752688172,6
837,130,33,15,40,94,7,11,124,65,20.454545454545453,12
838,105,43,11,44,94,13,23,149,50,20.478983382209186,7
839,100,33,21,42,86,7,25,123,53,20.503421309872923,6
840,108,32,18,40,79,16,19,116,56,20.527859237536656,9
841,115,46,17,39,84,15,15,126,48,20.55229716520039,8
842,110,42,17,43,93,16,16,133,56,20.576735092864123,8
843,110,25,15,45,81,13,14,113,43,20.60117302052786,6
844,98,41,15,30,96,15,21,131,55,20.625610948191593,8
845,107,42,18,38,78,20,17,114,47,20.650048875855326,8
846,116,36,18,37,72,12,16,133,49,20.67448680351906,6
847,111,38,13,33,85,8,17,133,42,20.698924731182796,7
848,125,36,14,36,89,16,14,121,50,20.72336265884653,8
849,100,31,19,37,90,11,19,115,53,20.747800586510262,7
850,100,35,17,36,71,11,17,121,52,20.772238514173996,7
851,107,29,14,47,84,10,10,145,47,20.796676441837732,8
852,102,43,13,33,77,12,14,106,57,20.821114369501466,7
853,104,35,11,40,69,7,18,133,48,20.8455522971652,7
854,99,31,15,42,76,16,12,124,39,20.869990224828936,8
855,98,33,11,36,82,14,24,107,60,20.89442815249267,12
856,92,36,21,34,76,7,14,130,53,20.918866080156402,5
857,93,23,11,34,82,7,20,108,62,20.943304007820135,10
858,98,39,16,47,69,11,18,130,43,20.967741935483872,7
859,102,36,19,39,66,12,22,117,49,20.992179863147605,6
860,116,19,12,33,74,9,16,130,60,21.01661779081134,8
861,100,37,13,40,82,15,14,116,45,21.04105571847507,7
862,103,32,14,36,78,11,17,109,51,21.06549364613881,14
863,101,32,13,50,73,10,12,116,48,21.08993157380254,7
864,101,36,13,31,70,8,13,112,33,21.114369501466275,5
865,87,32,16,38,72,5,10,123,61,21.138807429130008,8
866,109,33,8,33,75,9,21,114,35,21.163245356793745,8
867,97,34,12,37,73,11,16,122,48,21.187683284457478,5
868,104,31,17,36,71,15,18,81,54,21.21212121212121,9
869,101,31,19,41,66,15,21,108,44,21.236559139784944,5
870,92,38,10,36,80,23,15,113,51,21.26099706744868,9
871,108,24,11,25,65,8,13,97,50,21.285434995112414,3
872,102,33,11,34,70,15,22,105,47,21.309872922776147,7
873,88,34,13,41,66,9,13,107,52,21.33431085043988,8
874,82,34,16,33,57,19,8,110,45,21.358748778103617,9
875,100,30,12,38,78,13,23,104,54,21.38318670576735,8
876,87,29,9,47,87,19,17,111,46,21.407624633431084,12
877,79,23,12,44,79,13,14,105,45,21.432062561094817,9
878,79,36,14,36,62,12,13,103,45,21.456500488758554,11
879,105,31,6,38,77,13,16,100,35,21.480938416422287,9
880,99,20,12,40,57,14,21,108,51,21.50537634408602,11
881,98,29,15,39,77,4,28,115,35,21.529814271749753,14
882,101,35,7,30,64,15,27,105,39,21.55425219941349,14
883,91,23,14,34,63,13,17,121,41,21.578690127077223,16
884,107,29,20,31,72,7,24,119,53,21.603128054740957,15
885,116,33,15,26,69,10,10,101,34,21.62756598240469,22
886,97,21,12,29,61,19,12,98,44,21.652003910068427,28
887,91,31,12,33,66,8,16,94,44,21.67644183773216,39
888,103,31,10,31,74,12,22,86,33,21.700879765395893,33
889,94,19,11,26,67,13,12,106,38,21.725317693059626,36
890,95,25,15,34,73,14,12,90,43,21.749755620723363,70
891,94,30,7,43,66,12,16,91,45,21.774193548387096,63
892,101,27,11,34,78,16,12,112,36,21.79863147605083,93
893,101,46,18,40,77,15,18,102,54,21.823069403714562,102
894,114,35,16,39,81,20,20,143,58,21.8475073313783,139
895,113,32,10,32,86,8,16,107,58,21.871945259042032,161
896,114,38,8,41,85,12,22,133,44,21.896383186705766,263
897,142,37,16,50,78,11,17,156,54,21.920821114369502,350
898,136,41,26,60,90,9,23,135,68,21.945259042033236,576
899,175,51,20,78,125,12,27,172,77,21.96969696969697,865
900,245,75,18,74,143,18,25,235,90,21.994134897360702,1458
901,313,74,24,123,226,29,31,339,127,22.01857282502444,2134
902,446,103,33,178,293,36,54,481,191,22.043010752688172,3161
903,594,142,47,257,395,33,70,614,263,22.067448680351905,4389
904,800,226,57,324,582,49,89,931,391,22.09188660801564,5747
905,1118,264,74,424,797,77,120,1302,495,22.116324535679375,6810
906,1555,363,95,468,1040,109,151,1666,671,22.14076246334311,7612
907,1825,500,147,614,1315,118,202,2153,800,22.16520039100684,7924
908,2255,587,172,758,1578,136,223,2570,994,22.189638318670575,7557
909,2551,673,212,782,1772,136,257,2858,1148,22.21407624633431,6947
910,2913,786,188,869,1984,142,297,3155,1234,22.238514173998045,5969
911,2920,753,197,911,2161,163,286,3265,1283,22.262952101661778,4772
912,3178,885,237,903,2259,161,282,3582,1361,22.28739002932551,3708
913,3236,847,236,967,2215,162,341,3530,1472,22.311827956989248,2749
914,3222,779,211,964,2279,189,341,3559,1350,22.33626588465298,2047
915,3114,797,224,920,2214,169,316,3459,1387,22.360703812316714,1553
916,3087,786,188,927,2163,169,274,3445,1361,22.385141739980448,1107
917,2939,770,217,909,2175,168,328,3390,1377,22.409579667644184,900
918,3017,781,219,883,2098,142,308,3341,1354,22.434017595307918,603
919,2882,681,222,875,2097,165,329,3256,1291,22.45845552297165,476
920,2731,750,199,891,2064,150,277,3196,1199,22.482893450635384,395
921,2830,754,226,790,1988,175,296,3075,1263,22.50733137829912,356
922,2850,723,200,786,1954,147,277,2983,1239,22.531769305962854,257
923,2655,665,178,788,1947,150,295,3145,1182,22.556207233626587,259
924,2716,670,193,848,1807,185,285,2966,1215,22.58064516129032,176
925,2672,661,187,790,1912,134,276,3039,1212,22.605083088954057,186
926,2581,652,182,802,1911,150,247,2935,1142,22.62952101661779,147
927,2454,691,179,761,1799,149,239,2855,1156,22.653958944281523,121
928,2464,669,185,765,1687,127,252,2943,1120,22.678396871945257,115
929,2580,656,180,763,1771,151,259,2809,1140,22.702834799608993,96
930,2361,641,183,768,1721,124,251,2721,1066,22.727272727272727,78
931,2414,593,180,732,1736,139,262,2803,1055,22.75171065493646,87
932,2403,622,170,709,1743,142,233,2697,1049,22.776148582600193,86
933,2356,637,190,715,1653,147,220,2657,1063,22.80058651026393,88
934,2432,658,190,714,1701,132,275,2639,1020,22.825024437927663,79
935,2382,568,176,733,1676,113,227,2677,1039,22.849462365591396,73
936,2330,622,162,706,1701,106,246,2648,1020,22.87390029325513,75
937,2315,628,185,653,1692,130,208,2569,1048,22.898338220918866,71
938,2355,592,173,725,1613,134,234,2659,999,22.9227761485826,71
939,2249,570,169,709,1710,141,222,2606,945,22.947214076246333,80
940,2387,568,151,710,1601,117,240,2620,976,22.97165200391007,83
941,2244,593,181,685,1598,115,235,2500,1018,22.996089931573803,84
942,2208,609,197,658,1578,106,236,2448,1002,23.020527859237536,83
943,2215,593,175,661,1617,135,217,2444,946,23.04496578690127,101
944,2144,555,171,663,1468,144,223,2556,989,23.069403714565006,103
945,2221,580,165,643,1635,129,205,2435,981,23.09384164222874,122
946,2224,517,156,691,1612,110,240,2361,947,23.118279569892472,104
947,2220,617,133,668,1547,122,206,2442,947,23.142717497556205,119
948,2159,559,132,624,1493,123,250,2425,973,23.167155425219942,130
949,2166,554,156,674,1612,124,218,2454,980,23.191593352883675,141
950,2214,577,149,667,1537,112,215,2399,940,23.21603128054741,117
951,2131,543,159,632,1469,138,211,2426,994,23.24046920821114,112
952,2135,549,169,650,1570,105,210,2449,926,23.26490713587488,114
953,2089,514,159,686,1501,125,233,2416,918,23.28934506353861,114
954,2078,586,156,620,1566,134,223,2303,973,23.313782991202345,106
955,2102,547,165,696,1471,126,225,2336,946,23.338220918866078,103
956,2038,554,129,635,1528,121,196,2305,918,23.362658846529815,74
957,2147,526,159,666,1453,129,212,2279,929,23.387096774193548,68
958,2039,553,163,690,1533,104,200,2265,912,23.41153470185728,49
959,2064,567,158,624,1466,98,194,2344,904,23.435972629521014,53
960,2540,663,155,786,1868,173,251,2934,1108,23.46041055718475,47
961,3318,801,218,903,2138,174,348,3457,1435,23.484848484848484,55
962,3120,860,199,955,2256,182,326,3466,1385,23.509286412512218,47
963,3150,816,230,1000,2184,170,313,3571,1327,23.53372434017595,60
964,3076,819,221,958,2224,172,299,3439,1320,23.558162267839688,54
965,3013,762,212,952,2086,169,297,3392,1319,23.58260019550342,51
966,2978,786,213,881,2159,196,305,3334,1268,23.607038123167154,45
967,2972,778,217,909,2147,178,296,3297,1277,23.631476050830887,49
968,2985,754,238,915,2000,180,297,3220,1211,23.655913978494624,54
969,2907,795,214,837,1995,170,297,3215,1287,23.680351906158357,47
970,2867,705,206,826,1911,161,332,3252,1307,23.70478983382209,34
971,2866,734,210,866,2049,165,293,3120,1215,23.729227761485824,40
972,2804,663,228,871,1861,159,284,3024,1169,23.75366568914956,38
973,2769,735,219,825,1902,148,298,3058,1230,23.778103616813294,39
974,2667,708,208,838,1987,152,284,3090,1142,23.802541544477027,25
975,2604,701,218,753,1890,136,260,2911,1236,23.82697947214076,27
976,2590,717,200,811,1900,164,300,2950,1157,23.851417399804497,31
977,2576,684,186,755,1853,141,250,2979,1159,23.87585532746823,36
978,2600,668,218,753,1854,143,265,2937,1133,23.900293255131963,28
979,2500,645,204,762,1847,136,240,2860,1099,23.924731182795696,20
980,2507,698,183,730,1788,150,251,2838,1155,23.949169110459433,23
981,2473,682,163,751,1811,164,249,2777,1047,23.973607038123166,36
982,2531,673,171,751,1752,129,233,2670,1077,23.9980449657869,29
983,2396,627,158,758,1711,154,251,2744,1099,24.022482893450636,20
984,2346,624,187,725,1758,141,245,2774,1089,24.04692082111437,27
985,2367,622,172,722,1709,141,232,2631,979,24.071358748778103,32
986,2369,637,165,754,1615,119,250,2601,1027,24.095796676441836,25
987,2338,572,174,698,1645,150,235,2526,1022,24.120234604105573,27
988,2289,584,152,737,1661,134,234,2611,1029,24.144672531769306,25
989,2229,549,150,711,1670,143,219,2502,1041,24.16911045943304,23
990,2190,600,182,663,1580,123,204,2592,956,24.193548387096772,17
991,2182,586,165,706,1585,136,249,2502,1003,24.21798631476051,21
992,2218,559,154,680,1596,139,224,2487,950,24.242424242424242,31
993,2102,560,151,666,1520,116,199,2435,973,24.266862170087975,21
994,2111,509,173,682,1553,134,222,2367,956,24.29130009775171,21
995,2091,521,171,632,1513,118,217,2330,945,24.315738025415445,18
996,2100,557,151,649,1504,96,219,2375,944,24.34017595307918,23
997,2106,554,165,665,1485,120,198,2270,897,24.364613880742912,18
998,2046,528,126,589,1436,104,202,2303,871,24.389051808406645,26
999,2060,519,150,640,1402,132,224,2267,882,24.41348973607038,15
1000,1988,496,153,648,1440,121,215,2158,848,24.437927663734115,18
1001,2021,537,133,600,1400,122,210,2190,891,24.462365591397848,6
1002,1915,535,145,571,1376,120,200,2095,885,24.48680351906158,17
1003,1924,447,149,574,1368,117,204,2084,808,24.511241446725318,20
1004,1883,470,132,571,1327,111,229,2191,807,24.53567937438905,15
1005,1876,448,144,549,1382,84,199,2181,807,24.560117302052785,21
1006,1864,511,126,559,1303,100,182,2102,818,24.584555229716518,18
1007,1802,452,167,577,1302,114,204,1992,772,24.608993157380255,12
1008,1785,466,118,538,1319,97,183,2028,799,24.633431085043988,18
1009,1755,431,113,556,1286,109,191,1958,811,24.65786901270772,15
1010,1761,433,117,542,1179,101,182,2016,807,24.682306940371454,12
1011,1748,443,139,514,1233,93,163,1908,725,24.70674486803519,21
1012,1645,456,138,526,1224,112,167,1894,724,24.731182795698924,13
1013,1688,431,128,541,1159,100,196,1888,719,24.755620723362657,21
1014,1655,440,134,514,1204,107,145,1877,752,24.78005865102639,9
1015,1678,402,123,474,1208,98,180,1851,697,24.804496578690127,17
1016,1608,456,108,492,1169,107,175,1826,732,24.82893450635386,12
1017,1526,426,122,465,1164,86,164,1817,669,24.853372434017594,10
1018,1650,401,122,455,1090,100,150,1676,683,24.877810361681327,13
1019,1590,422,94,472,1104,94,160,1669,708,24.902248289345064,20
1020,1521,423,114,423,1138,91,143,1777,674,24.926686217008797,17
1021,1488,413,110,491,1061,97,172,1749,647,24.95112414467253,10
1022,1461,382,113,491,1110,85,185,1646,671,24.975562072336263,15
1023,1535,409,98,429,1093,88,146,1666,611,25.0,8
