850,750,1000,700,900,800,Time
8,2,2,0,3,5,0.0
8,1,3,0,6,6,0.024437927663734114
6,2,2,0,6,7,0.04887585532746823
3,1,2,0,8,6,0.07331378299120234
5,3,4,0,6,8,0.09775171065493646
4,2,0,1,8,8,0.12218963831867058
4,3,0,0,5,7,0.14662756598240467
6,5,4,0,3,14,0.1710654936461388
9,2,1,0,4,6,0.19550342130987292
8,0,4,0,1,4,0.21994134897360704
7,3,2,0,8,3,0.24437927663734116
2,2,1,0,5,4,0.26881720430107525
3,5,0,0,6,9,0.29325513196480935
8,5,1,0,5,1,0.3176930596285435
8,1,3,0,2,6,0.3421309872922776
6,3,3,0,6,11,0.36656891495601174
9,4,2,1,6,5,0.39100684261974583
10,2,2,0,4,4,0.4154447702834799
3,1,0,0,8,6,0.4398826979472141
4,2,2,0,5,6,0.46432062561094817
8,2,3,0,7,4,0.4887585532746823
4,1,2,0,3,6,0.5131964809384164
5,6,2,0,2,5,0.5376344086021505
7,4,2,0,5,9,0.5620723362658846
9,0,1,0,5,10,0.5865102639296187
10,2,3,0,8,1,0.6109481915933529
10,2,4,0,5,5,0.635386119257087
8,4,3,0,6,10,0.6598240469208211
6,5,7,0,7,11,0.6842619745845552
11,1,3,0,6,6,0.7086999022482893
8,2,6,0,5,9,0.7331378299120235
7,2,1,0,2,4,0.7575757575757576
15,1,3,0,6,8,0.7820136852394917
10,2,2,0,10,10,0.8064516129032258
6,3,3,0,7,9,0.8308895405669598
9,1,3,0,4,6,0.855327468230694
8,0,3,0,8,7,0.8797653958944281
6,1,2,0,5,6,0.9042033235581622
6,0,2,0,2,6,0.9286412512218963
10,0,2,0,5,4,0.9530791788856304
11,3,1,0,6,4,0.9775171065493646
12,2,2,0,2,5,1.0019550342130987
7,1,3,0,2,7,1.0263929618768328
5,4,3,1,2,6,1.050830889540567
6,3,2,0,5,10,1.075268817204301
9,4,4,0,9,8,1.099706744868035
6,2,3,0,6,8,1.1241446725317692
11,5,3,0,7,11,1.1485826001955033
13,3,3,0,4,7,1.1730205278592374
8,5,4,0,4,11,1.1974584555229717
13,3,4,0,8,7,1.2218963831867058
9,4,0,0,3,9,1.2463343108504399
12,4,1,1,7,11,1.270772238514174
8,4,4,1,5,5,1.295210166177908
8,1,1,0,9,3,1.3196480938416422
7,1,2,0,5,8,1.3440860215053763
11,8,3,0,8,9,1.3685239491691104
8,3,1,0,7,10,1.3929618768328444
8,2,4,1,6,9,1.4173998044965785
9,2,3,0,7,12,1.4418377321603129
6,3,4,0,7,10,1.466275659824047
6,1,0,0,11,9,1.490713587487781
10,2,3,0,7,10,1.5151515151515151
2,5,4,0,8,10,1.5395894428152492
8,7,3,0,7,11,1.5640273704789833
6,3,6,0,3,9,1.5884652981427174
8,2,6,0,9,5,1.6129032258064515
2,2,8,0,7,6,1.6373411534701856
5,3,4,0,8,10,1.6617790811339197
15,5,9,1,6,6,1.6862170087976538
5,1,9,0,6,2,1.710654936461388
3,1,15,0,13,8,1.7350928641251222
12,2,13,0,12,15,1.7595307917888563
9,1,20,0,9,8,1.7839687194525904
6,4,24,0,10,6,1.8084066471163245
8,2,38,0,17,10,1.8328445747800586
9,1,37,0,13,10,1.8572825024437927
8,3,61,1,19,7,1.8817204301075268
20,3,71,0,18,7,1.9061583577712609
20,3,96,1,34,7,1.930596285434995
28,4,128,0,44,13,1.9550342130987293
36,4,167,0,61,13,1.9794721407624634
33,3,233,0,73,24,2.0039100684261975
34,4,260,0,82,14,2.0283479960899315
43,3,424,0,103,15,2.0527859237536656
52,3,518,0,158,21,2.0772238514173997
85,6,685,0,171,16,2.101661779081134
85,8,923,0,238,32,2.126099706744868
132,7,1120,0,280,34,2.150537634408602
157,4,1408,0,345,30,2.174975562072336
208,9,1581,0,499,38,2.19941348973607
272,5,1666,0,686,81,2.2238514173998043
280,6,1764,0,1113,64,2.2482893450635384
422,11,1773,0,1544,78,2.2727272727272725
544,7,1677,0,2215,90,2.2971652003910066
815,9,1573,0,3003,114,2.3216031280547407
1258,7,1349,0,3796,150,2.3460410557184748
1993,12,1171,1,4596,235,2.3704789833822093
2977,11,994,0,5237,348,2.3949169110459434
4204,20,816,0,5504,581,2.4193548387096775
5538,29,683,0,5508,1022,2.4437927663734116
6925,31,550,0,5109,1591,2.4682306940371457
7847,71,458,0,4580,2451,2.4926686217008798
8038,137,408,2,3936,3698,2.517106549364614
8046,229,311,0,3119,5055,2.541544477028348
7425,379,268,0,2607,6273,2.565982404692082
6433,576,217,1,2044,7294,2.590420332355816
5330,799,175,4,1556,7598,2.6148582600195502
4230,1194,145,10,1216,7514,2.6392961876832843
3227,1546,146,11,1001,6816,2.6637341153470184
2528,1847,117,14,755,5863,2.6881720430107525
1893,2017,116,27,580,4793,2.7126099706744866
1419,2090,79,27,531,3595,2.7370478983382207
1058,1963,84,38,400,2673,2.761485826001955
884,1724,68,20,327,2025,2.785923753665689
667,1375,76,48,288,1555,2.810361681329423
531,1078,55,42,262,1185,2.834799608993157
454,838,65,36,212,840,2.859237536656891
371,591,57,34,191,668,2.8836754643206257
302,425,48,38,179,516,2.90811339198436
262,330,45,34,129,420,2.932551319648094
218,225,54,25,147,342,2.956989247311828
202,194,64,20,105,288,2.981427174975562
183,154,56,8,114,215,3.005865102639296
162,120,50,8,99,188,3.0303030303030303
168,86,42,9,83,160,3.0547409579667644
143,64,47,6,101,162,3.0791788856304985
123,63,56,1,80,134,3.1036168132942326
137,47,48,2,80,135,3.1280547409579667
94,45,62,2,78,96,3.1524926686217007
91,33,58,1,84,99,3.176930596285435
97,37,48,0,76,89,3.201368523949169
86,20,41,1,83,83,3.225806451612903
96,21,43,1,99,81,3.250244379276637
88,22,49,1,104,80,3.274682306940371
89,28,39,0,94,75,3.2991202346041053
102,11,36,0,108,55,3.3235581622678394
113,21,35,0,113,61,3.3479960899315735
99,23,26,1,120,76,3.3724340175953076
106,14,26,1,114,72,3.396871945259042
121,16,29,0,105,80,3.421309872922776
101,16,19,0,115,63,3.4457478005865103
131,15,24,1,108,75,3.4701857282502444
146,20,21,1,106,72,3.4946236559139785
139,24,33,0,91,88,3.5190615835777126
143,10,16,0,95,88,3.5434995112414467
137,22,27,0,85,84,3.567937438905181
131,18,20,1,83,108,3.592375366568915
144,16,14,0,67,124,3.616813294232649
131,20,18,1,50,112,3.641251221896383
120,20,15,0,53,108,3.665689149560117
94,18,13,1,41,138,3.6901270772238512
93,24,8,1,45,112,3.7145650048875853
74,26,10,1,41,104,3.7390029325513194
59,21,9,0,29,115,3.7634408602150535
56,31,14,0,35,85,3.7878787878787876
54,30,19,0,33,59,3.8123167155425217
52,31,6,0,30,83,3.836754643206256
54,29,12,2,27,78,3.86119257086999
37,21,8,0,38,55,3.885630498533724
53,34,7,0,37,48,3.9100684261974585
45,28,9,0,35,39,3.9345063538611926
46,29,9,1,29,49,3.9589442815249267
43,23,4,0,25,36,3.983382209188661
46,23,9,0,30,41,4.007820136852395
39,14,5,1,36,47,4.032258064516129
38,18,9,0,24,40,4.056695992179863
42,15,7,0,21,47,4.081133919843597
34,11,9,2,11,33,4.105571847507331
41,12,7,0,30,39,4.130009775171065
18,6,4,0,12,39,4.1544477028347995
18,12,5,0,18,25,4.178885630498534
28,11,3,0,15,38,4.203323558162268
28,9,4,0,19,36,4.227761485826002
27,8,5,0,18,20,4.252199413489736
20,11,5,0,14,15,4.27663734115347
21,6,6,0,26,26,4.301075268817204
21,11,7,1,8,20,4.325513196480938
19,4,3,1,13,24,4.349951124144672
12,8,6,0,16,24,4.374389051808406
20,9,5,0,18,19,4.39882697947214
22,5,2,0,15,19,4.4232649071358745
20,6,1,0,24,19,4.447702834799609
19,9,6,0,12,16,4.472140762463343
14,5,5,0,15,16,4.496578690127077
19,6,4,0,16,22,4.521016617790811
16,3,4,0,11,16,4.545454545454545
22,6,3,0,13,23,4.569892473118279
18,7,4,1,11,22,4.594330400782013
22,2,4,0,12,12,4.618768328445747
15,9,2,1,14,16,4.643206256109481
12,4,2,0,10,14,4.667644183773215
24,2,3,0,22,16,4.6920821114369495
22,12,5,0,11,15,4.7165200391006845
15,9,3,1,17,9,4.740957966764419
13,7,8,0,10,19,4.765395894428153
19,1,4,0,11,17,4.789833822091887
10,3,2,0,11,11,4.814271749755621
17,5,3,0,14,10,4.838709677419355
23,8,5,0,11,21,4.863147605083089
14,4,5,0,10,9,4.887585532746823
17,5,2,0,18,19,4.912023460410557
18,6,5,0,6,13,4.936461388074291
12,5,8,0,7,16,4.9608993157380255
11,2,3,0,5,9,4.9853372434017595
17,7,6,0,15,15,5.009775171065494
15,7,1,0,8,11,5.034213098729228
15,5,3,0,7,14,5.058651026392962
17,6,7,0,11,12,5.083088954056696
18,1,3,0,10,13,5.10752688172043
9,3,0,0,8,11,5.131964809384164
14,6,3,0,9,19,5.156402737047898
13,8,4,0,8,9,5.180840664711632
12,3,4,0,9,11,5.205278592375366
10,5,6,0,11,7,5.2297165200391005
19,3,5,1,14,14,5.254154447702835
16,6,2,0,12,8,5.278592375366569
19,7,2,0,11,16,5.303030303030303
15,1,2,0,11,10,5.327468230694037
14,6,6,0,8,12,5.351906158357771
17,8,3,0,10,12,5.376344086021505
10,3,1,0,13,15,5.400782013685239
13,0,7,0,12,12,5.425219941348973
15,6,4,0,5,6,5.449657869012707
15,3,6,0,11,11,5.474095796676441
8,3,2,0,11,10,5.4985337243401755
9,4,4,0,5,11,5.52297165200391
9,3,5,0,10,10,5.547409579667644
12,5,1,0,8,13,5.571847507331378
6,3,2,0,7,9,5.596285434995112
16,6,0,0,17,12,5.620723362658846
5,3,7,0,7,11,5.64516129032258
10,2,0,0,9,16,5.669599217986314
12,5,1,1,7,18,5.694037145650048
13,3,3,0,9,13,5.718475073313782
11,2,3,0,4,10,5.742913000977517
17,3,10,1,4,4,5.767350928641251
16,1,5,0,8,19,5.7917888563049855
9,5,7,0,9,13,5.81622678396872
14,2,5,0,8,16,5.840664711632454
17,5,6,0,8,10,5.865102639296188
11,5,4,0,10,9,5.889540566959922
9,3,7,0,10,14,5.913978494623656
12,5,2,0,3,9,5.93841642228739
14,6,5,0,7,5,5.962854349951124
13,2,4,0,14,8,5.987292277614858
15,1,4,0,11,6,6.011730205278592
10,5,5,0,9,16,6.0361681329423265
15,2,2,0,7,16,6.0606060606060606
15,2,1,0,11,8,6.085043988269795
17,5,5,0,5,12,6.109481915933529
8,2,3,1,9,11,6.133919843597263
12,2,1,0,13,15,6.158357771260997
14,2,7,0,6,15,6.182795698924731
9,3,2,0,9,9,6.207233626588465
11,4,7,0,7,15,6.231671554252199
10,4,3,0,6,14,6.256109481915933
6,3,3,0,6,10,6.280547409579667
9,1,1,0,10,13,6.3049853372434015
16,6,7,0,8,7,6.329423264907136
7,6,5,0,9,10,6.35386119257087
6,4,2,0,8,9,6.378299120234604
5,4,3,0,4,13,6.402737047898338
5,2,5,0,8,8,6.427174975562072
10,3,7,0,8,5,6.451612903225806
12,1,4,0,6,7,6.47605083088954
14,3,1,0,9,7,6.500488758553274
11,3,2,0,4,9,6.524926686217008
9,3,1,0,8,10,6.549364613880742
11,3,4,0,8,11,6.5738025415444765
8,1,4,0,4,8,6.598240469208211
11,2,3,0,11,11,6.622678396871945
12,3,5,0,12,8,6.647116324535679
11,5,2,0,7,10,6.671554252199413
10,4,3,0,5,7,6.695992179863147
11,2,4,0,7,4,6.720430107526881
11,3,3,0,7,12,6.744868035190615
13,8,2,0,9,8,6.769305962854349
11,1,1,0,9,14,6.793743890518084
9,2,5,0,11,13,6.818181818181818
12,4,3,0,4,15,6.842619745845552
3,2,2,1,10,6,6.8670576735092865
15,3,6,0,8,13,6.891495601173021
9,3,3,0,6,5,6.915933528836755
7,3,5,0,12,11,6.940371456500489
8,6,2,1,6,9,6.964809384164223
11,3,3,0,8,8,6.989247311827957
11,4,3,0,2,8,7.013685239491691
12,2,5,0,6,7,7.038123167155425
16,5,3,0,10,6,7.062561094819159
9,2,6,0,6,3,7.086999022482893
4,3,1,0,6,12,7.1114369501466275
4,3,3,0,2,5,7.135874877810362
15,2,3,0,5,15,7.160312805474096
10,7,2,0,10,10,7.18475073313783
12,3,4,0,3,6,7.209188660801564
15,3,1,0,5,11,7.233626588465298
11,6,2,0,13,14,7.258064516129032
17,1,4,0,7,7,7.282502443792766
13,2,3,0,9,14,7.3069403714565
16,1,4,0,6,7,7.331378299120234
12,2,5,0,5,7,7.355816226783968
7,1,3,0,9,5,7.3802541544477025
8,5,4,0,5,8,7.404692082111437
15,1,3,0,9,13,7.429130009775171
19,2,3,0,2,5,7.453567937438905
8,7,1,1,6,9,7.478005865102639
15,2,3,0,6,8,7.502443792766373
11,3,4,0,6,12,7.526881720430107
11,4,2,0,6,12,7.551319648093841
18,2,3,1,6,10,7.575757575757575
11,0,1,0,10,5,7.600195503421309
6,4,5,0,4,10,7.624633431085043
9,2,2,0,6,14,7.6490713587487775
14,5,3,0,12,10,7.673509286412512
10,4,4,0,9,5,7.697947214076246
6,4,1,0,5,10,7.72238514173998
9,3,4,0,5,8,7.746823069403714
7,4,4,0,8,8,7.771260997067448
7,2,4,0,12,7,7.795698924731182
16,5,2,0,1,9,7.820136852394917
13,1,2,0,1,11,7.844574780058651
12,1,3,0,12,7,7.869012707722385
8,5,4,0,4,8,7.893450635386119
9,1,1,0,8,6,7.9178885630498534
17,0,6,0,6,10,7.9423264907135875
8,4,2,0,6,17,7.966764418377322
7,1,3,0,10,10,7.991202346041056
8,2,3,0,7,8,8.01564027370479
12,2,7,0,6,7,8.040078201368523
12,0,4,0,3,7,8.064516129032258
6,5,5,0,6,11,8.088954056695991
13,2,3,0,5,13,8.113391984359726
8,4,2,0,6,11,8.13782991202346
12,1,1,0,7,6,8.162267839687194
6,2,5,0,12,14,8.186705767350928
8,2,2,0,6,8,8.211143695014663
12,4,2,0,12,9,8.235581622678396
13,5,4,0,4,5,8.26001955034213
9,6,2,0,9,7,8.284457478005864
12,2,1,0,7,10,8.308895405669599
8,3,3,0,10,10,8.333333333333332
8,1,1,0,9,8,8.357771260997067
7,5,4,0,5,7,8.382209188660802
12,8,4,0,13,11,8.406647116324535
14,4,3,0,10,10,8.43108504398827
14,2,2,0,9,5,8.455522971652004
12,3,6,0,4,9,8.479960899315738
8,3,2,1,5,7,8.504398826979472
23,2,2,0,5,9,8.528836754643207
6,4,6,0,8,4,8.55327468230694
8,1,1,0,9,8,8.577712609970675
7,3,2,0,6,11,8.602150537634408
5,4,0,0,5,7,8.626588465298143
16,0,5,0,7,10,8.651026392961876
8,2,3,0,7,5,8.675464320625611
6,1,0,1,5,10,8.699902248289344
10,2,1,1,8,9,8.72434017595308
8,3,3,0,12,11,8.748778103616813
9,3,1,0,10,13,8.773216031280548
7,6,0,1,10,9,8.79765395894428
9,3,3,0,4,6,8.822091886608016
11,3,6,0,6,13,8.846529814271749
7,2,3,0,8,11,8.870967741935484
10,4,4,0,12,8,8.895405669599217
8,4,2,0,8,7,8.919843597262952
9,4,3,0,7,11,8.944281524926685
11,2,3,0,5,8,8.96871945259042
10,5,5,0,9,8,8.993157380254154
9,3,5,0,3,15,9.017595307917889
14,5,2,0,2,7,9.042033235581622
8,4,1,0,6,7,9.066471163245357
9,0,0,0,8,3,9.09090909090909
11,6,1,1,5,10,9.115347018572825
11,3,2,0,10,6,9.139784946236558
10,5,3,0,6,4,9.164222873900293
10,2,2,1,7,10,9.188660801564026
9,5,2,1,4,10,9.213098729227761
9,2,4,0,8,10,9.237536656891495
5,1,4,0,8,8,9.26197458455523
13,1,2,0,7,6,9.286412512218963
7,3,3,0,6,12,9.310850439882698
12,2,3,0,5,14,9.33528836754643
11,0,4,0,8,15,9.359726295210166
6,2,4,0,4,10,9.384164222873899
9,2,1,0,3,6,9.408602150537634
10,2,5,0,8,7,9.433040078201369
6,3,2,0,5,5,9.457478005865102
6,3,3,0,4,12,9.481915933528837
13,1,8,0,7,7,9.50635386119257
4,2,2,0,7,7,9.530791788856305
12,2,5,0,5,8,9.555229716520039
14,3,1,0,6,5,9.579667644183774
8,1,4,0,5,5,9.604105571847507
8,2,2,0,5,9,9.628543499511242
14,4,5,0,6,8,9.652981427174975
7,2,5,0,6,8,9.67741935483871
9,0,5,0,9,8,9.701857282502443
16,3,4,0,4,9,9.726295210166178
8,2,1,0,7,14,9.750733137829911
9,4,2,0,5,3,9.775171065493646
5,3,2,1,9,10,9.79960899315738
12,1,2,0,3,9,9.824046920821115
7,3,4,0,9,15,9.848484848484848
9,1,2,0,7,8,9.872922776148583
8,12,3,0,1,2,9.897360703812316
8,1,3,0,6,14,9.921798631476051
6,7,2,0,5,8,9.946236559139784
10,2,3,0,5,6,9.970674486803519
7,5,3,0,4,5,9.995112414467252
11,2,1,0,6,12,10.019550342130987
5,2,1,0,11,5,10.04398826979472
12,2,1,0,7,10,10.068426197458455
11,2,0,0,6,6,10.092864125122189
10,1,4,0,10,13,10.117302052785924
6,1,1,0,4,9,10.141739980449657
6,3,3,0,2,4,10.166177908113392
6,2,2,0,6,4,10.190615835777125
7,7,1,0,2,6,10.21505376344086
8,6,0,0,10,5,10.239491691104593
5,1,2,0,5,4,10.263929618768328
13,0,2,0,8,12,10.288367546432061
15,0,4,0,6,11,10.312805474095796
4,3,2,0,5,7,10.33724340175953
11,3,3,0,8,11,10.361681329423265
8,3,0,0,5,10,10.386119257086998
8,0,2,0,7,12,10.410557184750733
14,1,4,0,8,11,10.434995112414468
6,2,4,0,8,7,10.459433040078201
8,0,4,0,8,8,10.483870967741936
8,6,0,1,5,5,10.50830889540567
9,3,1,0,8,8,10.532746823069404
10,3,5,0,5,10,10.557184750733137
9,2,3,0,4,11,10.581622678396872
6,5,2,0,4,8,10.606060606060606
10,2,3,0,4,5,10.63049853372434
9,2,2,0,6,6,10.654936461388074
11,2,1,0,6,13,10.679374389051809
9,2,1,0,10,3,10.703812316715542
12,3,4,0,9,4,10.728250244379277
5,2,10,0,6,8,10.75268817204301
7,5,3,0,11,5,10.777126099706745
5,3,2,0,4,13,10.801564027370478
13,5,3,0,5,8,10.826001955034213
13,3,2,0,9,12,10.850439882697946
10,2,3,0,9,7,10.874877810361681
9,1,3,0,10,12,10.899315738025415
10,2,1,0,5,4,10.92375366568915
3,1,3,0,7,7,10.948191593352883
12,4,2,0,5,6,10.972629521016618
8,2,3,0,12,5,10.997067448680351
6,4,4,0,7,9,11.021505376344086
6,2,1,0,5,15,11.04594330400782
12,3,2,0,3,9,11.070381231671554
9,2,2,1,2,7,11.094819159335287
10,2,2,0,6,12,11.119257086999022
5,1,1,0,6,11,11.143695014662756
9,3,3,0,7,11,11.16813294232649
10,4,3,0,5,9,11.192570869990224
9,1,3,0,4,7,11.217008797653959
9,1,2,0,3,6,11.241446725317692
10,2,2,0,8,8,11.265884652981427
12,4,6,0,4,7,11.29032258064516
9,4,4,0,6,10,11.314760508308895
11,5,4,0,5,6,11.339198435972628
11,2,0,0,3,10,11.363636363636363
10,7,2,0,5,8,11.388074291300097
5,7,0,0,7,9,11.412512218963832
8,3,3,0,4,4,11.436950146627565
8,4,1,0,6,5,11.4613880742913
11,1,2,0,7,7,11.485826001955035
9,2,3,0,5,6,11.510263929618768
11,3,2,0,3,5,11.534701857282503
10,1,3,0,3,6,11.559139784946236
8,2,1,0,8,9,11.583577712609971
12,0,1,0,4,12,11.608015640273704
11,1,2,0,6,6,11.63245356793744
8,2,2,0,9,9,11.656891495601172
7,3,2,0,11,5,11.681329423264907
9,6,1,0,6,9,11.70576735092864
10,1,1,0,8,6,11.730205278592376
7,3,2,0,5,8,11.754643206256109
14,4,3,1,5,5,11.779081133919844
9,3,2,0,7,3,11.803519061583577
9,5,3,0,7,11,11.827956989247312
14,2,2,0,4,7,11.852394916911045
13,0,2,0,11,7,11.87683284457478
6,5,2,0,4,8,11.901270772238513
6,2,2,0,7,10,11.925708699902248
6,7,2,0,7,8,11.950146627565982
7,6,2,0,7,5,11.974584555229717
4,2,1,0,4,8,11.99902248289345
6,3,2,0,7,7,12.023460410557185
10,2,1,0,6,7,12.047898338220918
7,1,1,0,5,9,12.072336265884653
9,2,1,0,6,9,12.096774193548386
3,5,3,0,3,4,12.121212121212121
5,9,6,0,4,3,12.145650048875854
8,2,1,0,5,9,12.17008797653959
7,2,2,0,5,9,12.194525904203322
7,3,3,0,5,9,12.218963831867057
10,1,2,0,5,6,12.24340175953079
4,1,7,0,6,9,12.267839687194526
9,2,1,0,7,12,12.292277614858259
6,1,1,0,5,5,12.316715542521994
10,4,3,0,5,5,12.341153470185727
10,1,1,0,4,11,12.365591397849462
11,1,2,0,3,9,12.390029325513195
7,2,1,0,6,8,12.41446725317693
5,3,0,0,8,9,12.438905180840663
10,1,2,0,6,9,12.463343108504398
12,2,2,0,10,10,12.487781036168132
11,2,2,0,11,10,12.512218963831867
2,1,2,0,5,12,12.536656891495602
10,2,2,0,9,8,12.561094819159335
7,3,5,0,4,9,12.58553274682307
7,4,4,0,9,8,12.609970674486803
9,2,2,0,6,13,12.634408602150538
6,2,2,0,10,7,12.658846529814271
7,2,5,0,9,13,12.683284457478006
8,2,1,0,7,5,12.70772238514174
11,3,3,0,8,9,12.732160312805474
11,3,3,0,4,5,12.756598240469208
10,1,0,0,5,3,12.781036168132943
9,3,3,0,9,6,12.805474095796676
13,4,5,0,3,6,12.82991202346041
4,2,4,0,1,11,12.854349951124144
4,3,5,0,5,3,12.878787878787879
4,2,3,0,8,8,12.903225806451612
12,2,5,0,2,7,12.927663734115347
6,3,4,0,9,8,12.95210166177908
5,1,2,0,8,13,12.976539589442815
8,6,3,0,7,5,13.000977517106548
8,2,1,0,5,8,13.025415444770283
10,0,4,0,6,7,13.049853372434017
7,4,3,1,2,7,13.074291300097752
6,2,4,0,5,9,13.098729227761485
15,0,1,0,7,6,13.12316715542522
8,4,0,0,5,11,13.147605083088953
8,0,2,0,6,9,13.172043010752688
6,1,3,0,6,7,13.196480938416421
15,3,0,0,4,11,13.220918866080156
6,3,0,0,4,6,13.24535679374389
8,2,1,0,3,10,13.269794721407624
13,6,2,0,8,6,13.294232649071358
14,3,1,0,5,10,13.318670576735093
5,2,4,0,6,8,13.343108504398826
9,3,6,0,3,4,13.36754643206256
9,1,4,0,9,10,13.391984359726294
11,1,3,0,7,6,13.416422287390029
11,3,3,0,7,7,13.440860215053762
10,2,5,0,7,2,13.465298142717497
4,3,0,0,4,7,13.48973607038123
8,2,5,0,11,4,13.514173998044965
9,4,2,0,7,9,13.538611925708699
16,5,1,0,1,7,13.563049853372434
11,1,0,0,5,9,13.587487781036168
6,3,1,0,4,6,13.611925708699902
8,4,2,0,7,9,13.636363636363637
8,3,2,1,8,5,13.66080156402737
5,3,1,0,6,4,13.685239491691105
8,3,3,0,6,4,13.709677419354838
9,4,0,0,4,8,13.734115347018573
3,1,1,0,8,9,13.758553274682306
5,5,1,0,8,6,13.782991202346041
11,3,1,0,7,6,13.807429130009774
6,2,1,1,8,15,13.83186705767351
13,0,0,1,7,4,13.856304985337243
9,4,3,0,4,7,13.880742913000978
4,5,0,0,3,8,13.90518084066471
8,1,3,0,4,10,13.929618768328446
7,5,3,0,4,7,13.954056695992179
6,5,4,0,6,3,13.978494623655914
10,3,1,0,9,9,14.002932551319647
8,1,2,0,3,4,14.027370478983382
12,0,4,0,6,5,14.051808406647115
10,0,2,0,6,4,14.07624633431085
7,1,3,0,6,10,14.100684261974584
8,0,3,0,6,8,14.125122189638319
5,2,2,0,5,11,14.149560117302052
13,0,2,0,12,8,14.173998044965787
10,5,2,0,4,9,14.19843597262952
13,2,3,0,3,9,14.222873900293255
12,3,1,0,4,5,14.247311827956988
5,0,1,0,4,9,14.271749755620723
10,1,2,0,2,10,14.296187683284456
6,3,3,0,5,3,14.320625610948191
3,3,5,0,11,10,14.345063538611925
14,4,3,0,3,9,14.36950146627566
11,4,1,0,7,7,14.393939393939393
9,1,2,0,6,10,14.418377321603128
13,4,3,0,5,5,14.442815249266861
14,3,6,0,5,3,14.467253176930596
5,0,1,0,7,8,14.491691104594329
8,1,4,0,4,7,14.516129032258064
12,4,3,0,7,4,14.540566959921797
7,1,1,0,3,3,14.565004887585532
9,0,2,0,7,10,14.589442815249265
10,0,1,0,4,4,14.613880742913
11,2,1,0,6,5,14.638318670576735
6,2,2,0,2,7,14.662756598240469
7,1,2,0,6,5,14.687194525904204
9,4,1,0,8,5,14.711632453567937
9,3,1,0,4,9,14.736070381231672
12,2,5,1,4,6,14.760508308895405
6,3,4,0,10,6,14.78494623655914
5,4,1,0,5,2,14.809384164222873
13,2,3,1,5,6,14.833822091886608
8,2,5,0,8,7,14.858260019550341
8,1,1,0,8,9,14.882697947214076
15,3,2,0,7,6,14.90713587487781
9,3,1,1,6,12,14.931573802541545
9,2,1,0,7,7,14.956011730205278
8,0,5,0,4,8,14.980449657869013
5,0,2,0,4,10,15.004887585532746
8,5,2,0,5,4,15.029325513196481
11,2,1,0,5,8,15.053763440860214
3,0,1,0,7,4,15.078201368523949
6,3,1,0,2,4,15.102639296187682
7,2,4,0,3,11,15.127077223851417
5,4,1,0,6,8,15.15151515151515
5,2,3,0,9,9,15.175953079178885
5,5,1,0,8,10,15.200391006842619
9,3,2,0,7,9,15.224828934506354
2,4,8,0,5,9,15.249266862170087
8,1,1,0,4,11,15.273704789833822
15,4,1,0,2,7,15.298142717497555
11,3,4,0,7,6,15.32258064516129
6,5,1,0,5,6,15.347018572825023
4,2,3,0,8,8,15.371456500488758
10,3,1,0,4,8,15.395894428152491
9,1,1,0,4,7,15.420332355816226
10,1,1,0,2,10,15.44477028347996
10,1,3,0,7,9,15.469208211143695
6,2,2,1,6,8,15.493646138807428
6,2,1,0,9,7,15.518084066471163
9,5,0,0,5,5,15.542521994134896
7,0,1,0,6,9,15.566959921798631
11,7,3,0,6,9,15.591397849462364
8,2,3,0,2,5,15.6158357771261
5,1,2,0,5,7,15.640273704789834
5,0,5,0,5,11,15.664711632453567
9,1,3,0,6,14,15.689149560117302
9,0,2,0,5,7,15.713587487781036
5,1,2,0,3,7,15.73802541544477
8,3,2,0,4,11,15.762463343108504
8,3,0,0,6,7,15.786901270772239
8,0,6,0,5,8,15.811339198435972
7,1,1,0,10,10,15.835777126099707
10,0,1,0,7,10,15.86021505376344
6,2,0,0,4,6,15.884652981427175
5,2,2,0,6,10,15.909090909090908
8,0,3,0,8,4,15.933528836754643
7,3,3,0,9,5,15.957966764418376
10,1,5,0,7,9,15.982404692082111
5,3,3,0,7,3,16.006842619745846
8,2,1,0,6,8,16.03128054740958
7,4,3,0,4,10,16.055718475073313
7,2,4,0,5,10,16.080156402737046
6,4,1,0,5,7,16.104594330400783
8,1,3,0,4,8,16.129032258064516
4,2,0,0,4,12,16.15347018572825
8,0,1,0,9,8,16.177908113391982
12,3,1,0,4,5,16.20234604105572
10,1,1,0,3,8,16.226783968719452
11,4,4,0,5,11,16.251221896383186
4,4,0,0,5,3,16.27565982404692
7,2,2,1,4,3,16.300097751710656
7,3,3,0,6,8,16.32453567937439
12,0,1,0,6,17,16.348973607038122
4,2,4,0,4,9,16.373411534701855
11,0,1,0,10,8,16.397849462365592
10,0,2,0,5,8,16.422287390029325
9,2,1,0,2,7,16.44672531769306
7,2,3,0,4,6,16.47116324535679
13,2,2,0,11,4,16.49560117302053
7,4,1,0,13,4,16.52003910068426
6,2,5,0,11,9,16.544477028347995
4,2,0,0,6,6,16.568914956011728
9,4,4,0,8,11,16.593352883675465
8,4,2,0,5,5,16.617790811339198
3,1,2,0,9,10,16.64222873900293
6,1,3,0,6,9,16.666666666666664
7,4,2,0,7,7,16.6911045943304
10,5,1,0,7,6,16.715542521994134
10,2,2,1,4,12,16.739980449657867
8,4,3,0,8,12,16.764418377321604
11,3,1,0,7,8,16.788856304985337
10,2,3,0,3,12,16.81329423264907
7,1,1,0,6,9,16.837732160312804
6,1,1,0,10,10,16.86217008797654
11,0,1,0,8,13,16.886608015640274
9,4,3,0,9,11,16.911045943304007
8,0,0,0,7,9,16.93548387096774
12,1,1,0,5,3,16.959921798631477
6,4,0,1,5,8,16.98435972629521
9,1,0,1,4,4,17.008797653958943
11,2,5,0,5,7,17.033235581622677
9,2,0,0,13,8,17.057673509286413
11,3,0,0,3,7,17.082111436950147
3,0,5,0,5,12,17.10654936461388
11,2,3,0,7,4,17.130987292277613
7,2,5,0,8,7,17.15542521994135
9,5,3,0,8,7,17.179863147605083
10,5,3,0,8,3,17.204301075268816
9,4,3,0,2,8,17.22873900293255
14,3,4,0,5,8,17.253176930596286
7,2,2,0,7,9,17.27761485826002
9,2,5,0,4,4,17.302052785923753
9,5,1,0,4,8,17.326490713587486
5,3,3,0,6,11,17.350928641251222
5,2,3,0,8,10,17.375366568914956
9,3,0,1,3,7,17.39980449657869
7,1,1,0,3,11,17.424242424242422
7,4,2,0,5,11,17.44868035190616
8,2,4,0,2,7,17.473118279569892
9,6,5,0,3,10,17.497556207233625
8,5,2,0,8,8,17.52199413489736
9,2,1,0,10,2,17.546432062561095
11,3,1,0,4,4,17.57086999022483
14,4,2,0,7,7,17.59530791788856
8,2,1,0,7,11,17.619745845552295
11,3,0,0,9,5,17.64418377321603
8,2,5,0,5,6,17.668621700879765
10,6,3,0,10,8,17.693059628543498
8,1,1,0,10,7,17.71749755620723
12,0,3,0,7,3,17.741935483870968
7,2,5,0,4,11,17.7663734115347
7,1,3,0,3,7,17.790811339198434
7,2,0,0,5,14,17.81524926686217
10,2,0,0,4,9,17.839687194525904
8,3,2,0,7,5,17.864125122189638
7,3,3,0,3,9,17.88856304985337
12,4,1,0,2,6,17.913000977517108
8,3,1,0,9,7,17.93743890518084
8,0,3,0,4,7,17.961876832844574
2,6,2,0,5,11,17.986314760508307
12,2,5,0,5,4,18.010752688172044
6,2,3,0,6,7,18.035190615835777
7,2,5,0,6,4,18.05962854349951
10,2,4,0,5,12,18.084066471163244
8,4,2,0,11,7,18.10850439882698
9,2,3,0,4,6,18.132942326490713
9,2,0,0,3,4,18.157380254154447
6,2,3,0,4,9,18.18181818181818
12,4,1,0,5,3,18.206256109481917
8,3,2,0,6,5,18.23069403714565
11,0,1,0,6,9,18.255131964809383
5,4,1,0,7,5,18.279569892473116
11,1,5,0,7,7,18.304007820136853
3,1,2,1,10,8,18.328445747800586
11,1,3,0,7,9,18.35288367546432
7,0,1,0,3,11,18.377321603128053
5,4,2,0,11,13,18.40175953079179
9,2,3,0,6,5,18.426197458455523
12,2,1,0,5,9,18.450635386119256
11,0,2,0,6,13,18.47507331378299
7,1,6,0,5,10,18.499511241446726
7,1,5,0,4,10,18.52394916911046
3,3,3,0,6,9,18.548387096774192
10,1,3,1,9,7,18.572825024437925
8,4,5,0,11,5,18.597262952101662
10,2,3,0,5,6,18.621700879765395
6,2,0,0,11,11,18.64613880742913
9,3,5,0,6,10,18.67057673509286
4,1,3,0,10,8,18.6950146627566
3,0,3,0,4,8,18.71945259042033
6,4,3,0,7,7,18.743890518084065
5,5,5,0,3,6,18.768328445747798
13,4,2,0,10,7,18.792766373411535
5,3,3,0,7,8,18.817204301075268
3,2,1,0,5,6,18.841642228739
16,1,0,0,8,6,18.866080156402738
19,4,2,0,9,1,18.89051808406647
4,3,1,0,6,7,18.914956011730204
10,2,3,0,4,10,18.939393939393938
9,5,3,0,7,5,18.963831867057674
12,3,0,0,4,6,18.988269794721408
7,1,0,0,7,5,19.01270772238514
14,5,1,0,7,4,19.037145650048874
12,3,1,0,7,3,19.06158357771261
13,3,4,0,3,6,19.086021505376344
7,2,3,0,7,11,19.110459433040077
3,3,0,0,8,7,19.13489736070381
8,1,5,0,6,6,19.159335288367547
16,1,2,0,7,5,19.18377321603128
5,3,3,0,2,3,19.208211143695014
9,2,4,0,3,5,19.232649071358747
4,1,3,0,7,8,19.257086999022484
10,3,2,0,4,4,19.281524926686217
4,3,2,0,8,8,19.30596285434995
9,2,2,0,5,9,19.330400782013683
8,7,2,0,5,8,19.35483870967742
5,3,1,0,9,2,19.379276637341153
7,3,3,0,2,3,19.403714565004886
9,3,5,0,7,7,19.42815249266862
12,3,2,0,7,5,19.452590420332356
10,1,1,0,3,8,19.47702834799609
11,2,1,1,12,3,19.501466275659823
8,0,3,0,4,7,19.525904203323556
5,6,0,0,3,16,19.550342130987293
4,1,2,0,7,11,19.574780058651026
7,3,1,0,8,5,19.59921798631476
11,3,1,0,9,7,19.623655913978492
10,0,3,0,4,6,19.64809384164223
4,2,1,0,10,9,19.672531769305962
9,2,5,0,3,10,19.696969696969695
6,2,0,0,2,7,19.72140762463343
6,2,2,0,9,8,19.745845552297165
7,2,2,0,3,9,19.7702834799609
7,1,5,1,3,1,19.794721407624632
5,3,1,0,6,10,19.81915933528837
5,0,2,0,5,3,19.843597262952102
11,0,1,0,7,7,19.868035190615835
6,2,5,0,6,3,19.892473118279568
6,5,2,0,8,9,19.916911045943305
8,5,3,0,13,7,19.941348973607038
4,2,2,0,8,8,19.96578690127077
13,2,1,0,1,12,19.990224828934505
11,5,1,0,5,5,20.01466275659824
7,6,2,0,6,12,20.039100684261975
3,1,1,0,4,11,20.063538611925708
18,2,2,1,7,11,20.08797653958944
11,2,2,1,7,9,20.112414467253178
9,2,3,0,7,5,20.13685239491691
6,5,1,0,6,8,20.161290322580644
11,4,2,0,12,4,20.185728250244377
10,1,3,0,7,8,20.210166177908114
9,1,3,0,4,5,20.234604105571847
13,0,2,0,8,2,20.25904203323558
10,3,2,0,6,10,20.283479960899314
8,2,0,0,5,9,20.30791788856305
10,3,1,0,6,10,20.332355816226784
7,7,3,0,7,8,20.356793743890517
8,5,2,0,6,1,20.38123167155425
5,2,2,0,5,9,20.405669599217987
10,3,2,0,3,9,20.43010752688172
12,3,1,0,9,11,20.454545454545453
9,3,1,0,7,6,20.478983382209186
4,2,3,0,7,9,20.503421309872923
3,2,0,0,3,4,20.527859237536656
13,1,2,0,5,3,20.55229716520039
8,1,3,1,8,9,20.576735092864123
5,3,3,0,8,3,20.60117302052786
4,2,3,0,6,9,20.625610948191593
5,4,3,0,5,10,20.650048875855326
12,3,0,0,7,7,20.67448680351906
9,2,1,0,9,6,20.698924731182796
9,1,3,0,4,5,20.72336265884653
7,3,3,0,4,4,20.747800586510262
8,3,2,0,7,9,20.772238514173996
6,1,1,0,4,6,20.796676441837732
6,3,1,0,8,9,20.821114369501466
13,1,1,0,3,6,20.8455522971652
8,4,2,0,5,9,20.869990224828936
5,4,2,0,2,6,20.89442815249267
7,3,3,0,1,8,20.918866080156402
8,0,6,1,5,10,20.943304007820135
12,2,1,0,6,9,20.967741935483872
7,0,1,0,7,10,20.992179863147605
6,4,1,0,6,7,21.01661779081134
4,1,3,0,1,5,21.04105571847507
7,1,1,0,5,2,21.06549364613881
7,0,0,0,8,8,21.08993157380254
9,1,3,0,6,9,21.114369501466275
8,0,5,0,4,5,21.138807429130008
8,4,4,0,6,10,21.163245356793745
10,6,0,0,8,11,21.187683284457478
7,1,4,0,8,5,21.21212121212121
7,1,5,0,7,9,21.236559139784944
11,3,7,0,6,8,21.26099706744868
11,4,4,0,2,5,21.285434995112414
8,2,4,0,5,9,21.309872922776147
7,2,5,0,4,8,21.33431085043988
6,1,12,0,8,7,21.358748778103617
2,0,11,0,11,5,21.38318670576735
13,6,17,0,5,11,21.407624633431084
9,3,18,1,13,8,21.432062561094817
13,2,22,0,13,9,21.456500488758554
15,4,23,0,12,9,21.480938416422287
10,4,47,0,12,8,21.50537634408602
15,2,73,0,26,9,21.529814271749753
15,2,72,0,23,12,21.55425219941349
21,0,90,0,29,6,21.578690127077223
13,1,117,0,45,15,21.603128054740957
33,2,150,0,44,9,21.62756598240469
30,3,210,0,80,9,21.652003910068427
37,6,244,0,90,14,21.67644183773216
44,2,352,0,121,15,21.700879765395893
37,4,505,0,144,16,21.725317693059626
66,5,666,0,190,16,21.749755620723363
95,2,848,0,235,20,21.774193548387096
135,11,1101,0,251,33,21.79863147605083
138,7,1345,0,369,36,21.823069403714562
194,10,1508,0,485,44,21.8475073313783
254,10,1683,0,742,51,21.871945259042032
338,8,1796,0,1070,55,21.896383186705766
399,15,1771,0,1694,82,21.920821114369502
586,7,1703,0,2183,113,21.945259042033236
834,4,1518,0,3055,126,21.96969696969697
1351,8,1407,0,3892,178,21.994134897360702
2086,11,1187,0,4656,234,22.01857282502444
3120,15,1069,1,5297,424,22.043010752688172
4411,20,942,0,5482,692,22.067448680351905
5801,46,705,0,5504,1100,22.09188660801564
7062,65,593,0,5383,1837,22.116324535679375
7913,94,465,1,4769,2869,22.14076246334311
8444,159,403,0,3861,4132,22.16520039100684
8148,254,318,1,3144,5462,22.189638318670575
7323,443,262,1,2513,6710,22.21407624633431
6211,687,229,3,2032,7408,22.238514173998045
5210,961,206,7,1570,7744,22.262952101661778
4051,1387,168,12,1184,7314,22.28739002932551
3258,1724,149,10,967,6664,22.311827956989248
2373,1991,122,24,751,5403,22.33626588465298
1801,2121,87,18,602,4350,22.360703812316714
1360,2039,104,25,476,3389,22.385141739980448
1015,1868,96,32,387,2512,22.409579667644184
829,1582,92,35,303,1852,22.434017595307918
660,1316,86,37,288,1332,22.45845552297165
523,995,68,40,232,1002,22.482893450635384
394,751,56,43,189,774,22.50733137829912
361,531,62,45,195,565,22.531769305962854
292,377,60,25,145,479,22.556207233626587
232,283,65,22,141,352,22.58064516129032
185,210,58,19,154,295,22.605083088954057
184,152,54,9,121,229,22.62952101661779
160,127,46,6,113,202,22.653958944281523
160,96,58,2,98,155,22.678396871945257
140,66,58,2,109,164,22.702834799608993
153,48,55,4,82,134,22.727272727272727
106,53,52,3,107,117,22.75171065493646
116,40,53,1,101,101,22.776148582600193
108,40,48,0,75,82,22.80058651026393
113,35,61,3,91,79,22.825024437927663
98,36,47,2,95,90,22.849462365591396
116,15,52,0,81,82,22.87390029325513
92,33,47,0,106,56,22.898338220918866
113,26,48,0,95,82,22.9227761485826
101,21,42,1,111,71,22.947214076246333
105,23,37,0,134,81,22.97165200391007
105,19,38,0,113,79,22.996089931573803
112,21,24,0,109,83,23.020527859237536
105,16,18,1,117,66,23.04496578690127
129,15,24,3,131,85,23.069403714565006
148,25,20,1,93,90,23.09384164222874
147,12,28,0,129,92,23.118279569892472
158,9,11,0,106,80,23.142717497556205
155,18,17,2,70,92,23.167155425219942
164,22,18,1,96,108,23.191593352883675
148,20,22,0,64,114,23.21603128054741
131,20,12,1,55,115,23.24046920821114
114,18,17,0,49,111,23.26490713587488
97,24,19,0,56,107,23.28934506353861
81,25,13,0,38,132,23.313782991202345
85,30,21,0,42,123,23.338220918866078
71,29,5,0,53,113,23.362658846529815
67,22,18,0,25,106,23.387096774193548
47,36,8,0,24,99,23.41153470185728
50,35,6,0,36,60,23.435972629521014
68,43,19,0,33,77,23.46041055718475
54,41,17,1,48,69,23.484848484848484
60,22,15,2,52,76,23.509286412512218
49,24,12,1,28,57,23.53372434017595
62,28,10,0,36,62,23.558162267839688
61,24,6,1,29,56,23.58260019550342
62,19,13,0,38,43,23.607038123167154
60,18,7,1,28,54,23.631476050830887
51,8,7,0,39,51,23.655913978494624
46,13,7,0,23,50,23.680351906158357
50,9,8,0,29,51,23.70478983382209
42,15,13,1,25,34,23.729227761485824
23,13,7,0,15,31,23.75366568914956
39,15,6,0,23,36,23.778103616813294
34,10,9,0,27,29,23.802541544477027
36,9,5,0,27,29,23.82697947214076
29,15,5,1,19,44,23.851417399804497
34,11,12,1,19,32,23.87585532746823
28,14,5,1,19,29,23.900293255131963
22,11,4,0,14,18,23.924731182795696
22,13,4,1,21,25,23.949169110459433
20,10,5,0,16,30,23.973607038123166
26,13,5,0,25,24,23.9980449657869
22,9,6,0,22,17,24.022482893450636
35,5,10,1,13,28,24.04692082111437
20,13,7,0,13,22,24.071358748778103
24,3,6,0,11,17,24.095796676441836
21,6,6,0,18,18,24.120234604105573
19,10,5,1,22,16,24.144672531769306
31,3,3,0,15,19,24.16911045943304
26,9,5,1,14,20,24.193548387096772
30,8,5,1,19,18,24.21798631476051
21,10,5,1,18,15,24.242424242424242
24,5,6,0,14,25,24.266862170087975
20,11,5,0,11,25,24.29130009775171
21,4,4,0,15,30,24.315738025415445
24,8,6,0,18,17,24.34017595307918
20,6,5,0,14,14,24.364613880742912
20,7,4,0,19,17,24.389051808406645
20,4,1,0,15,14,24.41348973607038
20,2,3,0,11,20,24.437927663734115
26,5,3,0,7,11,24.462365591397848
15,11,6,1,19,13,24.48680351906158
25,9,6,0,18,17,24.511241446725318
18,8,2,0,14,14,24.53567937438905
16,8,8,0,19,11,24.560117302052785
18,9,5,1,21,22,24.584555229716518
19,4,3,0,11,20,24.608993157380255
21,5,4,0,9,25,24.633431085043988
15,2,2,0,13,13,24.65786901270772
22,5,3,0,12,12,24.682306940371454
17,4,4,0,10,19,24.70674486803519
7,15,6,1,12,14,24.731182795698924
21,5,6,0,16,11,24.755620723362657
11,6,6,0,11,19,24.78005865102639
13,1,6,0,14,12,24.804496578690127
15,3,1,0,10,17,24.82893450635386
13,4,4,0,10,15,24.853372434017594
12,1,4,0,6,20,24.877810361681327
11,5,3,0,11,16,24.902248289345064
12,4,5,0,9,8,24.926686217008797
5,1,7,0,9,15,24.95112414467253
15,0,6,0,8,14,24.975562072336263
12,5,4,0,13,15,25.0
