50,47,45,53,49,52,46,51,48,Time
108,22,17,47,75,9,18,118,48,0.0
111,27,11,37,88,12,18,120,52,0.024437927663734114
97,29,11,42,88,9,16,116,45,0.04887585532746823
113,42,10,45,70,9,18,129,61,0.07331378299120234
107,40,13,31,77,3,22,108,47,0.09775171065493646
102,41,14,49,87,12,13,106,49,0.12218963831867058
103,33,16,30,81,21,13,113,46,0.14662756598240467
120,30,13,29,54,12,19,114,47,0.1710654936461388
98,33,14,25,80,10,13,131,61,0.19550342130987292
100,29,9,45,78,13,13,127,58,0.21994134897360704
114,30,12,43,77,17,18,112,63,0.24437927663734116
113,36,11,45,78,14,21,154,40,0.26881720430107525
118,42,16,46,60,9,17,127,47,0.29325513196480935
108,27,11,47,78,8,22,141,51,0.3176930596285435
123,34,8,41,92,14,21,99,57,0.3421309872922776
96,36,7,40,78,14,14,137,53,0.36656891495601174
115,30,13,34,72,13,18,119,60,0.39100684261974583
117,29,13,28,63,11,23,121,45,0.4154447702834799
92,36,10,36,97,13,22,133,62,0.4398826979472141
99,37,20,28,70,11,20,131,57,0.46432062561094817
105,33,21,33,84,12,11,139,51,0.4887585532746823
106,44,7,38,64,13,22,132,51,0.5131964809384164
111,34,15,31,90,19,27,145,54,0.5376344086021505
107,35,19,45,85,11,15,130,59,0.5620723362658846
101,41,14,28,85,11,15,109,55,0.5865102639296187
111,33,18,39,83,13,15,136,53,0.6109481915933529
124,26,14,49,99,13,15,133,53,0.635386119257087
123,28,10,29,77,17,13,118,50,0.6598240469208211
122,34,16,35,90,13,15,114,65,0.6842619745845552
117,32,14,37,92,15,12,129,51,0.7086999022482893
118,34,12,31,89,18,15,127,56,0.7331378299120235
123,35,11,49,96,13,14,102,61,0.7575757575757576
120,38,13,41,86,26,23,139,48,0.7820136852394917
135,34,19,37,65,20,24,138,41,0.8064516129032258
105,41,10,27,91,8,18,126,58,0.8308895405669598
108,42,9,50,101,8,17,147,54,0.855327468230694
113,26,7,47,99,16,16,131,65,0.8797653958944281
117,38,11,43,78,9,16,132,50,0.9042033235581622
135,27,11,41,74,14,17,130,47,0.9286412512218963
135,38,16,38,67,19,15,135,56,0.9530791788856304
121,35,15,58,92,9,13,136,68,0.9775171065493646
122,32,27,50,87,20,21,157,59,1.0019550342130987
109,40,13,41,91,14,19,102,61,1.0263929618768328
121,34,15,43,77,13,20,141,58,1.050830889540567
106,32,13,40,77,13,23,122,45,1.075268817204301
116,40,10,41,89,18,7,101,52,1.099706744868035
125,31,18,47,87,12,26,124,49,1.1241446725317692
115,34,14,38,72,10,21,140,48,1.1485826001955033
114,44,15,45,99,22,31,128,61,1.1730205278592374
134,33,16,37,76,14,19,132,49,1.1974584555229717
106,44,20,48,81,13,14,146,61,1.2218963831867058
130,28,13,47,87,15,21,149,68,1.2463343108504399
101,48,15,41,91,18,24,120,63,1.270772238514174
109,36,16,38,88,18,18,147,56,1.295210166177908
134,39,22,42,99,10,15,139,43,1.3196480938416422
103,23,18,41,95,11,14,139,58,1.3440860215053763
118,32,20,40,97,7,15,125,64,1.3685239491691104
121,34,15,47,94,19,17,126,48,1.3929618768328444
126,35,16,40,84,27,13,129,56,1.4173998044965785
118,39,14,37,94,11,24,125,56,1.4418377321603129
114,29,18,56,73,14,25,153,58,1.466275659824047
107,43,15,52,65,19,32,144,63,1.490713587487781
124,31,17,36,84,13,24,131,59,1.5151515151515151
124,30,18,43,80,16,22,135,52,1.5395894428152492
110,29,22,38,79,11,16,114,42,1.5640273704789833
89,28,10,31,68,6,20,112,41,1.5884652981427174
88,32,11,32,58,9,19,114,47,1.6129032258064515
104,34,9,29,77,5,12,95,45,1.6373411534701856
100,25,12,33,60,16,19,98,46,1.6617790811339197
88,39,10,40,67,13,14,115,39,1.6862170087976538
84,33,13,28,61,6,9,116,41,1.710654936461388
78,23,12,33,73,9,13,107,41,1.7350928641251222
85,34,14,30,66,12,12,94,48,1.7595307917888563
85,35,19,45,83,16,19,113,41,1.7839687194525904
83,19,7,24,70,11,11,109,40,1.8084066471163245
88,27,11,36,51,12,8,103,43,1.8328445747800586
82,27,16,21,62,11,14,105,51,1.8572825024437927
90,22,13,26,74,15,15,110,50,1.8817204301075268
95,30,12,36,69,7,14,116,51,1.9061583577712609
73,35,12,25,61,11,18,97,34,1.930596285434995
87,28,15,39,79,11,12,104,47,1.9550342130987293
79,28,13,36,72,10,11,83,40,1.9794721407624634
91,29,8,31,67,13,21,88,48,2.0039100684261975
96,38,21,30,72,10,17,103,29,2.0283479960899315
96,19,12,31,60,11,18,96,38,2.0527859237536656
94,27,10,33,66,8,14,101,48,2.0772238514173997
89,27,15,23,67,5,24,96,55,2.101661779081134
98,36,16,34,57,13,10,107,42,2.126099706744868
93,21,13,34,62,8,16,104,45,2.150537634408602
94,32,15,34,58,5,13,94,52,2.174975562072336
96,32,18,27,78,9,22,111,39,2.19941348973607
105,29,16,33,80,10,15,134,51,2.2238514173998043
107,48,15,42,75,8,18,129,43,2.2482893450635384
122,29,14,33,92,5,16,158,43,2.2727272727272725
111,48,15,52,88,13,19,152,67,2.2971652003910066
172,38,10,51,115,14,22,197,75,2.3216031280547407
197,54,18,79,135,23,29,245,87,2.3460410557184748
273,75,30,127,191,27,31,306,115,2.3704789833822093
392,78,37,150,247,22,26,410,178,2.3949169110459434
519,164,42,231,328,50,69,590,257,2.4193548387096775
813,206,52,322,482,52,93,858,326,2.4437927663734116
1098,268,69,430,733,57,121,1172,496,2.4682306940371457
1324,363,89,497,942,79,136,1553,636,2.4926686217008798
1746,482,137,557,1211,103,187,1991,771,2.517106549364614
2125,570,155,727,1459,109,216,2326,968,2.541544477028348
2431,595,177,795,1746,142,254,2775,1107,2.565982404692082
2728,711,183,885,1867,175,279,2996,1134,2.590420332355816
2976,773,208,895,2101,174,287,3284,1262,2.6148582600195502
3037,764,227,930,2132,161,297,3390,1337,2.6392961876832843
3182,817,197,933,2145,203,308,3520,1388,2.6637341153470184
3105,839,207,932,2191,166,308,3419,1347,2.6881720430107525
3033,797,222,936,2128,166,293,3522,1318,2.7126099706744866
2949,782,202,934,2175,165,317,3388,1385,2.7370478983382207
3048,770,215,873,2131,146,264,3428,1324,2.761485826001955
2884,745,207,876,2124,158,331,3373,1279,2.785923753665689
2858,731,173,872,2028,164,283,3171,1346,2.810361681329423
2885,767,197,865,2026,155,294,3117,1217,2.834799608993157
2769,692,193,818,2026,158,271,3108,1231,2.859237536656891
2825,683,214,817,2072,156,298,2994,1237,2.8836754643206257
2587,682,182,816,1934,153,253,2908,1219,2.90811339198436
2590,638,188,791,1861,155,264,3018,1154,2.932551319648094
2563,674,165,760,1870,160,278,2926,1125,2.956989247311828
2522,652,186,750,1810,134,259,2886,1083,2.981427174975562
2555,675,177,731,1836,150,253,2955,1154,3.005865102639296
2491,613,187,720,1765,122,279,2731,1051,3.0303030303030303
2443,643,168,789,1738,134,253,2722,1126,3.0547409579667644
2388,645,199,747,1776,135,247,2688,1061,3.0791788856304985
2440,621,192,742,1734,152,242,2615,1074,3.1036168132942326
2367,586,178,705,1787,126,230,2773,1056,3.1280547409579667
2396,627,170,760,1621,110,253,2601,1020,3.1524926686217007
2294,602,158,680,1672,130,260,2642,1015,3.176930596285435
2246,562,140,661,1689,119,251,2590,1089,3.201368523949169
2306,548,168,676,1650,110,213,2569,1002,3.225806451612903
2214,620,153,645,1677,121,198,2502,974,3.250244379276637
2149,585,153,671,1653,125,245,2531,947,3.274682306940371
2164,575,160,681,1580,123,228,2442,972,3.2991202346041053
2171,601,163,654,1568,111,220,2544,964,3.3235581622678394
2202,599,154,652,1586,147,233,2437,966,3.3479960899315735
2137,591,157,681,1549,130,217,2413,969,3.3724340175953076
2164,568,173,678,1556,128,210,2372,909,3.396871945259042
2171,537,159,681,1530,126,223,2359,958,3.421309872922776
2212,584,170,684,1577,113,219,2385,940,3.4457478005865103
2187,578,159,680,1529,128,220,2399,915,3.4701857282502444
2041,560,152,629,1532,123,203,2348,935,3.4946236559139785
2195,525,142,635,1485,119,214,2371,924,3.5190615835777126
2091,510,161,649,1509,113,196,2388,909,3.5434995112414467
2073,570,138,612,1535,117,190,2320,946,3.567937438905181
2094,577,135,604,1425,116,220,2284,923,3.592375366568915
2076,564,134,646,1544,136,213,2283,934,3.616813294232649
2089,541,157,612,1465,112,214,2351,893,3.641251221896383
2053,550,170,611,1477,127,221,2292,887,3.665689149560117
1981,538,152,635,1436,131,203,2236,862,3.6901270772238512
2044,540,141,652,1429,103,197,2274,883,3.7145650048875853
2063,518,146,632,1481,114,207,2202,898,3.7390029325513194
1947,519,157,582,1441,126,194,2272,838,3.7634408602150535
2010,537,138,653,1455,129,213,2182,931,3.7878787878787876
1978,501,141,580,1449,106,199,2191,907,3.8123167155425217
2019,515,151,604,1413,122,208,2148,878,3.836754643206256
2016,478,152,610,1392,119,190,2247,853,3.86119257086999
1965,518,130,618,1405,129,210,2117,851,3.885630498533724
1983,504,136,604,1420,98,209,2139,867,3.9100684261974585
2014,496,137,614,1403,110,188,2157,917,3.9345063538611926
1972,500,119,567,1324,128,208,2176,856,3.9589442815249267
2030,532,141,639,1354,108,195,2141,876,3.983382209188661
1943,523,153,622,1350,95,171,2138,859,4.007820136852395
1899,515,127,572,1373,111,208,2081,849,4.032258064516129
1982,468,146,596,1434,101,210,2181,849,4.056695992179863
1929,533,139,575,1277,104,197,2224,820,4.081133919843597
1857,480,144,578,1301,112,214,2149,905,4.105571847507331
1861,487,134,595,1300,101,189,2083,816,4.130009775171065
1923,472,127,615,1310,104,178,2089,851,4.1544477028347995
1834,479,132,550,1340,113,171,2144,795,4.178885630498534
1858,459,142,532,1282,102,176,2132,801,4.203323558162268
1792,440,123,576,1305,98,194,2024,792,4.227761485826002
1879,500,133,549,1314,126,182,2028,809,4.252199413489736
1826,474,145,510,1315,103,180,1998,771,4.27663734115347
1816,465,125,572,1298,124,180,1930,787,4.301075268817204
1800,461,136,514,1264,113,197,1975,818,4.325513196480938
1804,483,131,550,1314,96,207,1943,801,4.349951124144672
1823,450,133,513,1251,94,191,1970,788,4.374389051808406
1782,447,127,563,1286,78,171,2015,784,4.39882697947214
1815,458,130,546,1258,107,175,1947,750,4.4232649071358745
1726,492,115,521,1285,95,175,1937,792,4.447702834799609
1657,475,121,527,1262,88,194,1922,761,4.472140762463343
1696,448,115,520,1280,108,181,1941,761,4.496578690127077
1743,452,131,501,1193,109,186,1846,757,4.521016617790811
1666,409,117,514,1235,90,172,1863,774,4.545454545454545
1735,435,151,505,1212,89,178,1901,753,4.569892473118279
1721,425,122,548,1237,98,171,1880,735,4.594330400782013
1627,454,121,533,1171,94,145,1940,744,4.618768328445747
1641,397,114,522,1192,107,182,1858,724,4.643206256109481
1678,428,142,526,1165,104,158,1901,715,4.667644183773215
1599,429,123,543,1177,109,169,1884,729,4.6920821114369495
1683,442,131,474,1169,88,198,1830,689,4.7165200391006845
1650,442,113,522,1218,89,165,1860,703,4.740957966764419
1565,386,121,488,1196,82,172,1729,672,4.765395894428153
1574,454,135,502,1190,92,176,1846,693,4.789833822091887
1629,438,112,517,1146,97,162,1823,731,4.814271749755621
1632,371,121,505,1226,108,169,1793,699,4.838709677419355
1623,409,123,483,1142,110,175,1868,698,4.863147605083089
1608,446,98,489,1207,101,152,1750,678,4.887585532746823
1647,449,123,466,1158,86,145,1827,732,4.912023460410557
1550,409,125,469,1119,87,162,1748,656,4.936461388074291
1553,414,103,515,1165,90,147,1713,693,4.9608993157380255
1564,438,114,496,1087,95,174,1742,680,4.9853372434017595
1608,400,124,443,1150,92,154,1725,702,5.009775171065494
1518,413,120,503,1156,85,188,1749,655,5.034213098729228
1523,398,109,492,1065,99,141,1706,669,5.058651026392962
1533,384,103,500,1064,94,154,1794,629,5.083088954056696
1518,385,127,492,1109,92,168,1720,679,5.10752688172043
1521,434,117,465,1088,97,167,1769,657,5.131964809384164
1483,367,98,477,1061,83,148,1713,683,5.156402737047898
1539,395,112,457,1035,100,142,1663,664,5.180840664711632
1531,403,113,480,1112,76,154,1617,684,5.205278592375366
1499,397,112,411,1153,80,146,1696,658,5.2297165200391005
1559,386,89,455,1068,82,144,1685,636,5.254154447702835
1499,381,108,502,1018,93,148,1648,647,5.278592375366569
1479,361,112,458,1086,83,130,1576,653,5.303030303030303
1511,396,95,449,1057,103,159,1595,653,5.327468230694037
1477,437,97,478,1101,87,153,1664,616,5.351906158357771
1447,397,116,445,1045,96,139,1612,657,5.376344086021505
1451,360,91,461,1048,101,145,1593,666,5.400782013685239
1412,355,130,454,1020,74,147,1587,637,5.425219941348973
1475,380,87,435,1083,88,138,1585,634,5.449657869012707
1446,372,101,494,1070,80,148,1621,660,5.474095796676441
1411,356,104,471,979,78,137,1555,581,5.4985337243401755
1387,407,104,382,1027,83,147,1562,670,5.52297165200391
1445,368,92,443,990,84,162,1565,635,5.547409579667644
1411,376,108,403,1002,74,147,1504,620,5.571847507331378
1457,371,98,438,920,92,143,1533,655,5.596285434995112
1402,390,85,447,1005,80,152,1540,619,5.620723362658846
1374,371,110,400,1033,91,128,1522,625,5.64516129032258
1374,355,98,432,954,83,154,1557,606,5.669599217986314
1371,374,114,403,992,82,154,1550,634,5.694037145650048
1350,374,89,405,959,80,148,1511,600,5.718475073313782
1358,333,98,416,992,66,123,1519,583,5.742913000977517
1410,341,93,402,1007,82,137,1494,632,5.767350928641251
1333,374,109,418,971,73,153,1505,560,5.7917888563049855
1356,326,90,389,979,62,143,1539,610,5.81622678396872
1334,378,105,393,965,76,140,1490,607,5.840664711632454
1366,364,102,450,906,68,134,1440,585,5.865102639296188
1380,347,94,379,967,77,146,1516,653,5.889540566959922
1322,327,87,427,948,79,151,1447,593,5.913978494623656
1326,334,111,441,933,74,131,1513,569,5.93841642228739
1304,321,93,405,939,66,149,1569,565,5.962854349951124
1342,339,88,387,966,69,120,1444,575,5.987292277614858
1310,306,110,404,950,85,140,1464,574,6.011730205278592
1295,332,108,398,934,75,151,1444,581,6.0361681329423265
1289,334,103,401,905,79,145,1392,543,6.0606060606060606
1326,334,85,423,954,76,131,1462,579,6.085043988269795
1222,286,91,377,995,72,158,1409,552,6.109481915933529
1249,337,80,388,905,85,119,1445,558,6.133919843597263
1244,313,86,388,916,63,155,1458,542,6.158357771260997
1278,314,85,387,965,80,132,1420,567,6.182795698924731
1239,332,84,392,894,63,134,1399,554,6.207233626588465
1186,306,103,395,873,77,163,1412,528,6.231671554252199
1282,296,109,376,882,89,137,1380,540,6.256109481915933
1268,292,87,393,913,73,147,1395,550,6.280547409579667
1225,343,96,374,925,76,140,1356,539,6.3049853372434015
1255,297,92,398,882,77,150,1390,578,6.329423264907136
1158,315,99,380,910,70,130,1340,538,6.35386119257087
1259,289,109,374,843,76,116,1395,538,6.378299120234604
1196,335,103,407,855,81,116,1362,519,6.402737047898338
1183,279,95,397,867,62,119,1304,495,6.427174975562072
1186,326,98,364,844,74,112,1347,520,6.451612903225806
1200,323,84,384,875,68,116,1354,508,6.47605083088954
1222,301,109,362,824,74,119,1425,542,6.500488758553274
1195,313,91,361,853,69,121,1313,496,6.524926686217008
1191,348,94,369,899,63,112,1310,527,6.549364613880742
1194,293,93,352,856,75,117,1324,528,6.5738025415444765
1153,350,85,351,842,57,130,1253,484,6.598240469208211
1144,317,93,362,854,65,102,1281,529,6.622678396871945
1122,289,83,321,856,66,108,1301,536,6.647116324535679
1207,292,86,376,774,90,114,1287,470,6.671554252199413
1165,307,77,361,830,62,117,1318,509,6.695992179863147
1070,307,89,342,825,73,108,1291,478,6.720430107526881
1172,294,78,333,769,59,126,1334,519,6.744868035190615
1168,297,92,363,779,59,129,1301,508,6.769305962854349
1110,312,73,386,835,64,95,1264,522,6.793743890518084
1113,293,86,339,774,65,134,1279,473,6.818181818181818
1111,276,91,325,809,65,109,1199,486,6.842619745845552
1063,293,72,349,786,76,125,1202,464,6.8670576735092865
1115,308,94,333,801,70,108,1273,475,6.891495601173021
1107,273,71,332,782,58,114,1226,496,6.915933528836755
1104,270,85,348,778,68,96,1248,469,6.940371456500489
1102,286,75,343,789,64,110,1205,501,6.964809384164223
1115,281,79,301,766,60,114,1194,535,6.989247311827957
1090,313,69,374,802,66,109,1226,497,7.013685239491691
1090,315,67,325,783,54,125,1227,467,7.038123167155425
1114,273,82,341,733,69,118,1214,440,7.062561094819159
1113,294,72,302,799,65,116,1263,480,7.086999022482893
1090,278,78,308,779,77,116,1160,453,7.1114369501466275
1099,255,83,306,772,61,105,1203,498,7.135874877810362
1024,257,93,323,759,68,95,1196,472,7.160312805474096
1011,289,62,333,730,67,131,1158,469,7.18475073313783
988,275,77,297,799,52,111,1139,459,7.209188660801564
1076,309,65,344,764,58,105,1173,461,7.233626588465298
1051,285,75,309,759,66,104,1181,481,7.258064516129032
1031,277,77,319,768,78,110,1141,444,7.282502443792766
965,264,86,316,700,60,118,1153,455,7.3069403714565
1000,293,83,300,749,59,118,1156,491,7.331378299120234
993,266,85,305,735,56,121,1079,466,7.355816226783968
1061,273,78,321,721,60,89,1076,468,7.3802541544477025
1015,247,73,304,772,56,97,1163,470,7.404692082111437
956,252,70,302,747,69,99,1079,455,7.429130009775171
1007,264,72,321,734,66,105,1135,447,7.453567937438905
950,243,80,302,718,67,107,1119,441,7.478005865102639
966,268,75,297,664,72,98,1102,444,7.502443792766373
950,250,75,312,709,48,116,1071,425,7.526881720430107
978,262,82,323,717,49,106,1195,433,7.551319648093841
977,229,72,311,677,55,99,1040,430,7.575757575757575
953,273,66,274,690,51,96,1128,466,7.600195503421309
953,267,83,310,681,54,87,1082,410,7.624633431085043
927,252,84,303,689,59,115,1122,424,7.6490713587487775
927,258,62,310,708,69,109,1072,417,7.673509286412512
944,253,77,328,690,59,101,1079,392,7.697947214076246
897,257,71,329,698,62,96,1044,415,7.72238514173998
962,227,71,292,716,59,94,1054,388,7.746823069403714
903,228,70,302,674,57,103,1059,424,7.771260997067448
945,248,67,275,673,49,106,1052,395,7.795698924731182
936,257,69,317,614,62,116,1058,416,7.820136852394917
900,240,53,255,717,53,76,1017,408,7.844574780058651
879,262,60,274,640,53,91,1043,375,7.869012707722385
959,261,70,266,663,54,92,985,423,7.893450635386119
947,251,66,288,647,59,99,1063,411,7.9178885630498534
951,247,78,304,656,61,98,1019,387,7.9423264907135875
893,230,72,288,627,44,116,1047,401,7.966764418377322
897,219,66,258,614,64,101,955,372,7.991202346041056
882,217,60,278,642,57,85,983,401,8.01564027370479
951,222,62,280,636,59,94,950,403,8.040078201368523
898,249,70,242,612,63,97,1066,391,8.064516129032258
806,223,78,260,636,34,90,1055,418,8.088954056695991
842,240,56,298,637,53,116,972,385,8.113391984359726
885,234,66,275,647,48,100,1016,403,8.13782991202346
869,225,56,248,587,50,95,963,366,8.162267839687194
822,230,58,237,600,32,105,934,391,8.186705767350928
905,241,73,283,601,61,106,987,395,8.211143695014663
871,228,66,240,642,69,95,975,422,8.235581622678396
873,241,72,281,651,60,96,1013,389,8.26001955034213
874,240,84,254,612,53,90,921,386,8.284457478005864
863,246,75,300,603,58,82,944,387,8.308895405669599
870,228,72,268,603,48,87,947,371,8.333333333333332
832,201,74,233,599,45,89,980,402,8.357771260997067
822,205,59,262,571,53,76,982,360,8.382209188660802
885,190,76,261,570,51,77,923,361,8.406647116324535
819,222,62,260,645,54,90,929,374,8.43108504398827
791,215,58,233,609,63,82,921,352,8.455522971652004
815,191,61,247,585,52,99,947,377,8.479960899315738
860,244,68,248,584,43,87,917,388,8.504398826979472
876,207,60,232,567,42,86,926,336,8.528836754643207
802,201,60,267,596,41,98,895,335,8.55327468230694
822,176,63,256,547,62,72,894,351,8.577712609970675
833,212,68,264,520,59,81,979,347,8.602150537634408
809,210,67,221,571,44,84,921,358,8.626588465298143
747,210,68,246,604,58,102,923,351,8.651026392961876
842,194,67,251,594,48,94,938,351,8.675464320625611
748,222,56,236,579,49,90,876,353,8.699902248289344
824,197,66,248,550,64,82,830,362,8.72434017595308
835,195,55,253,547,61,94,902,354,8.748778103616813
761,199,44,210,569,57,88,945,344,8.773216031280548
766,227,75,235,557,48,84,920,331,8.79765395894428
797,192,74,250,588,46,85,887,336,8.822091886608016
732,202,66,201,561,55,78,850,343,8.846529814271749
784,199,64,243,566,36,92,871,351,8.870967741935484
764,209,69,224,600,46,80,852,341,8.895405669599217
761,210,69,233,533,50,89,836,322,8.919843597262952
782,220,66,223,567,41,81,801,335,8.944281524926685
733,168,70,240,562,50,86,845,342,8.96871945259042
777,205,50,231,507,43,104,846,345,8.993157380254154
751,191,53,212,533,53,79,845,324,9.017595307917889
698,179,54,232,526,37,75,868,352,9.042033235581622
756,210,59,256,550,42,86,872,334,9.066471163245357
759,200,42,208,531,41,66,845,309,9.09090909090909
739,180,55,222,570,53,89,793,334,9.115347018572825
718,195,51,258,496,36,73,856,346,9.139784946236558
688,209,63,223,580,51,62,826,331,9.164222873900293
728,192,51,240,509,40,77,804,309,9.188660801564026
700,193,61,230,528,41,78,800,348,9.213098729227761
740,182,62,223,521,42,72,835,286,9.237536656891495
746,160,66,235,523,47,69,803,326,9.26197458455523
724,184,46,215,546,44,77,805,309,9.286412512218963
713,171,59,213,494,40,71,805,298,9.310850439882698
677,187,52,223,525,36,61,785,313,9.33528836754643
678,203,53,228,532,38,81,765,326,9.359726295210166
723,186,44,221,515,41,78,804,313,9.384164222873899
663,184,60,202,509,53,77,778,284,9.408602150537634
721,202,60,201,533,36,75,824,290,9.433040078201369
694,193,41,218,483,41,72,722,296,9.457478005865102
673,173,70,202,502,49,72,799,307,9.481915933528837
723,191,40,213,472,44,87,766,285,9.50635386119257
642,202,67,219,503,41,80,721,303,9.530791788856305
669,190,51,207,481,33,78,818,297,9.555229716520039
661,182,70,221,487,34,65,742,328,9.579667644183774
673,154,66,225,498,33,68,795,313,9.604105571847507
632,182,53,217,506,48,86,772,320,9.628543499511242
650,167,56,231,466,39,68,808,299,9.652981427174975
637,188,49,220,476,46,82,760,288,9.67741935483871
649,155,59,188,449,48,78,777,306,9.701857282502443
692,179,58,212,496,42,57,769,294,9.726295210166178
645,172,59,217,470,50,68,735,307,9.750733137829911
676,177,34,185,506,31,78,768,296,9.775171065493646
632,178,42,208,473,40,71,758,297,9.79960899315738
673,197,49,183,481,49,61,735,275,9.824046920821115
587,169,41,207,477,44,69,732,316,9.848484848484848
662,169,50,178,450,46,89,724,302,9.872922776148583
632,167,52,223,460,31,73,669,300,9.897360703812316
667,144,49,202,475,56,60,767,270,9.921798631476051
613,162,60,182,496,38,64,705,285,9.946236559139784
669,163,43,198,447,33,87,734,293,9.970674486803519
618,171,50,198,423,43,57,662,318,9.995112414467252
640,179,56,194,429,37,69,734,265,10.019550342130987
633,175,62,205,468,38,64,729,317,10.04398826979472
588,166,44,191,439,40,78,730,260,10.068426197458455
654,172,44,202,443,45,77,693,287,10.092864125122189
603,176,54,191,432,43,65,703,296,10.117302052785924
622,153,49,195,440,43,69,670,292,10.141739980449657
587,160,56,184,450,39,69,705,261,10.166177908113392
626,173,33,222,434,52,64,699,296,10.190615835777125
610,163,53,175,439,45,67,694,312,10.21505376344086
612,179,58,183,453,40,81,703,260,10.239491691104593
636,166,49,165,429,31,75,705,290,10.263929618768328
611,166,52,170,436,42,65,675,256,10.288367546432061
591,170,50,204,408,35,61,673,250,10.312805474095796
603,161,42,192,437,41,52,687,306,10.33724340175953
593,137,54,210,393,50,63,641,261,10.361681329423265
612,165,49,203,463,37,70,657,258,10.386119257086998
610,179,43,201,416,33,60,652,291,10.410557184750733
589,134,53,191,419,36,61,677,256,10.434995112414468
572,150,51,195,461,41,59,678,250,10.459433040078201
569,158,39,159,373,53,68,625,266,10.483870967741936
589,158,40,189,415,37,80,676,252,10.50830889540567
582,159,51,170,406,29,74,603,299,10.532746823069404
586,147,47,180,433,39,61,648,236,10.557184750733137
576,163,33,192,412,48,64,674,266,10.581622678396872
575,162,49,187,406,42,61,681,272,10.606060606060606
576,144,44,213,439,40,67,584,232,10.63049853372434
584,133,41,175,443,41,49,682,196,10.654936461388074
604,149,41,183,406,32,71,647,231,10.679374389051809
561,148,52,190,400,38,70,659,238,10.703812316715542
595,146,48,157,373,37,66,616,270,10.728250244379277
529,173,52,172,372,46,60,593,225,10.75268817204301
550,134,29,178,416,47,65,633,241,10.777126099706745
532,138,57,207,399,30,76,588,254,10.801564027370478
582,147,42,164,433,32,64,635,235,10.826001955034213
530,137,54,178,424,34,59,646,270,10.850439882697946
558,130,43,180,409,27,70,630,235,10.874877810361681
533,160,45,171,386,44,62,661,262,10.899315738025415
555,146,61,190,386,32,47,604,228,10.92375366568915
553,142,43,184,375,33,57,598,275,10.948191593352883
566,162,33,165,402,26,57,629,243,10.972629521016618
531,155,37,155,375,34,62,610,230,10.997067448680351
511,126,35,157,384,39,62,579,261,11.021505376344086
521,171,32,144,373,30,76,645,255,11.04594330400782
559,154,47,169,394,29,68,570,228,11.070381231671554
524,138,36,164,355,39,54,586,225,11.094819159335287
530,150,37,147,368,30,50,658,236,11.119257086999022
509,130,44,161,374,46,68,615,234,11.143695014662756
549,141,41,168,371,38,63,571,242,11.16813294232649
542,139,40,148,388,24,55,565,235,11.192570869990224
515,130,54,168,386,34,42,574,218,11.217008797653959
478,128,47,160,363,33,54,599,217,11.241446725317692
519,127,48,153,381,39,61,616,214,11.265884652981427
520,117,47,160,380,41,66,558,225,11.29032258064516
519,143,39,165,360,34,47,609,247,11.314760508308895
490,135,33,152,359,38,53,567,213,11.339198435972628
529,145,38,166,356,36,67,554,197,11.363636363636363
474,133,44,148,365,32,50,578,212,11.388074291300097
505,132,45,167,356,38,50,573,222,11.412512218963832
546,145,41,152,418,27,56,486,240,11.436950146627565
481,144,42,148,353,33,53,541,204,11.4613880742913
497,142,40,163,354,36,54,577,200,11.485826001955035
499,123,32,141,368,30,63,596,213,11.510263929618768
531,136,38,155,326,40,47,548,218,11.534701857282503
450,117,44,147,359,36,56,561,202,11.559139784946236
466,153,40,155,370,43,50,583,224,11.583577712609971
485,137,38,158,348,22,63,534,216,11.608015640273704
488,134,36,149,365,34,50,560,243,11.63245356793744
521,120,41,155,340,30,50,538,196,11.656891495601172
443,115,26,139,347,39,62,542,230,11.681329423264907
463,130,44,152,325,28,65,526,239,11.70576735092864
508,125,45,175,337,36,49,524,220,11.730205278592376
476,116,41,152,338,31,55,576,207,11.754643206256109
514,127,43,160,300,34,50,523,213,11.779081133919844
500,119,36,145,317,35,52,522,195,11.803519061583577
500,113,26,152,341,35,49,515,222,11.827956989247312
457,120,40,146,359,45,68,561,198,11.852394916911045
463,117,32,171,345,39,48,492,217,11.87683284457478
478,117,36,134,339,34,46,533,196,11.901270772238513
471,112,40,142,311,32,64,477,204,11.925708699902248
460,138,36,145,346,21,55,511,222,11.950146627565982
451,138,29,171,329,46,40,545,196,11.974584555229717
451,130,36,141,321,29,44,532,192,11.99902248289345
461,114,38,131,317,32,50,539,191,12.023460410557185
441,98,58,162,327,30,61,502,213,12.047898338220918
444,121,39,143,289,30,50,505,181,12.072336265884653
474,108,39,136,321,33,67,525,193,12.096774193548386
444,120,32,164,316,25,38,472,209,12.121212121212121
468,123,31,144,305,40,61,528,180,12.145650048875854
449,131,34,130,318,25,60,466,220,12.17008797653959
445,114,30,150,313,29,49,487,182,12.194525904203322
447,112,31,163,315,28,41,502,190,12.218963831867057
497,123,36,135,382,28,52,504,184,12.24340175953079
423,95,37,119,311,31,51,469,196,12.267839687194526
440,92,29,147,319,38,41,496,194,12.292277614858259
419,121,42,125,317,21,52,469,200,12.316715542521994
456,99,44,145,289,29,50,475,180,12.341153470185727
380,120,38,138,317,31,58,436,177,12.365591397849462
435,118,31,151,350,31,44,482,197,12.390029325513195
462,105,30,125,321,37,42,465,216,12.41446725317693
471,115,39,123,315,40,46,511,206,12.438905180840663
446,121,44,128,267,36,55,470,183,12.463343108504398
459,107,32,137,336,26,52,450,164,12.487781036168132
445,111,32,113,288,35,52,483,197,12.512218963831867
390,116,45,141,311,26,33,476,187,12.536656891495602
402,117,36,124,289,24,45,483,191,12.561094819159335
438,105,38,143,317,20,54,467,177,12.58553274682307
370,105,34,139,306,28,43,425,184,12.609970674486803
392,94,37,130,270,21,42,460,188,12.634408602150538
405,114,43,132,304,32,53,470,192,12.658846529814271
382,108,31,111,288,27,44,449,187,12.683284457478006
403,120,39,140,250,32,43,478,183,12.70772238514174
435,132,33,123,267,23,49,448,188,12.732160312805474
382,101,25,125,298,29,38,467,184,12.756598240469208
383,103,32,118,285,21,52,489,201,12.781036168132943
395,135,24,139,292,23,52,392,185,12.805474095796676
405,103,35,104,287,40,53,430,176,12.82991202346041
415,107,29,130,264,31,36,409,180,12.854349951124144
387,112,23,116,274,34,43,446,168,12.878787878787879
419,107,27,129,274,32,44,448,174,12.903225806451612
412,92,39,108,258,34,42,443,153,12.927663734115347
356,110,35,121,268,23,40,426,158,12.95210166177908
382,92,24,128,284,22,37,407,162,12.976539589442815
387,99,32,112,241,18,44,389,153,13.000977517106548
433,96,44,98,245,24,38,427,181,13.025415444770283
353,106,35,149,264,31,46,445,151,13.049853372434017
386,104,30,110,277,28,61,407,191,13.074291300097752
363,99,31,108,265,26,33,440,182,13.098729227761485
384,85,31,102,282,28,33,414,160,13.12316715542522
364,98,27,117,277,27,47,412,158,13.147605083088953
374,101,29,140,248,24,52,423,169,13.172043010752688
374,110,34,125,281,22,50,372,171,13.196480938416421
384,101,28,120,267,31,41,420,166,13.220918866080156
376,99,24,119,267,24,39,427,172,13.24535679374389
393,91,24,122,266,26,48,376,174,13.269794721407624
400,93,37,113,280,22,43,393,185,13.294232649071358
373,96,40,100,243,24,44,403,164,13.318670576735093
356,91,32,107,268,19,46,403,153,13.343108504398826
372,110,31,105,242,37,41,373,143,13.36754643206256
373,78,23,106,262,27,53,366,169,13.391984359726294
321,101,32,122,239,21,38,372,140,13.416422287390029
354,105,24,132,255,31,49,398,191,13.440860215053762
309,74,37,120,252,31,41,417,169,13.465298142717497
338,84,25,119,256,25,37,400,161,13.48973607038123
335,92,30,100,247,21,42,388,153,13.514173998044965
339,89,35,111,264,21,48,392,144,13.538611925708699
336,83,24,120,241,24,36,398,162,13.563049853372434
318,85,24,100,236,36,46,391,152,13.587487781036168
338,84,30,113,234,33,35,405,165,13.611925708699902
317,94,35,128,227,26,42,365,147,13.636363636363637
321,78,28,115,245,27,39,365,151,13.66080156402737
392,89,25,106,231,29,38,375,166,13.685239491691105
290,101,27,100,232,20,38,392,165,13.709677419354838
301,84,28,101,213,22,48,368,137,13.734115347018573
319,98,24,113,271,24,38,348,136,13.758553274682306
308,85,41,116,233,29,41,385,177,13.782991202346041
335,102,29,113,238,18,34,397,156,13.807429130009774
328,81,27,106,244,27,37,352,140,13.83186705767351
296,85,25,102,259,21,41,367,145,13.856304985337243
328,82,18,98,217,27,34,349,132,13.880742913000978
317,81,28,101,257,26,37,341,150,13.90518084066471
290,78,26,103,227,24,36,382,147,13.929618768328446
317,84,26,117,212,24,38,337,153,13.954056695992179
328,85,27,90,217,20,50,380,149,13.978494623655914
359,70,34,128,225,29,30,353,133,14.002932551319647
327,83,33,89,237,22,38,339,168,14.027370478983382
309,83,33,82,214,18,36,355,149,14.051808406647115
338,98,28,116,242,20,30,322,138,14.07624633431085
302,100,30,119,233,20,33,348,138,14.100684261974584
300,98,31,98,199,22,38,363,128,14.125122189638319
314,84,32,83,231,29,37,352,151,14.149560117302052
299,88,21,106,213,36,28,317,148,14.173998044965787
299,70,36,102,241,13,37,357,118,14.19843597262952
322,85,20,84,230,21,47,355,141,14.222873900293255
306,72,29,85,202,22,39,317,123,14.247311827956988
309,83,36,83,249,29,40,303,116,14.271749755620723
277,87,28,83,244,28,28,325,132,14.296187683284456
291,83,21,103,212,26,37,307,151,14.320625610948191
290,81,28,99,224,17,29,346,130,14.345063538611925
279,62,32,84,194,18,38,373,158,14.36950146627566
305,93,30,94,199,18,33,337,115,14.393939393939393
251,78,25,84,201,21,30,294,121,14.418377321603128
310,81,37,97,233,31,29,317,123,14.442815249266861
298,98,24,93,216,18,33,305,119,14.467253176930596
251,93,33,88,215,23,33,332,122,14.491691104594329
272,78,22,104,213,16,33,325,128,14.516129032258064
303,68,22,93,192,20,40,280,104,14.540566959921797
325,80,23,108,186,19,33,308,115,14.565004887585532
300,70,26,83,194,24,31,286,141,14.589442815249265
298,64,22,103,240,25,29,323,135,14.613880742913
284,90,34,84,205,24,41,319,119,14.638318670576735
302,83,34,79,203,17,21,298,134,14.662756598240469
276,81,36,86,200,19,31,326,141,14.687194525904204
280,77,29,88,192,29,33,318,133,14.711632453567937
281,58,23,113,184,13,36,281,120,14.736070381231672
277,76,29,88,207,25,37,361,121,14.760508308895405
251,77,17,88,186,23,44,307,112,14.78494623655914
282,86,22,95,213,25,34,320,123,14.809384164222873
262,78,21,101,204,23,33,287,126,14.833822091886608
299,70,28,87,235,23,34,295,132,14.858260019550341
271,78,23,95,209,29,24,322,112,14.882697947214076
272,67,33,102,185,19,44,331,125,14.90713587487781
272,66,24,94,206,18,30,299,121,14.931573802541545
248,72,27,94,206,27,40,292,116,14.956011730205278
267,75,24,80,210,22,31,309,128,14.980449657869013
278,73,28,93,221,26,35,291,114,15.004887585532746
289,64,27,99,181,28,34,275,111,15.029325513196481
286,68,24,72,200,26,31,293,110,15.053763440860214
289,86,26,83,167,19,25,303,150,15.078201368523949
283,81,27,105,187,27,28,300,110,15.102639296187682
266,77,24,97,183,29,26,285,110,15.127077223851417
257,90,17,98,200,23,27,298,120,15.15151515151515
243,78,25,83,177,20,28,311,113,15.175953079178885
272,80,24,84,198,16,35,307,114,15.200391006842619
262,85,37,92,157,24,31,281,121,15.224828934506354
228,63,25,65,166,22,29,261,108,15.249266862170087
284,74,30,92,187,17,36,309,115,15.273704789833822
281,63,30,71,184,17,37,299,88,15.298142717497555
270,72,26,72,186,20,29,312,113,15.32258064516129
263,57,26,82,181,24,32,283,99,15.347018572825023
212,97,28,80,181,24,23,262,121,15.371456500488758
253,75,25,85,195,23,28,274,112,15.395894428152491
243,78,25,100,165,25,44,286,123,15.420332355816226
277,69,27,88,208,19,34,288,119,15.44477028347996
239,81,19,65,196,15,29,270,99,15.469208211143695
261,71,19,82,167,10,22,287,119,15.493646138807428
240,66,23,83,173,19,29,268,97,15.518084066471163
242,62,23,84,174,19,25,290,125,15.542521994134896
250,65,23,101,166,23,29,250,93,15.566959921798631
263,54,29,87,173,17,35,267,119,15.591397849462364
261,57,27,80,174,21,29,263,119,15.6158357771261
256,64,24,87,181,21,34,287,115,15.640273704789834
247,67,23,79,166,14,23,289,110,15.664711632453567
242,82,18,72,162,26,28,245,102,15.689149560117302
272,82,28,85,148,20,23,246,118,15.713587487781036
217,75,16,75,185,18,22,280,100,15.73802541544477
235,57,30,77,164,17,33,255,90,15.762463343108504
236,66,20,83,166,21,31,284,109,15.786901270772239
246,64,20,80,193,18,21,267,101,15.811339198435972
267,68,27,58,159,17,33,243,132,15.835777126099707
209,56,19,82,163,23,32,253,103,15.86021505376344
243,80,26,60,166,20,37,282,113,15.884652981427175
231,63,13,58,177,18,31,280,97,15.909090909090908
230,74,27,93,156,19,31,263,126,15.933528836754643
237,74,23,57,160,25,24,247,137,15.957966764418376
231,70,18,55,151,28,39,287,120,15.982404692082111
225,66,27,76,155,20,30,267,113,16.006842619745846
231,65,31,78,189,22,22,238,112,16.03128054740958
209,75,24,67,180,18,32,243,117,16.055718475073313
211,63,18,60,157,16,37,263,108,16.080156402737046
239,60,21,70,164,17,36,255,102,16.104594330400783
220,54,15,62,175,13,39,236,101,16.129032258064516
249,61,22,92,169,15,25,235,111,16.15347018572825
211,47,29,69,161,17,24,255,98,16.177908113391982
236,46,22,61,158,12,39,246,109,16.20234604105572
224,56,27,87,168,20,25,215,86,16.226783968719452
207,63,26,57,164,13,29,261,106,16.251221896383186
228,66,19,76,149,18,22,254,83,16.27565982404692
200,49,28,64,147,23,28,241,90,16.300097751710656
210,68,27,84,165,18,31,249,93,16.32453567937439
204,50,20,55,160,14,26,271,83,16.348973607038122
217,73,23,59,174,11,33,221,102,16.373411534701855
207,57,27,47,164,19,27,225,83,16.397849462365592
218,58,20,59,168,16,34,252,102,16.422287390029325
227,65,14,65,149,24,31,241,113,16.44672531769306
210,52,21,69,161,25,21,266,105,16.47116324535679
223,58,28,76,152,31,19,216,96,16.49560117302053
213,71,19,64,179,15,31,249,87,16.52003910068426
200,66,14,62,128,18,24,234,101,16.544477028347995
211,56,23,66,167,14,27,192,82,16.568914956011728
189,60,26,75,146,17,29,243,90,16.593352883675465
213,54,25,60,146,17,21,221,109,16.617790811339198
224,64,17,69,180,16,32,214,98,16.64222873900293
210,56,23,65,141,17,21,262,98,16.666666666666664
197,59,21,72,155,18,19,218,106,16.6911045943304
225,61,20,55,150,13,34,231,96,16.715542521994134
214,53,19,66,172,15,31,252,101,16.739980449657867
211,57,16,62,146,14,21,232,99,16.764418377321604
179,63,14,69,155,23,36,240,98,16.788856304985337
184,55,16,50,125,8,32,219,99,16.81329423264907
191,57,16,64,159,16,27,237,91,16.837732160312804
200,54,11,62,153,26,25,186,94,16.86217008797654
218,58,28,62,146,23,25,217,82,16.886608015640274
195,44,28,69,151,19,27,208,86,16.911045943304007
229,56,22,62,152,16,30,224,93,16.93548387096774
195,65,24,70,151,13,27,242,99,16.959921798631477
203,47,18,60,142,17,25,223,81,16.98435972629521
186,51,23,47,158,20,26,213,98,17.008797653958943
183,57,12,67,142,20,24,218,73,17.033235581622677
177,50,26,68,139,13,21,228,95,17.057673509286413
197,51,15,52,135,17,37,230,77,17.082111436950147
160,51,18,82,133,28,43,197,83,17.10654936461388
161,48,22,76,144,21,30,213,86,17.130987292277613
179,55,16,61,125,17,30,206,89,17.15542521994135
200,46,29,64,149,14,32,221,83,17.179863147605083
219,49,24,47,136,12,31,214,87,17.204301075268816
158,49,15,65,135,15,23,234,89,17.22873900293255
191,66,12,64,138,16,24,231,93,17.253176930596286
208,44,22,62,141,18,26,204,86,17.27761485826002
207,60,12,59,140,16,30,233,84,17.302052785923753
203,41,19,64,156,16,27,197,88,17.326490713587486
196,59,24,54,129,14,30,218,94,17.350928641251222
174,52,13,49,158,13,26,253,81,17.375366568914956
168,44,14,68,125,13,23,192,86,17.39980449657869
192,58,24,56,125,24,26,227,89,17.424242424242422
183,60,19,63,139,13,28,210,91,17.44868035190616
175,54,25,47,133,17,24,188,91,17.473118279569892
183,54,21,59,142,14,20,196,89,17.497556207233625
165,45,16,49,147,13,26,214,77,17.52199413489736
167,59,22,58,150,17,27,203,81,17.546432062561095
177,44,10,59,132,17,17,180,96,17.57086999022483
176,50,22,65,117,14,33,211,91,17.59530791788856
202,49,20,61,142,28,19,196,65,17.619745845552295
184,62,24,50,136,26,18,188,78,17.64418377321603
190,54,17,53,130,17,16,170,65,17.668621700879765
173,49,18,58,136,21,18,200,75,17.693059628543498
186,49,19,48,129,23,19,172,72,17.71749755620723
164,49,19,55,138,7,17,208,79,17.741935483870968
166,48,21,65,122,15,20,181,79,17.7663734115347
167,55,20,57,123,19,31,203,93,17.790811339198434
176,55,17,59,123,15,12,192,89,17.81524926686217
167,49,8,45,129,18,21,205,87,17.839687194525904
188,42,17,64,131,15,26,189,68,17.864125122189638
167,47,20,51,135,14,22,188,76,17.88856304985337
178,43,22,53,113,13,22,161,78,17.913000977517108
160,49,20,52,117,16,27,176,75,17.93743890518084
157,52,21,54,99,12,33,185,74,17.961876832844574
186,51,21,59,130,14,18,209,70,17.986314760508307
163,44,20,51,142,16,14,178,77,18.010752688172044
163,45,19,51,117,22,23,183,87,18.035190615835777
166,53,26,58,120,22,21,194,75,18.05962854349951
154,52,16,64,122,10,24,194,73,18.084066471163244
175,48,17,49,134,16,19,172,70,18.10850439882698
163,42,12,58,116,14,17,166,82,18.132942326490713
160,45,21,54,143,15,28,190,77,18.157380254154447
192,53,13,38,97,23,19,178,58,18.18181818181818
164,45,12,50,109,14,20,172,70,18.206256109481917
159,49,11,46,115,15,21,165,82,18.23069403714565
159,50,12,47,119,18,26,171,74,18.255131964809383
159,49,16,52,129,19,27,210,78,18.279569892473116
166,52,15,65,111,18,19,188,69,18.304007820136853
158,50,15,60,123,12,20,192,75,18.328445747800586
132,42,19,53,105,15,28,180,73,18.35288367546432
144,35,15,38,108,11,26,168,67,18.377321603128053
142,44,20,63,103,18,19,190,71,18.40175953079179
150,49,30,45,111,20,28,202,64,18.426197458455523
150,47,15,59,104,16,27,192,69,18.450635386119256
140,52,22,46,86,17,26,186,67,18.47507331378299
160,39,19,40,118,15,22,179,75,18.499511241446726
153,47,17,64,117,12,13,180,57,18.52394916911046
152,43,11,44,122,16,21,165,68,18.548387096774192
149,46,26,54,106,12,15,191,77,18.572825024437925
128,46,14,42,102,14,20,152,65,18.597262952101662
153,45,19,40,113,14,13,168,70,18.621700879765395
146,48,25,45,96,17,18,165,84,18.64613880742913
170,48,12,53,102,22,21,166,82,18.67057673509286
165,37,15,47,90,17,20,175,60,18.6950146627566
165,49,18,44,101,14,24,177,73,18.71945259042033
143,41,17,53,124,16,26,162,76,18.743890518084065
149,45,23,47,102,17,22,151,53,18.768328445747798
133,41,16,46,108,13,23,195,69,18.792766373411535
137,41,19,51,101,8,21,136,48,18.817204301075268
144,37,18,42,100,13,19,164,66,18.841642228739
148,44,22,49,99,12,22,189,68,18.866080156402738
162,38,14,45,109,10,27,172,71,18.89051808406647
140,43,16,64,107,13,22,177,70,18.914956011730204
146,51,5,47,112,17,15,154,60,18.939393939393938
147,31,19,40,91,21,19,139,77,18.963831867057674
161,45,10,37,91,17,21,137,59,18.988269794721408
164,49,13,43,102,14,26,164,68,19.01270772238514
136,41,11,55,110,19,21,161,72,19.037145650048874
141,41,22,43,112,9,19,187,76,19.06158357771261
128,46,17,48,101,9,15,166,58,19.086021505376344
138,35,14,47,113,7,15,155,70,19.110459433040077
132,30,17,60,107,12,24,164,73,19.13489736070381
129,32,19,45,96,16,18,154,77,19.159335288367547
155,36,17,47,93,13,19,162,76,19.18377321603128
140,48,10,44,104,9,17,130,62,19.208211143695014
131,34,14,48,94,11,16,145,63,19.232649071358747
120,47,15,50,119,14,22,165,54,19.257086999022484
145,38,15,47,99,16,17,144,61,19.281524926686217
141,49,22,42,83,16,21,157,60,19.30596285434995
126,45,19,41,104,16,28,162,71,19.330400782013683
131,34,19,44,99,13,13,150,60,19.35483870967742
138,45,14,49,104,15,21,165,55,19.379276637341153
131,51,12,48,97,16,15,147,48,19.403714565004886
126,44,20,46,93,18,16,144,65,19.42815249266862
144,47,11,62,113,13,25,124,55,19.452590420332356
132,38,20,39,107,13,30,138,52,19.47702834799609
146,46,18,44,96,11,25,151,59,19.501466275659823
130,42,23,47,86,18,28,147,72,19.525904203323556
137,33,9,42,78,15,22,152,62,19.550342130987293
145,45,15,58,89,11,24,147,49,19.574780058651026
147,41,16,44,101,12,18,141,77,19.59921798631476
129,48,16,43,85,10,15,127,75,19.623655913978492
117,37,16,29,95,10,24,124,65,19.64809384164223
129,26,17,38,89,10,18,147,71,19.672531769305962
127,30,17,51,94,7,16,128,50,19.696969696969695
137,28,17,45,101,15,20,137,52,19.72140762463343
118,39,16,40,88,11,22,138,65,19.745845552297165
136,35,10,51,87,10,15,134,53,19.7702834799609
113,39,14,36,81,17,18,149,70,19.794721407624632
124,32,16,43,86,12,17,142,51,19.81915933528837
134,38,13,43,108,21,22,131,58,19.843597262952102
112,39,21,35,101,11,23,125,62,19.868035190615835
130,39,19,46,83,20,21,137,74,19.892473118279568
117,42,17,36,81,10,20,121,54,19.916911045943305
124,27,16,34,95,16,14,126,58,19.941348973607038
105,26,11,30,91,12,19,136,67,19.96578690127077
132,31,14,48,101,14,14,136,52,19.990224828934505
117,33,15,46,93,14,18,149,64,20.01466275659824
109,31,16,44,87,10,23,122,49,20.039100684261975
134,38,21,36,84,9,17,124,54,20.063538611925708
129,45,14,50,84,13,21,140,52,20.08797653958944
107,38,16,46,82,10,17,120,54,20.112414467253178
121,27,15,47,81,17,23,131,61,20.13685239491691
102,30,13,36,86,9,19,125,53,20.161290322580644
108,27,17,35,85,21,20,115,44,20.185728250244377
113,27,10,37,74,16,7,145,49,20.210166177908114
88,35,15,45,82,18,12,143,52,20.234604105571847
115,35,17,49,96,13,21,126,58,20.25904203323558
111,31,17,44,77,16,13,129,46,20.283479960899314
123,27,12,41,84,16,23,114,62,20.30791788856305
102,32,12,44,74,20,13,135,42,20.332355816226784
120,34,21,32,86,12,16,133,56,20.356793743890517
125,32,12,33,87,15,9,138,50,20.38123167155425
124,35,14,41,82,12,7,118,52,20.405669599217987
118,36,13,29,91,13,12,154,51,20.43010752688172
130,33,15,40,94,7,11,124,65,20.454545454545453
105,43,11,44,94,13,23,149,50,20.478983382209186
100,33,21,42,86,7,25,123,53,20.503421309872923
108,32,18,40,79,16,19,116,56,20.527859237536656
115,46,17,39,84,15,15,126,48,20.55229716520039
110,42,17,43,93,16,16,133,56,20.576735092864123
110,25,15,45,81,13,14,113,43,20.60117302052786
98,41,15,30,96,15,21,131,55,20.625610948191593
107,42,18,38,78,20,17,114,47,20.650048875855326
116,36,18,37,72,12,16,133,49,20.67448680351906
111,38,13,33,85,8,17,133,42,20.698924731182796
125,36,14,36,89,16,14,121,50,20.72336265884653
100,31,19,37,90,11,19,115,53,20.747800586510262
100,35,17,36,71,11,17,121,52,20.772238514173996
107,29,14,47,84,10,10,145,47,20.796676441837732
102,43,13,33,77,12,14,106,57,20.821114369501466
104,35,11,40,69,7,18,133,48,20.8455522971652
99,31,15,42,76,16,12,124,39,20.869990224828936
98,33,11,36,82,14,24,107,60,20.89442815249267
92,36,21,34,76,7,14,130,53,20.918866080156402
93,23,11,34,82,7,20,108,62,20.943304007820135
98,39,16,47,69,11,18,130,43,20.967741935483872
102,36,19,39,66,12,22,117,49,20.992179863147605
116,19,12,33,74,9,16,130,60,21.01661779081134
100,37,13,40,82,15,14,116,45,21.04105571847507
103,32,14,36,78,11,17,109,51,21.06549364613881
101,32,13,50,73,10,12,116,48,21.08993157380254
101,36,13,31,70,8,13,112,33,21.114369501466275
87,32,16,38,72,5,10,123,61,21.138807429130008
109,33,8,33,75,9,21,114,35,21.163245356793745
97,34,12,37,73,11,16,122,48,21.187683284457478
104,31,17,36,71,15,18,81,54,21.21212121212121
101,31,19,41,66,15,21,108,44,21.236559139784944
92,38,10,36,80,23,15,113,51,21.26099706744868
108,24,11,25,65,8,13,97,50,21.285434995112414
102,33,11,34,70,15,22,105,47,21.309872922776147
88,34,13,41,66,9,13,107,52,21.33431085043988
82,34,16,33,57,19,8,110,45,21.358748778103617
100,30,12,38,78,13,23,104,54,21.38318670576735
87,29,9,47,87,19,17,111,46,21.407624633431084
79,23,12,44,79,13,14,105,45,21.432062561094817
79,36,14,36,62,12,13,103,45,21.456500488758554
105,31,6,38,77,13,16,100,35,21.480938416422287
99,20,12,40,57,14,21,108,51,21.50537634408602
98,29,15,39,77,4,28,115,35,21.529814271749753
101,35,7,30,64,15,27,105,39,21.55425219941349
91,23,14,34,63,13,17,121,41,21.578690127077223
107,29,20,31,72,7,24,119,53,21.603128054740957
116,33,15,26,69,10,10,101,34,21.62756598240469
97,21,12,29,61,19,12,98,44,21.652003910068427
91,31,12,33,66,8,16,94,44,21.67644183773216
103,31,10,31,74,12,22,86,33,21.700879765395893
94,19,11,26,67,13,12,106,38,21.725317693059626
95,25,15,34,73,14,12,90,43,21.749755620723363
94,30,7,43,66,12,16,91,45,21.774193548387096
101,27,11,34,78,16,12,112,36,21.79863147605083
101,46,18,40,77,15,18,102,54,21.823069403714562
114,35,16,39,81,20,20,143,58,21.8475073313783
113,32,10,32,86,8,16,107,58,21.871945259042032
114,38,8,41,85,12,22,133,44,21.896383186705766
142,37,16,50,78,11,17,156,54,21.920821114369502
136,41,26,60,90,9,23,135,68,21.945259042033236
175,51,20,78,125,12,27,172,77,21.96969696969697
245,75,18,74,143,18,25,235,90,21.994134897360702
313,74,24,123,226,29,31,339,127,22.01857282502444
446,103,33,178,293,36,54,481,191,22.043010752688172
594,142,47,257,395,33,70,614,263,22.067448680351905
800,226,57,324,582,49,89,931,391,22.09188660801564
1118,264,74,424,797,77,120,1302,495,22.116324535679375
1555,363,95,468,1040,109,151,1666,671,22.14076246334311
1825,500,147,614,1315,118,202,2153,800,22.16520039100684
2255,587,172,758,1578,136,223,2570,994,22.189638318670575
2551,673,212,782,1772,136,257,2858,1148,22.21407624633431
2913,786,188,869,1984,142,297,3155,1234,22.238514173998045
2920,753,197,911,2161,163,286,3265,1283,22.262952101661778
3178,885,237,903,2259,161,282,3582,1361,22.28739002932551
3236,847,236,967,2215,162,341,3530,1472,22.311827956989248
3222,779,211,964,2279,189,341,3559,1350,22.33626588465298
3114,797,224,920,2214,169,316,3459,1387,22.360703812316714
3087,786,188,927,2163,169,274,3445,1361,22.385141739980448
2939,770,217,909,2175,168,328,3390,1377,22.409579667644184
3017,781,219,883,2098,142,308,3341,1354,22.434017595307918
2882,681,222,875,2097,165,329,3256,1291,22.45845552297165
2731,750,199,891,2064,150,277,3196,1199,22.482893450635384
2830,754,226,790,1988,175,296,3075,1263,22.50733137829912
2850,723,200,786,1954,147,277,2983,1239,22.531769305962854
2655,665,178,788,1947,150,295,3145,1182,22.556207233626587
2716,670,193,848,1807,185,285,2966,1215,22.58064516129032
2672,661,187,790,1912,134,276,3039,1212,22.605083088954057
2581,652,182,802,1911,150,247,2935,1142,22.62952101661779
2454,691,179,761,1799,149,239,2855,1156,22.653958944281523
2464,669,185,765,1687,127,252,2943,1120,22.678396871945257
2580,656,180,763,1771,151,259,2809,1140,22.702834799608993
2361,641,183,768,1721,124,251,2721,1066,22.727272727272727
2414,593,180,732,1736,139,262,2803,1055,22.75171065493646
2403,622,170,709,1743,142,233,2697,1049,22.776148582600193
2356,637,190,715,1653,147,220,2657,1063,22.80058651026393
2432,658,190,714,1701,132,275,2639,1020,22.825024437927663
2382,568,176,733,1676,113,227,2677,1039,22.849462365591396
2330,622,162,706,1701,106,246,2648,1020,22.87390029325513
2315,628,185,653,1692,130,208,2569,1048,22.898338220918866
2355,592,173,725,1613,134,234,2659,999,22.9227761485826
2249,570,169,709,1710,141,222,2606,945,22.947214076246333
2387,568,151,710,1601,117,240,2620,976,22.97165200391007
2244,593,181,685,1598,115,235,2500,1018,22.996089931573803
2208,609,197,658,1578,106,236,2448,1002,23.020527859237536
2215,593,175,661,1617,135,217,2444,946,23.04496578690127
2144,555,171,663,1468,144,223,2556,989,23.069403714565006
2221,580,165,643,1635,129,205,2435,981,23.09384164222874
2224,517,156,691,1612,110,240,2361,947,23.118279569892472
2220,617,133,668,1547,122,206,2442,947,23.142717497556205
2159,559,132,624,1493,123,250,2425,973,23.167155425219942
2166,554,156,674,1612,124,218,2454,980,23.191593352883675
2214,577,149,667,1537,112,215,2399,940,23.21603128054741
2131,543,159,632,1469,138,211,2426,994,23.24046920821114
2135,549,169,650,1570,105,210,2449,926,23.26490713587488
2089,514,159,686,1501,125,233,2416,918,23.28934506353861
2078,586,156,620,1566,134,223,2303,973,23.313782991202345
2102,547,165,696,1471,126,225,2336,946,23.338220918866078
2038,554,129,635,1528,121,196,2305,918,23.362658846529815
2147,526,159,666,1453,129,212,2279,929,23.387096774193548
2039,553,163,690,1533,104,200,2265,912,23.41153470185728
2064,567,158,624,1466,98,194,2344,904,23.435972629521014
2540,663,155,786,1868,173,251,2934,1108,23.46041055718475
3318,801,218,903,2138,174,348,3457,1435,23.484848484848484
3120,860,199,955,2256,182,326,3466,1385,23.509286412512218
3150,816,230,1000,2184,170,313,3571,1327,23.53372434017595
3076,819,221,958,2224,172,299,3439,1320,23.558162267839688
3013,762,212,952,2086,169,297,3392,1319,23.58260019550342
2978,786,213,881,2159,196,305,3334,1268,23.607038123167154
2972,778,217,909,2147,178,296,3297,1277,23.631476050830887
2985,754,238,915,2000,180,297,3220,1211,23.655913978494624
2907,795,214,837,1995,170,297,3215,1287,23.680351906158357
2867,705,206,826,1911,161,332,3252,1307,23.70478983382209
2866,734,210,866,2049,165,293,3120,1215,23.729227761485824
2804,663,228,871,1861,159,284,3024,1169,23.75366568914956
2769,735,219,825,1902,148,298,3058,1230,23.778103616813294
2667,708,208,838,1987,152,284,3090,1142,23.802541544477027
2604,701,218,753,1890,136,260,2911,1236,23.82697947214076
2590,717,200,811,1900,164,300,2950,1157,23.851417399804497
2576,684,186,755,1853,141,250,2979,1159,23.87585532746823
2600,668,218,753,1854,143,265,2937,1133,23.900293255131963
2500,645,204,762,1847,136,240,2860,1099,23.924731182795696
2507,698,183,730,1788,150,251,2838,1155,23.949169110459433
2473,682,163,751,1811,164,249,2777,1047,23.973607038123166
2531,673,171,751,1752,129,233,2670,1077,23.9980449657869
2396,627,158,758,1711,154,251,2744,1099,24.022482893450636
2346,624,187,725,1758,141,245,2774,1089,24.04692082111437
2367,622,172,722,1709,141,232,2631,979,24.071358748778103
2369,637,165,754,1615,119,250,2601,1027,24.095796676441836
2338,572,174,698,1645,150,235,2526,1022,24.120234604105573
2289,584,152,737,1661,134,234,2611,1029,24.144672531769306
2229,549,150,711,1670,143,219,2502,1041,24.16911045943304
2190,600,182,663,1580,123,204,2592,956,24.193548387096772
2182,586,165,706,1585,136,249,2502,1003,24.21798631476051
2218,559,154,680,1596,139,224,2487,950,24.242424242424242
2102,560,151,666,1520,116,199,2435,973,24.266862170087975
2111,509,173,682,1553,134,222,2367,956,24.29130009775171
2091,521,171,632,1513,118,217,2330,945,24.315738025415445
2100,557,151,649,1504,96,219,2375,944,24.34017595307918
2106,554,165,665,1485,120,198,2270,897,24.364613880742912
2046,528,126,589,1436,104,202,2303,871,24.389051808406645
2060,519,150,640,1402,132,224,2267,882,24.41348973607038
1988,496,153,648,1440,121,215,2158,848,24.437927663734115
2021,537,133,600,1400,122,210,2190,891,24.462365591397848
1915,535,145,571,1376,120,200,2095,885,24.48680351906158
1924,447,149,574,1368,117,204,2084,808,24.511241446725318
1883,470,132,571,1327,111,229,2191,807,24.53567937438905
1876,448,144,549,1382,84,199,2181,807,24.560117302052785
1864,511,126,559,1303,100,182,2102,818,24.584555229716518
1802,452,167,577,1302,114,204,1992,772,24.608993157380255
1785,466,118,538,1319,97,183,2028,799,24.633431085043988
1755,431,113,556,1286,109,191,1958,811,24.65786901270772
1761,433,117,542,1179,101,182,2016,807,24.682306940371454
1748,443,139,514,1233,93,163,1908,725,24.70674486803519
1645,456,138,526,1224,112,167,1894,724,24.731182795698924
1688,431,128,541,1159,100,196,1888,719,24.755620723362657
1655,440,134,514,1204,107,145,1877,752,24.78005865102639
1678,402,123,474,1208,98,180,1851,697,24.804496578690127
1608,456,108,492,1169,107,175,1826,732,24.82893450635386
1526,426,122,465,1164,86,164,1817,669,24.853372434017594
1650,401,122,455,1090,100,150,1676,683,24.877810361681327
1590,422,94,472,1104,94,160,1669,708,24.902248289345064
1521,423,114,423,1138,91,143,1777,674,24.926686217008797
1488,413,110,491,1061,97,172,1749,647,24.95112414467253
1461,382,113,491,1110,85,185,1646,671,24.975562072336263
1535,409,98,429,1093,88,146,1666,611,25.0
