,pe-1-0-4_0Grad,1-4-0_mit triton,Time,AF
0,12,14,0.0,3
1,11,11,0.024437927663734114,8
2,11,15,0.04887585532746823,5
3,15,18,0.07331378299120234,9
4,20,18,0.09775171065493646,5
5,19,13,0.12218963831867058,8
6,15,23,0.14662756598240467,5
7,18,12,0.1710654936461388,6
8,7,17,0.19550342130987292,10
9,19,19,0.21994134897360704,5
10,19,12,0.24437927663734116,11
11,21,14,0.26881720430107525,9
12,18,18,0.29325513196480935,7
13,21,16,0.3176930596285435,8
14,15,17,0.3421309872922776,3
15,19,19,0.36656891495601174,8
16,27,13,0.39100684261974583,8
17,12,18,0.4154447702834799,10
18,11,21,0.4398826979472141,12
19,26,19,0.46432062561094817,11
20,17,17,0.4887585532746823,6
21,17,21,0.5131964809384164,5
22,20,7,0.5376344086021505,10
23,15,18,0.5620723362658846,9
24,19,15,0.5865102639296187,9
25,28,18,0.6109481915933529,9
26,21,9,0.635386119257087,10
27,28,14,0.6598240469208211,8
28,19,24,0.6842619745845552,8
29,15,11,0.7086999022482893,8
30,21,20,0.7331378299120235,5
31,26,18,0.7575757575757576,13
32,18,22,0.7820136852394917,6
33,14,20,0.8064516129032258,12
34,17,13,0.8308895405669598,12
35,13,19,0.855327468230694,9
36,25,23,0.8797653958944281,6
37,17,11,0.9042033235581622,14
38,17,12,0.9286412512218963,4
39,22,18,0.9530791788856304,7
40,29,16,0.9775171065493646,6
41,20,12,1.0019550342130987,15
42,16,15,1.0263929618768328,4
43,22,18,1.050830889540567,7
44,15,12,1.075268817204301,8
45,15,19,1.099706744868035,12
46,19,13,1.1241446725317692,8
47,14,15,1.1485826001955033,11
48,20,13,1.1730205278592374,13
49,24,22,1.1974584555229717,5
50,25,21,1.2218963831867058,8
51,20,16,1.2463343108504399,13
52,23,14,1.270772238514174,9
53,16,14,1.295210166177908,10
54,19,22,1.3196480938416422,11
55,19,18,1.3440860215053763,10
56,20,17,1.3685239491691104,5
57,19,13,1.3929618768328444,13
58,19,26,1.4173998044965785,9
59,13,18,1.4418377321603129,6
60,20,21,1.466275659824047,8
61,21,12,1.490713587487781,12
62,19,23,1.5151515151515151,12
63,14,23,1.5395894428152492,13
64,26,19,1.5640273704789833,5
65,12,16,1.5884652981427174,7
66,18,13,1.6129032258064515,7
67,17,13,1.6373411534701856,8
68,14,17,1.6617790811339197,8
69,15,13,1.6862170087976538,11
70,23,12,1.710654936461388,4
71,14,7,1.7350928641251222,18
72,12,19,1.7595307917888563,9
73,15,10,1.7839687194525904,12
74,11,14,1.8084066471163245,14
75,17,13,1.8328445747800586,20
76,14,17,1.8572825024437927,11
77,17,9,1.8817204301075268,13
78,16,13,1.9061583577712609,23
79,19,14,1.930596285434995,18
80,11,15,1.9550342130987293,22
81,15,19,1.9794721407624634,24
82,19,23,2.0039100684261975,26
83,15,20,2.0283479960899315,35
84,20,17,2.0527859237536656,36
85,11,17,2.0772238514173997,44
86,12,29,2.101661779081134,50
87,11,26,2.126099706744868,62
88,14,18,2.150537634408602,87
89,20,33,2.174975562072336,104
90,15,33,2.19941348973607,119
91,12,39,2.2238514173998043,155
92,19,44,2.2482893450635384,228
93,14,76,2.2727272727272725,309
94,26,90,2.2971652003910066,513
95,25,134,2.3216031280547407,813
96,26,236,2.3460410557184748,1204
97,28,362,2.3704789833822093,1925
98,42,513,2.3949169110459434,2965
99,49,746,2.4193548387096775,4141
100,74,888,2.4437927663734116,5450
101,98,1110,2.4682306940371457,6599
102,138,1222,2.4926686217008798,7492
103,169,1391,2.517106549364614,8111
104,172,1317,2.541544477028348,7857
105,214,1121,2.565982404692082,7149
106,259,1090,2.590420332355816,6014
107,219,874,2.6148582600195502,5043
108,292,725,2.6392961876832843,3909
109,320,613,2.6637341153470184,2936
110,247,485,2.6881720430107525,2264
111,285,393,2.7126099706744866,1651
112,263,324,2.7370478983382207,1324
113,296,310,2.761485826001955,895
114,258,282,2.785923753665689,714
115,239,256,2.810361681329423,556
116,268,270,2.834799608993157,449
117,266,240,2.859237536656891,327
118,261,214,2.8836754643206257,308
119,261,230,2.90811339198436,240
120,262,236,2.932551319648094,238
121,237,198,2.956989247311828,190
122,263,242,2.981427174975562,150
123,238,248,3.005865102639296,129
124,269,230,3.0303030303030303,122
125,247,206,3.0547409579667644,108
126,250,178,3.0791788856304985,118
127,221,215,3.1036168132942326,82
128,201,236,3.1280547409579667,92
129,208,207,3.1524926686217007,73
130,211,187,3.176930596285435,77
131,199,192,3.201368523949169,90
132,214,227,3.225806451612903,71
133,220,194,3.250244379276637,71
134,245,212,3.274682306940371,64
135,200,206,3.2991202346041053,62
136,211,219,3.3235581622678394,68
137,194,215,3.3479960899315735,84
138,192,196,3.3724340175953076,91
139,183,191,3.396871945259042,87
140,202,200,3.421309872922776,81
141,227,205,3.4457478005865103,105
142,194,195,3.4701857282502444,109
143,192,202,3.4946236559139785,90
144,172,191,3.5190615835777126,124
145,196,196,3.5434995112414467,109
146,192,191,3.567937438905181,127
147,184,212,3.592375366568915,130
148,191,220,3.616813294232649,126
149,201,193,3.641251221896383,112
150,203,189,3.665689149560117,104
151,178,202,3.6901270772238512,108
152,205,172,3.7145650048875853,100
153,222,143,3.7390029325513194,91
154,186,179,3.7634408602150535,74
155,207,190,3.7878787878787876,56
156,195,182,3.8123167155425217,48
157,199,185,3.836754643206256,49
158,164,164,3.86119257086999,55
159,184,203,3.885630498533724,40
160,170,197,3.9100684261974585,52
161,198,165,3.9345063538611926,37
162,193,197,3.9589442815249267,51
163,190,163,3.983382209188661,40
164,188,211,4.007820136852395,41
165,179,153,4.032258064516129,27
166,190,152,4.056695992179863,36
167,188,153,4.081133919843597,30
168,168,170,4.105571847507331,29
169,165,168,4.130009775171065,22
170,161,161,4.1544477028347995,24
171,190,164,4.178885630498534,29
172,180,169,4.203323558162268,19
173,181,157,4.227761485826002,24
174,182,167,4.252199413489736,24
175,183,158,4.27663734115347,16
176,162,161,4.301075268817204,24
177,164,157,4.325513196480938,30
178,164,145,4.349951124144672,19
179,157,162,4.374389051808406,23
180,191,164,4.39882697947214,14
181,162,159,4.4232649071358745,22
182,160,145,4.447702834799609,21
183,168,165,4.472140762463343,20
184,166,155,4.496578690127077,18
185,164,132,4.521016617790811,21
186,155,148,4.545454545454545,19
187,156,155,4.569892473118279,26
188,176,139,4.594330400782013,22
189,157,162,4.618768328445747,8
190,152,151,4.643206256109481,15
191,167,131,4.667644183773215,16
192,148,141,4.6920821114369495,20
193,160,146,4.7165200391006845,17
194,151,177,4.740957966764419,17
195,156,142,4.765395894428153,23
196,172,155,4.789833822091887,19
197,154,139,4.814271749755621,14
198,158,132,4.838709677419355,19
199,162,141,4.863147605083089,13
200,157,140,4.887585532746823,15
201,136,145,4.912023460410557,15
202,163,132,4.936461388074291,16
203,146,160,4.9608993157380255,13
204,131,117,4.9853372434017595,19
205,162,133,5.009775171065494,10
206,155,116,5.034213098729228,7
207,163,143,5.058651026392962,19
208,161,137,5.083088954056696,10
209,136,130,5.10752688172043,11
210,120,152,5.131964809384164,17
211,153,135,5.156402737047898,15
212,129,105,5.180840664711632,15
213,145,124,5.205278592375366,11
214,147,127,5.2297165200391005,11
215,148,134,5.254154447702835,11
216,131,120,5.278592375366569,15
217,146,142,5.303030303030303,16
218,137,129,5.327468230694037,17
219,144,113,5.351906158357771,17
220,133,113,5.376344086021505,13
221,136,102,5.400782013685239,13
222,159,109,5.425219941348973,17
223,140,121,5.449657869012707,18
224,122,117,5.474095796676441,15
225,155,105,5.4985337243401755,12
226,132,119,5.52297165200391,10
227,135,106,5.547409579667644,14
228,130,112,5.571847507331378,13
229,142,110,5.596285434995112,13
230,136,128,5.620723362658846,23
231,123,94,5.64516129032258,7
232,130,103,5.669599217986314,9
233,135,131,5.694037145650048,19
234,135,125,5.718475073313782,11
235,141,130,5.742913000977517,5
236,141,103,5.767350928641251,12
237,144,109,5.7917888563049855,10
238,154,116,5.81622678396872,17
239,135,99,5.840664711632454,9
240,138,113,5.865102639296188,14
241,135,109,5.889540566959922,14
242,131,113,5.913978494623656,8
243,120,103,5.93841642228739,8
244,119,110,5.962854349951124,9
245,147,110,5.987292277614858,9
246,116,120,6.011730205278592,11
247,115,107,6.0361681329423265,11
248,129,95,6.0606060606060606,13
249,139,104,6.085043988269795,5
250,123,101,6.109481915933529,16
251,99,114,6.133919843597263,15
252,98,93,6.158357771260997,16
253,119,102,6.182795698924731,4
254,120,101,6.207233626588465,10
255,130,104,6.231671554252199,3
256,147,119,6.256109481915933,11
257,124,101,6.280547409579667,19
258,126,104,6.3049853372434015,11
259,136,88,6.329423264907136,9
260,115,113,6.35386119257087,10
261,120,101,6.378299120234604,8
262,126,111,6.402737047898338,17
263,121,113,6.427174975562072,8
264,113,99,6.451612903225806,7
265,116,123,6.47605083088954,10
266,117,95,6.500488758553274,8
267,102,100,6.524926686217008,10
268,93,91,6.549364613880742,10
269,135,96,6.5738025415444765,14
270,95,84,6.598240469208211,12
271,110,101,6.622678396871945,15
272,116,91,6.647116324535679,9
273,110,91,6.671554252199413,15
274,122,92,6.695992179863147,8
275,111,78,6.720430107526881,11
276,102,117,6.744868035190615,8
277,115,99,6.769305962854349,15
278,118,106,6.793743890518084,8
279,110,78,6.818181818181818,9
280,114,70,6.842619745845552,11
281,106,98,6.8670576735092865,12
282,117,82,6.891495601173021,12
283,117,96,6.915933528836755,7
284,99,93,6.940371456500489,13
285,106,100,6.964809384164223,9
286,97,86,6.989247311827957,7
287,101,76,7.013685239491691,14
288,126,89,7.038123167155425,5
289,121,100,7.062561094819159,11
290,95,86,7.086999022482893,16
291,105,86,7.1114369501466275,9
292,118,82,7.135874877810362,10
293,139,80,7.160312805474096,11
294,107,71,7.18475073313783,14
295,108,82,7.209188660801564,4
296,80,99,7.233626588465298,5
297,103,97,7.258064516129032,14
298,94,97,7.282502443792766,13
299,98,94,7.3069403714565,7
300,88,66,7.331378299120234,9
301,109,83,7.355816226783968,6
302,95,83,7.3802541544477025,10
303,107,92,7.404692082111437,9
304,112,94,7.429130009775171,9
305,84,93,7.453567937438905,5
306,108,79,7.478005865102639,4
307,120,68,7.502443792766373,9
308,98,87,7.526881720430107,8
309,96,89,7.551319648093841,13
310,101,82,7.575757575757575,12
311,107,74,7.600195503421309,12
312,91,95,7.624633431085043,11
313,95,81,7.6490713587487775,8
314,88,72,7.673509286412512,13
315,91,69,7.697947214076246,7
316,75,87,7.72238514173998,11
317,88,73,7.746823069403714,11
318,89,78,7.771260997067448,7
319,77,72,7.795698924731182,8
320,97,72,7.820136852394917,4
321,96,67,7.844574780058651,8
322,89,81,7.869012707722385,10
323,96,80,7.893450635386119,4
324,91,68,7.9178885630498534,7
325,83,74,7.9423264907135875,10
326,94,68,7.966764418377322,11
327,95,64,7.991202346041056,11
328,88,89,8.01564027370479,16
329,87,68,8.040078201368523,7
330,94,66,8.064516129032258,8
331,106,66,8.088954056695991,7
332,73,68,8.113391984359726,16
333,78,70,8.13782991202346,6
334,86,73,8.162267839687194,10
335,102,62,8.186705767350928,9
336,89,78,8.211143695014663,9
337,92,76,8.235581622678396,7
338,92,89,8.26001955034213,9
339,84,70,8.284457478005864,12
340,80,68,8.308895405669599,5
341,80,80,8.333333333333332,12
342,96,71,8.357771260997067,1
343,80,60,8.382209188660802,4
344,84,62,8.406647116324535,10
345,89,62,8.43108504398827,8
346,81,68,8.455522971652004,7
347,76,66,8.479960899315738,5
348,74,71,8.504398826979472,8
349,87,65,8.528836754643207,8
350,85,68,8.55327468230694,6
351,73,63,8.577712609970675,9
352,82,77,8.602150537634408,10
353,80,62,8.626588465298143,13
354,97,67,8.651026392961876,4
355,84,69,8.675464320625611,6
356,96,48,8.699902248289344,9
357,68,55,8.72434017595308,4
358,72,48,8.748778103616813,11
359,92,50,8.773216031280548,9
360,75,68,8.79765395894428,10
361,92,76,8.822091886608016,7
362,72,60,8.846529814271749,12
363,81,50,8.870967741935484,5
364,72,67,8.895405669599217,8
365,79,51,8.919843597262952,8
366,70,62,8.944281524926685,8
367,95,69,8.96871945259042,4
368,96,64,8.993157380254154,15
369,96,62,9.017595307917889,12
370,67,52,9.042033235581622,9
371,75,62,9.066471163245357,8
372,75,53,9.09090909090909,8
373,72,70,9.115347018572825,8
374,92,66,9.139784946236558,14
375,63,61,9.164222873900293,7
376,86,62,9.188660801564026,8
377,79,71,9.213098729227761,10
378,88,71,9.237536656891495,5
379,74,51,9.26197458455523,12
380,72,61,9.286412512218963,7
381,74,63,9.310850439882698,16
382,51,54,9.33528836754643,9
383,81,57,9.359726295210166,12
384,79,47,9.384164222873899,4
385,77,64,9.408602150537634,7
386,68,56,9.433040078201369,13
387,67,65,9.457478005865102,9
388,84,39,9.481915933528837,10
389,78,52,9.50635386119257,6
390,69,53,9.530791788856305,9
391,78,54,9.555229716520039,9
392,58,55,9.579667644183774,10
393,65,57,9.604105571847507,13
394,84,53,9.628543499511242,14
395,63,42,9.652981427174975,7
396,86,44,9.67741935483871,8
397,64,59,9.701857282502443,6
398,71,59,9.726295210166178,11
399,75,55,9.750733137829911,5
400,71,47,9.775171065493646,8
401,59,53,9.79960899315738,12
402,69,54,9.824046920821115,11
403,79,52,9.848484848484848,7
404,57,39,9.872922776148583,12
405,65,57,9.897360703812316,8
406,69,59,9.921798631476051,9
407,68,61,9.946236559139784,6
408,68,55,9.970674486803519,6
409,71,52,9.995112414467252,6
410,62,58,10.019550342130987,6
411,70,58,10.04398826979472,6
412,72,65,10.068426197458455,7
413,63,66,10.092864125122189,7
414,77,59,10.117302052785924,8
415,57,53,10.141739980449657,2
416,75,55,10.166177908113392,4
417,70,44,10.190615835777125,8
418,52,47,10.21505376344086,10
419,84,56,10.239491691104593,9
420,51,42,10.263929618768328,7
421,69,60,10.288367546432061,8
422,47,35,10.312805474095796,5
423,58,54,10.33724340175953,9
424,68,49,10.361681329423265,9
425,56,50,10.386119257086998,8
426,58,39,10.410557184750733,13
427,67,56,10.434995112414468,6
428,54,45,10.459433040078201,4
429,70,55,10.483870967741936,10
430,71,53,10.50830889540567,9
431,56,48,10.532746823069404,15
432,69,42,10.557184750733137,9
433,65,53,10.581622678396872,11
434,62,52,10.606060606060606,8
435,62,45,10.63049853372434,10
436,61,43,10.654936461388074,9
437,68,52,10.679374389051809,10
438,66,55,10.703812316715542,8
439,67,45,10.728250244379277,8
440,62,35,10.75268817204301,12
441,56,45,10.777126099706745,8
442,46,39,10.801564027370478,12
443,56,39,10.826001955034213,4
444,53,37,10.850439882697946,5
445,58,43,10.874877810361681,8
446,58,46,10.899315738025415,7
447,57,42,10.92375366568915,7
448,50,48,10.948191593352883,11
449,53,42,10.972629521016618,8
450,54,49,10.997067448680351,10
451,44,47,11.021505376344086,6
452,50,60,11.04594330400782,11
453,57,46,11.070381231671554,10
454,54,37,11.094819159335287,5
455,46,48,11.119257086999022,11
456,46,54,11.143695014662756,9
457,62,47,11.16813294232649,12
458,43,47,11.192570869990224,10
459,50,37,11.217008797653959,7
460,42,42,11.241446725317692,12
461,54,47,11.265884652981427,8
462,44,49,11.29032258064516,9
463,59,44,11.314760508308895,7
464,59,42,11.339198435972628,8
465,49,49,11.363636363636363,9
466,51,38,11.388074291300097,8
467,62,36,11.412512218963832,7
468,53,48,11.436950146627565,6
469,57,33,11.4613880742913,6
470,46,34,11.485826001955035,8
471,64,36,11.510263929618768,7
472,47,48,11.534701857282503,11
473,59,47,11.559139784946236,14
474,44,45,11.583577712609971,9
475,51,47,11.608015640273704,8
476,50,52,11.63245356793744,9
477,58,56,11.656891495601172,6
478,58,52,11.681329423264907,9
479,56,25,11.70576735092864,10
480,55,46,11.730205278592376,7
481,47,43,11.754643206256109,10
482,43,54,11.779081133919844,7
483,52,38,11.803519061583577,9
484,54,43,11.827956989247312,14
485,57,36,11.852394916911045,7
486,42,41,11.87683284457478,9
487,62,46,11.901270772238513,2
488,64,28,11.925708699902248,12
489,46,50,11.950146627565982,7
490,50,35,11.974584555229717,9
491,64,36,11.99902248289345,6
492,45,40,12.023460410557185,19
493,38,31,12.047898338220918,4
494,44,50,12.072336265884653,12
495,71,35,12.096774193548386,7
496,52,47,12.121212121212121,8
497,46,49,12.145650048875854,7
498,56,44,12.17008797653959,6
499,43,36,12.194525904203322,6
500,50,39,12.218963831867057,6
501,45,35,12.24340175953079,6
502,65,31,12.267839687194526,7
503,48,39,12.292277614858259,6
504,49,44,12.316715542521994,10
505,54,41,12.341153470185727,8
506,42,46,12.365591397849462,6
507,43,40,12.390029325513195,12
508,58,27,12.41446725317693,8
509,47,29,12.438905180840663,7
510,49,37,12.463343108504398,4
511,47,39,12.487781036168132,7
512,49,28,12.512218963831867,6
513,54,56,12.536656891495602,9
514,39,27,12.561094819159335,10
515,52,34,12.58553274682307,9
516,37,45,12.609970674486803,7
517,39,31,12.634408602150538,8
518,52,38,12.658846529814271,9
519,43,34,12.683284457478006,4
520,58,21,12.70772238514174,4
521,45,27,12.732160312805474,13
522,43,34,12.756598240469208,5
523,44,35,12.781036168132943,3
524,54,36,12.805474095796676,7
525,50,35,12.82991202346041,10
526,47,40,12.854349951124144,10
527,46,23,12.878787878787879,8
528,52,40,12.903225806451612,3
529,46,53,12.927663734115347,7
530,52,40,12.95210166177908,7
531,50,39,12.976539589442815,10
532,46,26,13.000977517106548,9
533,58,31,13.025415444770283,4
534,39,23,13.049853372434017,6
535,50,37,13.074291300097752,4
536,33,41,13.098729227761485,9
537,44,36,13.12316715542522,10
538,35,31,13.147605083088953,12
539,43,29,13.172043010752688,9
540,39,46,13.196480938416421,10
541,47,42,13.220918866080156,5
542,57,30,13.24535679374389,8
543,39,38,13.269794721407624,10
544,50,27,13.294232649071358,2
545,44,38,13.318670576735093,7
546,40,41,13.343108504398826,6
547,41,34,13.36754643206256,5
548,41,35,13.391984359726294,6
549,33,26,13.416422287390029,9
550,41,26,13.440860215053762,5
551,42,39,13.465298142717497,11
552,41,35,13.48973607038123,10
553,31,30,13.514173998044965,5
554,50,37,13.538611925708699,10
555,30,31,13.563049853372434,10
556,39,33,13.587487781036168,14
557,44,30,13.611925708699902,12
558,44,33,13.636363636363637,11
559,37,37,13.66080156402737,5
560,43,34,13.685239491691105,5
561,40,35,13.709677419354838,9
562,36,32,13.734115347018573,10
563,34,32,13.758553274682306,11
564,29,32,13.782991202346041,11
565,37,36,13.807429130009774,13
566,36,26,13.83186705767351,11
567,53,29,13.856304985337243,7
568,36,28,13.880742913000978,10
569,35,35,13.90518084066471,13
570,48,29,13.929618768328446,7
571,37,37,13.954056695992179,7
572,36,28,13.978494623655914,7
573,38,37,14.002932551319647,9
574,50,31,14.027370478983382,4
575,32,38,14.051808406647115,8
576,33,23,14.07624633431085,6
577,34,31,14.100684261974584,10
578,34,34,14.125122189638319,7
579,43,34,14.149560117302052,9
580,37,21,14.173998044965787,5
581,31,34,14.19843597262952,10
582,29,27,14.222873900293255,11
583,34,44,14.247311827956988,7
584,33,27,14.271749755620723,5
585,38,22,14.296187683284456,9
586,39,32,14.320625610948191,7
587,36,24,14.345063538611925,8
588,30,25,14.36950146627566,6
589,40,24,14.393939393939393,8
590,40,31,14.418377321603128,6
591,32,27,14.442815249266861,9
592,34,25,14.467253176930596,5
593,36,19,14.491691104594329,4
594,37,29,14.516129032258064,3
595,35,26,14.540566959921797,7
596,40,28,14.565004887585532,7
597,39,25,14.589442815249265,6
598,34,26,14.613880742913,11
599,30,22,14.638318670576735,8
600,30,39,14.662756598240469,6
601,39,31,14.687194525904204,15
602,33,23,14.711632453567937,8
603,38,27,14.736070381231672,11
604,29,29,14.760508308895405,4
605,30,29,14.78494623655914,6
606,43,20,14.809384164222873,7
607,43,35,14.833822091886608,10
608,30,30,14.858260019550341,14
609,39,23,14.882697947214076,15
610,30,26,14.90713587487781,9
611,41,24,14.931573802541545,6
612,35,24,14.956011730205278,10
613,33,27,14.980449657869013,6
614,35,24,15.004887585532746,8
615,40,28,15.029325513196481,4
616,30,34,15.053763440860214,10
617,35,16,15.078201368523949,12
618,30,26,15.102639296187682,7
619,19,26,15.127077223851417,3
620,29,28,15.15151515151515,4
621,38,30,15.175953079178885,8
622,30,17,15.200391006842619,9
623,29,35,15.224828934506354,8
624,31,23,15.249266862170087,9
625,20,31,15.273704789833822,10
626,42,31,15.298142717497555,7
627,24,22,15.32258064516129,14
628,38,24,15.347018572825023,6
629,36,22,15.371456500488758,7
630,22,24,15.395894428152491,12
631,32,32,15.420332355816226,6
632,25,28,15.44477028347996,7
633,50,20,15.469208211143695,4
634,29,28,15.493646138807428,4
635,24,23,15.518084066471163,4
636,28,27,15.542521994134896,5
637,40,23,15.566959921798631,11
638,35,17,15.591397849462364,7
639,27,30,15.6158357771261,16
640,27,19,15.640273704789834,5
641,24,30,15.664711632453567,6
642,30,26,15.689149560117302,7
643,20,24,15.713587487781036,7
644,30,16,15.73802541544477,14
645,39,31,15.762463343108504,11
646,29,22,15.786901270772239,9
647,26,20,15.811339198435972,12
648,26,31,15.835777126099707,10
649,28,26,15.86021505376344,9
650,23,23,15.884652981427175,11
651,30,28,15.909090909090908,12
652,30,24,15.933528836754643,7
653,33,24,15.957966764418376,10
654,21,26,15.982404692082111,10
655,32,27,16.006842619745846,10
656,24,18,16.03128054740958,6
657,31,37,16.055718475073313,13
658,33,25,16.080156402737046,10
659,26,27,16.104594330400783,9
660,28,18,16.129032258064516,13
661,26,21,16.15347018572825,9
662,26,21,16.177908113391982,14
663,30,27,16.20234604105572,6
664,33,19,16.226783968719452,6
665,23,27,16.251221896383186,14
666,35,30,16.27565982404692,9
667,31,26,16.300097751710656,7
668,31,21,16.32453567937439,4
669,25,20,16.348973607038122,8
670,23,23,16.373411534701855,4
671,27,24,16.397849462365592,7
672,27,19,16.422287390029325,7
673,30,24,16.44672531769306,7
674,26,29,16.47116324535679,5
675,19,25,16.49560117302053,6
676,27,21,16.52003910068426,8
677,33,18,16.544477028347995,10
678,26,17,16.568914956011728,12
679,30,27,16.593352883675465,8
680,27,25,16.617790811339198,10
681,17,20,16.64222873900293,9
682,34,23,16.666666666666664,10
683,28,25,16.6911045943304,14
684,17,25,16.715542521994134,4
685,24,17,16.739980449657867,5
686,25,16,16.764418377321604,13
687,35,17,16.788856304985337,11
688,26,30,16.81329423264907,11
689,26,23,16.837732160312804,5
690,29,19,16.86217008797654,5
691,32,20,16.886608015640274,7
692,29,21,16.911045943304007,14
693,22,16,16.93548387096774,14
694,36,16,16.959921798631477,8
695,22,24,16.98435972629521,13
696,29,20,17.008797653958943,8
697,29,21,17.033235581622677,0
698,24,11,17.057673509286413,7
699,23,16,17.082111436950147,7
700,26,21,17.10654936461388,8
701,16,11,17.130987292277613,11
702,24,21,17.15542521994135,7
703,22,20,17.179863147605083,8
704,20,23,17.204301075268816,5
705,17,26,17.22873900293255,4
706,25,21,17.253176930596286,6
707,25,18,17.27761485826002,6
708,23,30,17.302052785923753,6
709,24,24,17.326490713587486,7
710,26,15,17.350928641251222,5
711,24,14,17.375366568914956,7
712,29,19,17.39980449657869,10
713,20,19,17.424242424242422,14
714,22,22,17.44868035190616,11
715,38,15,17.473118279569892,7
716,31,21,17.497556207233625,3
717,28,20,17.52199413489736,7
718,36,19,17.546432062561095,11
719,20,19,17.57086999022483,9
720,23,15,17.59530791788856,9
721,22,25,17.619745845552295,8
722,17,18,17.64418377321603,6
723,31,18,17.668621700879765,3
724,18,18,17.693059628543498,3
725,15,18,17.71749755620723,3
726,26,11,17.741935483870968,15
727,32,18,17.7663734115347,4
728,23,22,17.790811339198434,8
729,19,18,17.81524926686217,7
730,18,19,17.839687194525904,7
731,25,20,17.864125122189638,7
732,23,19,17.88856304985337,8
733,19,17,17.913000977517108,2
734,27,15,17.93743890518084,4
735,23,36,17.961876832844574,13
736,21,23,17.986314760508307,5
737,20,25,18.010752688172044,6
738,16,19,18.035190615835777,11
739,18,20,18.05962854349951,8
740,21,21,18.084066471163244,5
741,20,20,18.10850439882698,11
742,26,18,18.132942326490713,12
743,21,24,18.157380254154447,5
744,21,16,18.18181818181818,8
745,19,25,18.206256109481917,9
746,24,28,18.23069403714565,10
747,21,21,18.255131964809383,11
748,24,16,18.279569892473116,8
749,30,22,18.304007820136853,11
750,25,15,18.328445747800586,4
751,24,17,18.35288367546432,11
752,22,19,18.377321603128053,4
753,18,18,18.40175953079179,5
754,19,29,18.426197458455523,8
755,17,19,18.450635386119256,9
756,19,18,18.47507331378299,10
757,22,24,18.499511241446726,10
758,23,15,18.52394916911046,10
759,10,25,18.548387096774192,11
760,20,17,18.572825024437925,9
761,21,21,18.597262952101662,5
762,32,19,18.621700879765395,7
763,21,15,18.64613880742913,10
764,16,19,18.67057673509286,5
765,28,28,18.6950146627566,9
766,31,26,18.71945259042033,8
767,24,16,18.743890518084065,5
768,17,19,18.768328445747798,6
769,17,18,18.792766373411535,14
770,17,21,18.817204301075268,7
771,23,20,18.841642228739,7
772,21,27,18.866080156402738,5
773,23,18,18.89051808406647,8
774,21,21,18.914956011730204,11
775,25,15,18.939393939393938,6
776,24,20,18.963831867057674,7
777,17,17,18.988269794721408,4
778,17,24,19.01270772238514,5
779,28,19,19.037145650048874,10
780,21,26,19.06158357771261,7
781,25,19,19.086021505376344,8
782,19,17,19.110459433040077,4
783,19,15,19.13489736070381,4
784,18,12,19.159335288367547,7
785,25,15,19.18377321603128,7
786,26,19,19.208211143695014,14
787,21,19,19.232649071358747,8
788,25,23,19.257086999022484,9
789,21,19,19.281524926686217,8
790,15,13,19.30596285434995,12
791,25,16,19.330400782013683,8
792,23,26,19.35483870967742,6
793,19,21,19.379276637341153,6
794,24,20,19.403714565004886,11
795,16,12,19.42815249266862,4
796,16,19,19.452590420332356,8
797,17,21,19.47702834799609,8
798,22,21,19.501466275659823,10
799,24,19,19.525904203323556,3
800,26,15,19.550342130987293,6
801,20,15,19.574780058651026,13
802,23,19,19.59921798631476,7
803,17,18,19.623655913978492,8
804,24,16,19.64809384164223,9
805,24,15,19.672531769305962,7
806,13,11,19.696969696969695,9
807,24,13,19.72140762463343,8
808,22,18,19.745845552297165,10
809,20,17,19.7702834799609,7
810,20,12,19.794721407624632,5
811,19,13,19.81915933528837,8
812,14,18,19.843597262952102,5
813,23,18,19.868035190615835,7
814,15,10,19.892473118279568,8
815,17,14,19.916911045943305,7
816,13,11,19.941348973607038,7
817,24,24,19.96578690127077,7
818,19,20,19.990224828934505,8
819,18,18,20.01466275659824,7
820,15,14,20.039100684261975,10
821,16,14,20.063538611925708,5
822,15,22,20.08797653958944,7
823,20,17,20.112414467253178,6
824,18,17,20.13685239491691,14
825,21,21,20.161290322580644,10
826,19,13,20.185728250244377,10
827,13,12,20.210166177908114,10
828,12,25,20.234604105571847,11
829,17,18,20.25904203323558,10
830,15,18,20.283479960899314,3
831,13,16,20.30791788856305,8
832,21,17,20.332355816226784,4
833,24,14,20.356793743890517,7
834,22,18,20.38123167155425,5
835,15,21,20.405669599217987,12
836,18,11,20.43010752688172,6
837,17,20,20.454545454545453,12
838,15,11,20.478983382209186,7
839,12,17,20.503421309872923,6
840,12,19,20.527859237536656,9
841,17,17,20.55229716520039,8
842,13,16,20.576735092864123,8
843,19,13,20.60117302052786,6
844,14,14,20.625610948191593,8
845,14,19,20.650048875855326,8
846,13,16,20.67448680351906,6
847,23,10,20.698924731182796,7
848,23,12,20.72336265884653,8
849,17,14,20.747800586510262,7
850,15,7,20.772238514173996,7
851,13,15,20.796676441837732,8
852,21,13,20.821114369501466,7
853,18,11,20.8455522971652,7
854,19,10,20.869990224828936,8
855,18,22,20.89442815249267,12
856,15,18,20.918866080156402,5
857,26,14,20.943304007820135,10
858,17,12,20.967741935483872,7
859,8,8,20.992179863147605,6
860,11,12,21.01661779081134,8
861,14,11,21.04105571847507,7
862,12,19,21.06549364613881,14
863,14,13,21.08993157380254,7
864,13,15,21.114369501466275,5
865,15,11,21.138807429130008,8
866,15,17,21.163245356793745,8
867,17,25,21.187683284457478,5
868,14,10,21.21212121212121,9
869,14,9,21.236559139784944,5
870,10,7,21.26099706744868,9
871,18,16,21.285434995112414,3
872,18,14,21.309872922776147,7
873,12,15,21.33431085043988,8
874,18,13,21.358748778103617,9
875,19,14,21.38318670576735,8
876,14,16,21.407624633431084,12
877,17,16,21.432062561094817,9
878,17,19,21.456500488758554,11
879,17,12,21.480938416422287,9
880,18,9,21.50537634408602,11
881,18,12,21.529814271749753,14
882,17,9,21.55425219941349,14
883,9,15,21.578690127077223,16
884,20,16,21.603128054740957,15
885,12,19,21.62756598240469,22
886,13,15,21.652003910068427,28
887,14,14,21.67644183773216,39
888,19,18,21.700879765395893,33
889,18,29,21.725317693059626,36
890,14,16,21.749755620723363,70
891,18,22,21.774193548387096,63
892,17,25,21.79863147605083,93
893,18,29,21.823069403714562,102
894,17,28,21.8475073313783,139
895,18,46,21.871945259042032,161
896,14,65,21.896383186705766,263
897,17,64,21.920821114369502,350
898,20,117,21.945259042033236,576
899,30,149,21.96969696969697,865
900,31,268,21.994134897360702,1458
901,34,381,22.01857282502444,2134
902,55,494,22.043010752688172,3161
903,68,728,22.067448680351905,4389
904,103,916,22.09188660801564,5747
905,136,1135,22.116324535679375,6810
906,152,1194,22.14076246334311,7612
907,160,1286,22.16520039100684,7924
908,209,1297,22.189638318670575,7557
909,240,1143,22.21407624633431,6947
910,262,1004,22.238514173998045,5969
911,234,888,22.262952101661778,4772
912,267,689,22.28739002932551,3708
913,262,560,22.311827956989248,2749
914,257,478,22.33626588465298,2047
915,266,383,22.360703812316714,1553
916,290,332,22.385141739980448,1107
917,231,300,22.409579667644184,900
918,253,302,22.434017595307918,603
919,238,252,22.45845552297165,476
920,251,261,22.482893450635384,395
921,245,238,22.50733137829912,356
922,238,289,22.531769305962854,257
923,274,260,22.556207233626587,259
924,249,227,22.58064516129032,176
925,253,248,22.605083088954057,186
926,237,250,22.62952101661779,147
927,252,205,22.653958944281523,121
928,228,219,22.678396871945257,115
929,218,244,22.702834799608993,96
930,247,203,22.727272727272727,78
931,225,238,22.75171065493646,87
932,220,224,22.776148582600193,86
933,188,214,22.80058651026393,88
934,205,216,22.825024437927663,79
935,218,227,22.849462365591396,73
936,212,194,22.87390029325513,75
937,217,205,22.898338220918866,71
938,214,229,22.9227761485826,71
939,227,200,22.947214076246333,80
940,195,191,22.97165200391007,83
941,216,196,22.996089931573803,84
942,203,210,23.020527859237536,83
943,213,176,23.04496578690127,101
944,218,193,23.069403714565006,103
945,211,221,23.09384164222874,122
946,194,205,23.118279569892472,104
947,204,226,23.142717497556205,119
948,196,233,23.167155425219942,130
949,204,209,23.191593352883675,141
950,214,200,23.21603128054741,117
951,178,198,23.24046920821114,112
952,206,206,23.26490713587488,114
953,195,195,23.28934506353861,114
954,200,185,23.313782991202345,106
955,202,170,23.338220918866078,103
956,187,183,23.362658846529815,74
957,180,203,23.387096774193548,68
958,197,161,23.41153470185728,49
959,203,185,23.435972629521014,53
960,246,217,23.46041055718475,47
961,314,285,23.484848484848484,55
962,311,289,23.509286412512218,47
963,282,267,23.53372434017595,60
964,286,269,23.558162267839688,54
965,285,246,23.58260019550342,51
966,312,223,23.607038123167154,45
967,281,222,23.631476050830887,49
968,303,265,23.655913978494624,54
969,290,214,23.680351906158357,47
970,282,223,23.70478983382209,34
971,272,240,23.729227761485824,40
972,258,233,23.75366568914956,38
973,271,244,23.778103616813294,39
974,268,213,23.802541544477027,25
975,229,237,23.82697947214076,27
976,244,251,23.851417399804497,31
977,248,243,23.87585532746823,36
978,229,228,23.900293255131963,28
979,239,226,23.924731182795696,20
980,243,185,23.949169110459433,23
981,229,200,23.973607038123166,36
982,248,199,23.9980449657869,29
983,215,237,24.022482893450636,20
984,226,207,24.04692082111437,27
985,212,217,24.071358748778103,32
986,220,205,24.095796676441836,25
987,237,204,24.120234604105573,27
988,235,185,24.144672531769306,25
989,239,204,24.16911045943304,23
990,235,184,24.193548387096772,17
991,223,208,24.21798631476051,21
992,219,178,24.242424242424242,31
993,221,195,24.266862170087975,21
994,189,200,24.29130009775171,21
995,173,174,24.315738025415445,18
996,223,167,24.34017595307918,23
997,215,201,24.364613880742912,18
998,195,184,24.389051808406645,26
999,179,152,24.41348973607038,15
1000,198,176,24.437927663734115,18
1001,163,179,24.462365591397848,6
1002,192,171,24.48680351906158,17
1003,174,185,24.511241446725318,20
1004,181,162,24.53567937438905,15
1005,164,165,24.560117302052785,21
1006,187,180,24.584555229716518,18
1007,172,153,24.608993157380255,12
1008,186,144,24.633431085043988,18
1009,175,127,24.65786901270772,15
1010,188,114,24.682306940371454,12
1011,171,123,24.70674486803519,21
1012,161,180,24.731182795698924,13
1013,192,149,24.755620723362657,21
1014,164,138,24.78005865102639,9
1015,179,155,24.804496578690127,17
1016,165,140,24.82893450635386,12
1017,159,139,24.853372434017594,10
1018,181,150,24.877810361681327,13
1019,167,133,24.902248289345064,20
1020,174,124,24.926686217008797,17
1021,152,128,24.95112414467253,10
1022,154,139,24.975562072336263,15
1023,141,126,25.0,8
